student_id,age,gender,study_hours_per_day,part_time_job,attendance_percentage,sleep_hours,mental_health_rating,extracurricular_participation,previous_gpa,stress_level,dropout_risk,social_activity,screen_time,parental_support_level,motivation_level,exam_anxiety_score,exam_score,access_to_resources,health_status,extra_tuition
100000,26,1,7.65,1,70.3,6.2,6.0,1,4.0,5.8,0,0,10.9,9,7,8,100,,0,1
100001,28,1,5.7,0,88.4,7.2,6.8,0,4.0,5.8,0,5,8.3,7,2,10,99,,1,0
100002,17,1,2.4,0,82.1,9.2,5.7,1,3.79,8.0,0,5,8.0,3,9,6,98,,1,0
100003,27,2,3.4,1,79.3,4.2,8.5,1,4.0,4.6,0,3,11.7,5,3,10,100,,0,0
100004,25,0,4.7,1,62.9,6.5,9.2,0,4.0,5.7,0,2,9.4,9,1,10,98,,3,1
100005,17,0,4.2,0,49.2,9.2,9.2,1,4.0,1.5,0,2,8.9,1,10,5,94,,1,0
100006,19,1,4.1,1,97.9,8.5,5.8,0,4.0,2.5,0,3,9.2,5,7,8,97,,1,1
100007,17,1,4.1,0,44.3,7.4,4.8,1,3.3,5.3,0,3,10.0,9,3,10,84,,0,0
100008,28,0,0.6,1,64.2,7.6,3.5,0,2.61,4.0,0,3,4.8,4,4,10,70,,3,1
100009,19,1,5.2,1,40.1,7.2,5.9,1,3.78,3.3,0,1,8.0,7,9,6,100,,3,0
100010,16,2,0.0,0,44.1,6.9,7.8,1,4.0,3.7,0,3,3.9,2,10,5,100,,2,0
100011,26,2,3.9,0,40.6,8.1,4.0,1,4.0,2.0,0,0,10.8,2,9,6,100,,2,1
100012,19,0,4.7,0,93.4,7.4,5.6,0,4.0,3.8,0,2,12.1,5,10,5,96,,2,0
100013,24,0,7.4,1,73.7,5.9,8.1,0,3.31,5.9,0,2,13.1,1,6,9,83,,2,1
100014,21,1,5.5,1,98.6,8.0,7.3,1,3.21,7.5,0,5,11.1,3,6,9,77,,1,0
100015,17,0,3.53,1,98.0,8.0,10.0,1,3.14,4.7,0,2,5.1,9,6,9,87,,2,1
100016,16,1,5.0,0,40.1,9.7,9.9,0,4.0,5.9,0,0,10.4,4,6,9,100,,2,1
100017,27,0,3.7,0,76.9,8.8,5.8,0,3.6,4.9,0,3,11.0,5,5,10,93,,2,1
100018,26,1,2.6,1,53.5,9.1,9.6,1,3.77,6.2,0,5,7.4,4,8,7,88,,2,0
100019,25,1,3.9,0,53.1,5.4,7.9,0,3.7,2.4,0,3,11.0,1,9,6,92,,3,1
100020,26,2,3.9,0,77.6,6.4,8.1,0,2.65,5.0,0,1,7.5,5,4,10,60,,2,1
100021,22,2,2.0,1,91.4,5.2,6.4,0,3.33,4.9,0,5,6.5,1,6,9,82,,2,1
100022,24,2,5.8,1,95.2,7.8,7.3,0,4.0,6.8,0,1,11.1,7,10,5,100,,3,1
100023,23,1,3.28,0,68.2,6.5,9.3,0,4.0,6.1,0,1,10.9,4,2,10,100,,1,0
100024,16,2,6.1,1,86.7,5.2,1.8,0,3.27,9.5,1,5,10.1,10,1,10,80,,1,1
100025,19,1,4.4,1,40.8,7.7,7.4,0,3.76,6.6,0,5,9.0,7,6,9,89,,2,1
100026,24,2,6.2,0,74.2,4.0,10.0,0,4.0,3.8,0,2,10.6,8,6,9,92,,2,1
100027,20,2,3.6,1,66.9,7.8,8.7,1,3.75,7.1,0,4,11.5,7,4,10,88,,1,1
100028,21,0,4.0,0,51.5,7.7,4.7,0,3.68,5.3,0,2,6.6,10,9,6,95,,2,1
100029,18,0,3.84,0,68.2,5.8,4.5,1,4.0,3.9,0,4,8.1,5,8,7,100,,3,0
100030,26,2,7.61,1,94.5,6.8,5.1,0,4.0,7.8,0,1,13.6,5,10,5,100,,2,0
100031,26,1,4.1,1,57.3,6.8,5.2,1,3.73,4.3,0,4,9.4,4,5,10,93,,2,0
100032,19,2,4.7,1,81.3,7.1,6.6,1,4.0,4.3,0,5,13.4,9,8,7,94,,1,0
100033,21,2,5.1,1,95.0,5.3,5.4,1,3.28,6.9,0,0,10.6,8,2,10,76,,3,0
100034,18,0,5.3,0,79.5,7.5,6.7,0,4.0,3.9,0,1,10.7,4,9,6,100,,2,0
100035,20,2,6.7,0,45.6,6.3,7.8,0,3.59,5.1,0,3,9.6,2,3,10,89,,2,0
100036,23,1,3.4,0,57.0,6.4,8.8,1,3.08,5.9,0,4,10.2,8,3,10,86,,2,1
100037,22,0,7.2,1,69.7,7.9,4.5,0,4.0,3.3,0,3,14.7,6,2,10,100,,1,1
100038,16,2,2.4,1,97.2,9.4,9.8,1,4.0,2.4,0,3,10.7,1,10,5,100,,0,1
100039,17,2,7.4,0,74.0,7.4,3.8,1,4.0,7.9,0,4,10.7,2,10,5,100,,1,0
100040,18,1,6.4,0,78.3,8.9,5.0,0,3.36,8.4,0,4,9.7,5,4,10,80,,0,1
100041,21,2,1.2,1,90.0,6.8,8.1,0,3.75,5.6,0,5,6.3,6,4,10,91,,2,1
100042,28,2,5.9,1,50.5,6.9,7.3,1,4.0,6.0,0,3,10.9,9,9,6,100,,2,0
100043,28,0,4.0,1,45.4,4.4,8.5,0,4.0,5.4,0,2,10.9,2,8,7,96,,1,0
100044,17,2,7.4,1,42.7,8.7,6.1,0,4.0,4.4,0,5,13.9,2,4,10,100,,2,1
100045,27,2,0.5,1,97.0,5.9,8.8,0,3.42,4.9,0,1,5.1,6,9,6,78,,0,1
100046,17,0,8.21,1,59.7,5.2,9.0,1,4.0,4.9,0,0,15.7,5,3,10,99,,2,0
100047,26,1,4.3,0,66.9,7.6,4.8,1,4.0,7.2,0,5,11.6,8,9,6,100,,0,0
100048,24,0,3.1,1,43.9,6.8,8.8,0,3.59,5.2,0,4,8.1,6,7,8,84,,2,0
100049,22,1,0.8,1,79.9,6.1,4.4,0,3.18,4.4,0,5,6.3,8,2,10,84,,2,0
100050,27,0,7.3,0,76.0,8.4,7.0,1,3.52,8.1,1,4,13.2,4,3,10,79,,1,1
100051,21,1,5.3,0,74.0,5.6,6.5,1,3.24,7.3,0,2,8.2,1,2,10,88,,2,1
100052,18,0,4.0,1,64.9,6.5,5.3,1,4.0,6.3,0,2,7.0,6,7,8,98,,2,1
100053,16,1,4.4,1,50.5,6.7,7.4,1,3.13,2.1,0,0,7.3,9,6,9,70,,2,1
100054,21,2,5.8,0,45.3,5.8,9.5,0,4.0,4.0,0,1,14.0,10,7,8,100,,1,0
100055,21,1,7.45,1,85.6,7.0,5.5,0,4.0,7.7,0,4,9.3,8,8,7,98,,1,1
100056,26,2,1.2,0,58.6,7.5,9.6,1,3.09,7.2,0,4,8.3,5,2,10,79,,2,1
100057,28,2,5.0,1,42.3,4.6,9.2,0,3.45,6.4,0,2,12.3,9,10,5,88,,3,0
100058,26,2,4.52,1,44.9,6.2,5.4,0,3.99,5.8,0,5,13.2,7,3,10,96,,2,0
100059,28,0,2.2,0,49.3,6.6,5.5,0,3.68,8.7,0,1,7.4,9,9,6,100,,1,1
100060,18,1,3.3,0,54.0,7.0,3.4,1,4.0,5.4,0,4,8.1,6,10,5,97,,2,1
100061,24,0,2.1,1,57.1,7.9,9.0,0,4.0,4.0,0,2,10.6,9,3,10,100,,0,0
100062,16,0,5.13,0,42.3,5.0,8.6,1,2.98,6.0,0,1,13.5,3,8,7,75,,3,1
100063,18,2,5.1,1,75.8,9.1,9.2,0,3.73,3.6,0,3,10.9,4,3,10,96,,3,1
100064,18,2,4.4,0,87.3,6.0,3.8,1,4.0,6.0,0,1,9.3,6,3,10,99,,2,0
100065,28,2,4.4,1,58.9,6.6,7.3,1,3.52,4.2,0,0,6.5,8,5,10,83,,3,0
100066,26,0,0.0,0,95.5,9.6,8.1,0,2.85,6.4,0,0,3.8,7,2,10,76,,0,1
100067,21,2,2.0,0,56.5,8.6,10.0,0,3.07,7.3,0,4,10.4,7,6,9,79,,1,1
100068,26,0,3.21,1,74.4,5.1,5.5,1,3.28,8.4,0,3,11.1,5,4,10,86,,1,0
100069,24,1,6.0,0,99.8,8.7,6.7,1,4.0,5.3,0,5,10.9,6,2,10,97,,2,0
100070,27,2,4.4,0,88.2,5.1,6.6,1,4.0,4.4,0,4,9.4,2,5,10,96,,2,1
100071,17,1,6.5,0,70.2,8.6,8.7,0,3.65,1.0,0,4,12.3,3,5,10,85,,1,1
100072,20,1,1.7,0,90.6,7.8,8.1,1,4.0,8.9,0,0,6.6,1,10,5,99,,1,1
100073,23,2,2.2,0,52.2,9.3,5.8,0,4.0,4.9,0,0,7.0,6,6,9,100,,3,1
100074,21,1,5.4,0,88.8,5.9,3.5,0,4.0,4.5,0,3,10.3,3,8,7,100,,0,0
100075,16,1,6.2,1,90.8,7.3,5.6,1,3.86,7.9,0,1,14.1,6,7,8,98,,1,1
100076,21,2,3.6,0,73.5,5.6,6.3,0,3.17,4.1,0,5,11.7,10,9,6,77,,1,0
100077,21,0,3.2,1,82.5,7.8,7.1,1,4.0,6.8,0,5,10.9,6,2,10,100,,1,0
100078,27,2,2.82,0,41.9,6.5,8.8,1,4.0,4.0,0,3,9.9,1,8,7,100,,1,0
100079,24,2,2.1,1,80.6,9.2,3.9,1,2.76,4.1,0,2,9.8,8,4,10,70,,2,1
100080,28,0,0.0,0,93.7,7.6,8.7,0,4.0,5.8,0,5,5.9,5,1,10,96,,2,1
100081,20,2,6.5,1,78.3,4.0,6.9,0,4.0,3.6,0,1,9.7,8,2,10,100,,2,1
100082,22,2,1.3,1,94.8,7.9,7.5,0,2.47,1.8,0,4,5.1,7,8,7,53,,2,1
100083,25,1,2.7,0,83.1,8.5,5.0,0,3.82,2.6,0,0,4.8,10,4,10,96,,3,1
100084,22,2,6.95,1,55.7,7.2,5.2,0,4.0,7.5,0,5,10.7,2,8,7,100,,1,1
100085,20,0,0.0,1,85.7,6.8,6.3,1,4.0,4.1,0,0,6.5,9,8,7,100,,0,0
100086,16,2,1.2,1,88.5,8.8,2.9,1,4.0,4.3,0,3,8.6,8,10,5,100,,1,1
100087,20,1,3.2,1,41.9,6.4,7.0,1,4.0,6.6,0,3,9.1,7,6,9,94,,2,1
100088,22,1,3.2,0,67.8,6.9,6.0,1,2.92,6.3,0,5,12.9,7,4,10,75,,0,1
100089,28,1,5.5,1,66.3,6.7,7.1,1,4.0,5.3,0,5,10.7,9,5,10,100,,2,1
100090,21,1,8.5,1,73.4,5.9,2.8,0,3.58,7.1,0,3,17.8,7,9,6,94,,2,1
100091,18,2,6.2,1,55.3,6.9,6.4,0,3.46,4.7,0,5,13.5,6,2,10,83,,2,0
100092,25,2,6.66,1,84.8,8.4,8.8,1,4.0,1.5,0,3,12.4,10,4,10,97,,1,1
100093,23,2,5.7,0,94.9,7.7,8.4,0,4.0,4.9,0,4,14.1,10,4,10,96,,2,1
100094,25,2,1.2,1,85.8,4.8,8.7,1,2.65,6.7,0,4,7.7,3,6,9,73,,3,0
100095,26,1,5.8,1,62.4,8.7,7.6,1,3.15,3.0,0,4,7.1,8,1,10,84,,1,0
100096,27,0,6.1,1,56.0,5.8,10.0,0,4.0,4.5,0,0,10.3,8,10,5,97,,1,1
100097,26,2,2.4,0,74.0,4.4,3.9,0,2.85,6.1,0,0,7.5,1,4,10,72,,0,0
100098,26,0,1.1,1,73.8,7.3,3.5,0,3.69,3.7,0,2,6.5,9,6,9,88,,2,0
100099,16,1,5.6,1,65.9,7.9,6.1,0,3.66,3.2,0,3,13.3,10,5,10,92,,3,1
100100,27,2,5.7,0,65.9,7.4,7.0,0,4.0,4.5,0,2,8.9,2,1,10,100,,0,0
100101,22,1,1.0,0,43.8,8.7,6.0,1,3.73,3.1,0,1,3.4,8,2,10,92,,2,0
100102,23,1,1.1,1,58.0,4.9,5.7,0,3.39,2.9,0,5,6.6,6,3,10,92,,3,1
100103,23,2,5.9,0,97.2,4.8,5.4,0,2.65,5.1,0,2,12.5,5,2,10,71,,2,1
100104,19,0,6.3,0,72.6,7.9,6.0,0,4.0,6.3,0,5,12.1,9,10,5,100,,1,0
100105,26,0,5.5,0,66.7,6.1,7.5,0,3.04,3.2,0,3,11.4,9,3,10,76,,3,0
100106,17,1,4.5,0,59.1,9.8,10.0,0,3.8,5.7,0,4,8.0,6,2,10,89,,0,0
100107,18,0,5.1,0,67.0,7.1,9.0,1,4.0,3.1,0,4,8.6,4,4,10,100,,1,1
100108,18,0,5.6,0,60.9,5.7,10.0,1,3.39,4.5,0,2,12.4,5,10,5,80,,3,0
100109,17,1,3.0,0,73.3,8.8,3.6,0,3.68,6.2,0,1,10.3,6,8,7,94,,1,0
100110,22,2,5.2,0,42.0,6.2,6.1,0,4.0,2.3,0,2,7.2,8,10,5,95,,3,1
100111,28,2,3.7,0,60.9,4.8,5.8,1,4.0,1.0,0,4,8.5,4,4,10,93,,1,1
100112,26,0,3.0,1,74.4,10.4,8.4,1,4.0,5.0,0,5,8.4,2,3,10,100,,3,0
100113,18,2,3.1,1,78.0,5.8,2.8,0,4.0,1.0,0,2,9.6,9,5,10,100,,2,1
100114,25,1,0.0,0,60.3,7.2,9.0,0,2.43,4.9,0,1,6.7,6,1,10,69,,2,1
100115,23,0,7.49,1,43.1,5.8,6.5,1,2.89,5.4,0,1,10.9,2,2,10,65,,2,1
100116,24,2,3.2,1,58.8,8.1,7.0,0,3.79,6.8,0,1,6.3,3,3,10,89,,1,1
100117,23,0,4.8,1,58.9,8.6,8.3,0,4.0,4.8,0,5,11.8,2,4,10,100,,1,1
100118,16,2,8.0,1,78.3,7.6,10.0,0,3.57,10.0,1,5,15.0,6,3,10,93,,2,0
100119,18,0,5.99,1,65.4,4.4,10.0,1,3.58,1.8,0,1,12.0,10,3,10,90,,3,0
100120,28,1,0.0,0,67.2,6.6,9.3,1,2.31,5.5,0,2,4.0,3,2,10,63,,2,1
100121,24,2,4.3,1,56.3,5.9,6.2,0,3.85,5.5,0,4,11.9,2,8,7,92,,3,0
100122,18,0,3.4,1,95.2,9.3,7.0,1,3.45,3.6,0,0,9.6,7,4,10,86,,3,1
100123,25,0,6.78,1,62.1,7.8,9.4,1,4.0,2.0,0,1,13.4,10,4,10,100,,2,0
100124,27,2,1.3,1,90.9,7.9,10.0,0,4.0,4.3,0,0,5.5,9,4,10,98,,3,1
100125,16,1,4.9,0,79.7,8.4,8.0,0,3.8,6.5,0,1,10.4,6,7,8,97,,1,0
100126,17,1,2.0,1,67.8,10.4,6.1,1,2.92,10.0,0,1,9.0,5,10,5,74,,2,1
100127,21,0,7.8,0,88.2,7.0,5.2,0,4.0,3.9,0,5,13.0,4,3,10,97,,2,0
100128,17,2,5.8,1,47.4,8.0,2.1,1,3.33,3.8,0,5,11.7,10,7,8,80,,1,1
100129,22,1,4.4,1,93.0,7.8,4.8,0,4.0,1.0,0,4,9.1,7,3,10,99,,3,0
100130,28,1,2.0,0,43.5,5.9,8.0,0,3.73,5.9,0,2,4.6,10,4,10,93,,0,1
100131,24,2,5.34,0,96.9,9.6,6.3,0,3.58,5.5,0,1,10.9,8,9,6,94,,2,1
100132,25,1,4.6,1,86.5,7.2,6.8,0,3.36,5.9,0,1,9.4,6,7,8,87,,0,1
100133,27,0,2.1,0,83.7,7.6,6.1,1,3.33,3.0,0,0,7.5,10,1,10,75,,2,0
100134,23,1,0.6,1,66.8,8.3,3.4,0,2.71,5.1,0,3,8.9,2,6,9,58,,2,0
100135,27,0,1.3,0,49.8,4.0,6.0,0,3.09,5.1,0,3,9.0,1,6,9,84,,2,1
100136,18,2,6.49,0,64.6,9.4,6.7,0,4.0,5.7,0,3,8.1,5,5,10,99,,2,1
100137,18,1,2.4,0,68.4,5.6,4.5,1,2.87,1.9,0,3,5.0,8,5,10,68,,2,1
100138,21,1,4.2,0,80.1,4.8,10.0,0,4.0,5.6,0,5,8.8,4,9,6,100,,2,0
100139,23,2,6.5,0,47.2,7.8,6.7,1,4.0,5.2,0,3,13.4,4,4,10,100,,1,0
100140,19,2,1.6,0,87.2,9.4,6.0,1,4.0,2.7,0,4,9.8,2,7,8,98,,2,0
100141,28,1,1.3,0,42.3,6.2,4.9,0,1.99,4.4,0,2,2.9,4,1,10,50,,3,1
100142,20,0,0.5,1,66.5,6.7,2.4,1,2.75,7.3,0,5,4.8,8,9,6,72,,2,0
100143,24,0,4.0,1,70.3,9.0,6.8,1,3.5,2.3,0,3,11.9,1,4,10,93,,2,1
100144,25,2,4.6,1,78.8,7.6,3.8,0,4.0,6.3,0,5,12.4,7,9,6,100,,1,0
100145,18,2,8.06,0,75.1,5.7,8.5,0,3.7,5.9,0,2,11.4,10,10,5,87,,1,1
100146,26,0,4.4,0,80.8,7.4,4.5,1,3.9,5.5,0,5,12.8,5,7,8,87,,3,0
100147,19,2,4.9,0,96.8,5.8,2.4,0,4.0,4.6,0,2,6.4,6,4,10,98,,3,1
100148,21,0,5.8,0,92.0,6.5,10.0,1,3.57,2.6,0,4,12.6,1,3,10,84,,1,1
100149,23,1,5.7,1,74.6,6.7,6.4,0,4.0,2.7,0,3,8.2,10,7,8,100,,2,1
100150,16,1,5.1,0,58.7,7.0,6.1,1,4.0,3.9,0,3,10.6,5,3,10,100,,2,1
100151,27,2,3.2,0,53.5,8.7,8.7,1,4.0,2.3,0,0,12.4,1,10,5,100,,2,1
100152,22,2,3.2,1,52.3,5.5,6.6,1,3.11,3.7,0,0,8.2,7,2,10,73,,2,0
100153,24,2,4.4,0,57.7,4.3,8.5,1,4.0,3.0,0,4,8.2,8,6,9,100,,2,0
100154,26,0,4.7,1,92.4,6.5,6.0,1,3.15,1.0,0,1,8.3,6,7,8,94,,3,1
100155,26,2,7.1,0,90.1,7.8,7.2,0,3.15,5.6,0,4,11.5,3,2,10,84,,3,1
100156,23,2,7.0,1,46.8,5.3,10.0,0,4.0,5.6,0,5,15.4,5,6,9,100,,3,1
100157,21,2,2.5,0,40.7,9.1,4.9,1,2.63,8.2,1,2,8.3,8,3,10,60,,2,0
100158,16,2,1.5,0,84.7,5.6,7.1,1,4.0,1.0,0,4,4.5,1,9,6,100,,0,1
100159,19,2,5.0,0,83.0,5.6,8.3,0,4.0,2.9,0,0,12.6,6,6,9,96,,2,1
100160,18,0,6.8,1,46.5,6.9,1.1,0,4.0,10.0,0,0,11.6,8,8,7,100,,2,1
100161,24,2,5.56,0,98.8,7.3,7.4,1,3.25,7.3,0,4,11.6,7,6,9,79,,3,0
100162,27,2,2.8,0,70.2,5.4,6.1,1,4.0,3.4,0,4,9.2,2,6,9,97,,3,0
100163,20,0,4.65,1,81.4,7.4,6.3,0,4.0,3.8,0,4,7.1,6,8,7,97,,2,1
100164,22,1,9.3,1,52.2,5.2,9.0,0,4.0,6.2,0,1,13.1,6,10,5,96,,1,0
100165,20,0,5.6,1,59.8,8.6,10.0,1,3.96,7.1,0,4,9.2,3,6,9,100,,1,0
100166,24,0,6.2,1,61.6,8.1,5.5,1,4.0,6.6,0,3,12.7,8,9,6,100,,2,0
100167,19,2,2.1,1,70.9,10.6,6.8,0,3.12,4.0,0,4,8.7,5,4,10,82,,1,1
100168,24,1,5.0,1,84.8,6.8,6.1,1,4.0,5.0,0,4,13.3,6,1,10,100,,3,0
100169,17,2,2.6,0,85.4,8.6,6.3,0,2.62,5.2,0,3,5.0,9,2,10,68,,2,1
100170,22,0,3.9,0,80.6,4.2,7.3,1,4.0,3.4,0,3,10.6,9,9,6,91,,3,0
100171,24,2,7.84,1,50.9,8.2,7.1,0,3.9,4.6,0,5,11.7,8,9,6,92,,1,1
100172,25,0,0.9,1,81.6,11.5,7.6,1,4.0,7.0,0,5,5.5,6,7,8,93,,1,0
100173,27,2,2.2,0,90.5,7.3,7.7,1,4.0,6.3,0,4,6.3,4,5,10,100,,2,1
100174,26,1,6.0,1,48.0,6.0,10.0,1,4.0,4.8,0,1,10.7,6,9,6,96,,3,1
100175,23,1,4.1,0,63.3,6.3,7.7,0,4.0,3.8,0,2,7.6,6,2,10,96,,1,1
100176,25,2,1.8,0,61.2,6.6,3.0,0,2.63,4.9,0,0,7.7,10,1,10,58,,3,1
100177,24,2,1.0,1,68.9,6.6,9.2,1,3.93,4.2,0,1,6.7,3,7,8,93,,2,0
100178,18,2,6.1,1,96.8,5.6,10.0,1,4.0,3.4,0,1,13.3,8,3,10,97,,3,0
100179,25,2,2.8,1,89.6,7.8,3.3,0,3.11,8.6,0,5,5.5,10,10,5,76,,1,0
100180,18,2,3.3,0,75.3,5.7,6.5,0,3.23,1.0,0,4,11.4,7,3,10,76,,2,1
100181,22,0,2.3,1,55.7,7.5,5.5,1,3.51,3.9,0,4,5.6,10,5,10,81,,1,1
100182,23,1,3.1,0,46.0,6.3,4.3,0,3.98,6.0,0,3,8.4,10,1,10,100,,1,1
100183,25,0,2.93,0,96.7,6.5,8.1,1,2.66,6.9,0,4,8.1,1,4,10,61,,2,1
100184,24,2,0.9,1,64.3,5.6,7.4,1,3.05,1.8,0,2,3.2,2,2,10,65,,1,1
100185,19,2,3.2,0,92.6,6.0,9.5,1,4.0,2.6,0,3,6.7,8,7,8,100,,2,1
100186,26,0,1.4,0,97.3,8.4,6.2,1,2.65,2.8,0,1,6.9,5,4,10,72,,2,1
100187,23,0,3.9,0,90.2,7.1,8.3,1,4.0,6.7,0,2,6.7,2,8,7,96,,1,1
100188,25,0,4.5,0,70.1,4.0,4.5,1,4.0,4.2,0,3,9.0,2,9,6,100,,3,1
100189,25,1,3.4,0,82.0,7.0,7.9,1,4.0,3.3,0,5,6.6,8,3,10,100,,3,1
100190,20,1,6.1,0,87.1,8.1,7.5,1,3.78,4.9,0,2,11.0,1,7,8,100,,3,1
100191,23,2,0.46,0,74.6,4.0,4.9,0,3.71,6.4,0,3,2.8,5,6,9,88,,2,0
100192,17,0,4.6,0,44.7,8.8,4.3,1,4.0,3.6,0,2,11.8,5,5,10,96,,2,0
100193,27,2,5.0,0,50.0,9.2,7.2,1,2.83,7.6,0,4,10.8,9,1,10,73,,1,1
100194,18,1,3.4,0,91.6,6.1,8.0,1,4.0,1.4,0,3,7.6,9,5,10,100,,0,0
100195,26,2,4.1,0,40.0,8.1,5.9,0,3.51,2.5,0,3,7.5,5,8,7,90,,2,1
100196,28,0,5.6,1,53.2,8.6,7.8,0,3.85,7.9,0,0,11.0,10,5,10,93,,2,1
100197,18,1,3.1,0,98.3,5.0,9.2,0,3.25,4.1,0,2,4.5,8,1,10,79,,2,0
100198,22,0,6.7,0,50.9,6.7,1.0,1,4.0,7.9,0,3,10.2,1,2,10,90,,2,0
100199,19,2,1.54,0,55.2,7.4,3.5,1,2.99,8.2,0,1,6.7,1,4,10,83,,1,1
100200,28,0,1.3,0,49.5,5.8,4.1,1,2.76,1.0,0,1,6.8,1,1,10,65,,2,0
100201,21,2,1.7,0,72.6,9.1,9.3,1,4.0,5.5,0,4,4.6,9,6,9,100,,1,0
100202,24,1,5.04,0,86.6,6.5,6.8,0,4.0,2.6,0,2,7.7,9,7,8,100,,2,0
100203,22,2,4.2,1,79.5,7.1,4.3,1,4.0,1.0,0,1,5.6,1,6,9,100,,1,0
100204,26,0,5.32,1,96.7,7.3,10.0,0,4.0,3.8,0,1,12.5,4,9,6,98,,0,0
100205,24,2,1.9,1,79.5,8.2,5.5,0,3.36,1.0,0,5,4.2,6,6,9,75,,3,1
100206,22,2,6.1,1,71.1,6.6,6.4,0,3.92,5.2,0,5,13.0,5,4,10,97,,1,0
100207,20,2,4.9,1,45.5,6.2,5.5,1,4.0,8.0,0,5,10.8,2,6,9,100,,2,0
100208,27,2,6.98,1,84.9,9.2,10.0,0,4.0,2.6,0,1,13.1,7,1,10,98,,3,1
100209,21,2,4.0,1,47.9,7.1,3.3,1,3.92,8.1,0,5,7.8,1,9,6,92,,1,0
100210,18,1,1.6,0,81.1,5.1,4.3,0,3.51,3.4,0,5,4.7,7,7,8,82,,2,1
100211,16,0,5.3,0,46.7,8.2,7.3,1,3.58,4.8,0,0,10.8,5,1,10,88,,1,0
100212,21,1,3.9,1,55.3,7.1,8.2,0,3.4,5.5,0,2,8.7,10,5,10,82,,0,1
100213,26,2,6.4,1,51.2,7.7,8.8,0,3.44,2.6,0,3,14.5,1,1,10,85,,2,1
100214,27,1,10.28,0,96.6,8.6,8.2,0,4.0,2.1,0,5,12.4,6,7,8,100,,2,1
100215,25,2,8.3,0,74.9,4.6,6.8,1,4.0,3.2,0,4,12.5,5,9,6,98,,0,1
100216,18,0,7.17,1,49.1,4.8,5.3,0,4.0,3.3,0,1,14.7,1,10,5,100,,2,0
100217,26,1,3.2,0,41.9,7.4,8.9,1,2.63,5.7,0,3,7.3,7,4,10,63,,0,1
100218,25,0,4.4,0,71.2,4.0,7.5,1,3.9,5.7,0,5,12.2,9,9,6,91,,3,1
100219,16,1,4.8,0,89.8,5.4,8.0,0,4.0,4.8,0,2,14.0,3,10,5,100,,2,1
100220,23,1,2.7,1,46.8,6.7,6.9,0,3.38,8.8,0,3,8.5,9,7,8,91,,0,0
100221,16,1,5.6,1,47.1,5.8,7.9,1,4.0,2.3,0,0,13.7,10,5,10,100,,3,1
100222,25,0,6.4,0,42.9,6.7,8.4,0,3.39,3.8,0,0,11.0,3,1,10,88,,1,0
100223,16,1,4.0,1,89.2,8.8,7.8,0,3.79,10.0,0,4,7.9,5,8,7,90,,1,1
100224,19,2,2.2,1,55.6,8.2,6.9,1,4.0,3.0,0,1,9.4,3,10,5,89,,1,1
100225,25,1,0.5,1,64.8,5.0,9.1,1,3.66,3.0,0,2,6.2,4,1,10,93,,2,1
100226,20,2,1.9,1,95.3,7.5,7.2,1,3.5,7.1,0,3,10.4,3,8,7,92,,0,0
100227,27,1,2.6,0,90.4,7.1,6.2,1,3.93,1.0,0,2,10.3,9,3,10,90,,0,1
100228,27,0,5.4,0,46.7,5.2,6.0,0,3.31,8.8,0,3,11.8,8,9,6,79,,2,0
100229,27,2,3.6,1,81.2,8.1,10.0,1,3.37,6.0,0,2,9.3,8,1,10,79,,3,0
100230,26,1,3.1,1,97.5,8.5,8.0,0,4.0,5.5,0,2,4.8,9,6,9,100,,2,1
100231,25,1,5.5,0,63.5,9.8,4.9,0,4.0,6.9,0,5,9.4,8,10,5,100,,2,1
100232,28,2,2.31,1,94.8,7.8,4.1,1,3.54,2.5,0,3,6.0,8,8,7,91,,3,1
100233,18,0,3.3,1,77.3,4.0,8.9,0,4.0,1.8,0,3,7.8,2,6,9,99,,1,0
100234,25,0,2.1,1,44.2,4.6,5.4,1,3.35,2.5,0,1,8.6,6,8,7,81,,1,1
100235,25,2,3.11,1,95.1,8.0,8.2,0,4.0,5.0,0,2,10.3,10,1,10,96,,3,0
100236,16,0,5.0,1,64.4,6.9,6.8,0,4.0,3.8,0,2,10.7,3,8,7,97,,2,0
100237,22,1,7.2,1,48.2,7.1,6.3,1,4.0,4.7,0,3,13.3,10,7,8,100,,0,1
100238,22,0,4.2,0,74.1,8.0,8.0,1,3.45,3.9,0,0,9.2,8,2,10,92,,2,1
100239,24,2,6.98,0,65.3,7.3,6.3,1,4.0,8.7,1,4,12.3,3,1,10,100,,3,0
100240,20,1,2.8,1,55.1,5.0,7.5,1,3.45,8.3,1,2,6.9,1,2,10,83,,1,0
100241,28,1,9.2,0,86.2,6.8,6.5,1,4.0,6.5,0,0,17.2,3,4,10,99,,1,0
100242,16,1,8.3,0,48.7,4.6,10.0,0,3.35,5.0,0,4,13.0,8,7,8,80,,1,0
100243,26,0,3.9,0,71.2,7.3,8.9,0,3.47,3.0,0,4,9.4,9,1,10,93,,2,1
100244,17,2,6.7,1,97.0,8.2,9.1,0,4.0,6.1,0,5,11.2,10,3,10,100,,2,1
100245,18,0,2.9,1,86.6,8.5,2.3,0,4.0,2.7,0,1,9.4,5,5,10,93,,0,1
100246,25,0,3.3,1,74.3,5.5,6.6,1,3.89,2.5,0,2,6.6,8,3,10,96,,2,0
100247,18,2,1.3,1,97.2,5.6,8.6,0,3.57,9.9,0,3,6.2,10,9,6,94,,2,0
100248,16,2,4.1,0,57.9,9.4,9.0,0,3.37,5.9,0,1,9.2,6,8,7,80,,0,0
100249,16,2,2.5,0,42.2,8.8,6.9,0,4.0,3.3,0,4,12.4,2,4,10,95,,2,0
100250,18,2,2.7,1,40.9,6.2,8.8,1,4.0,5.3,0,0,8.9,8,10,5,95,,2,1
100251,17,0,6.1,1,59.3,7.5,7.4,1,3.33,1.0,0,3,12.8,10,3,10,70,,2,0
100252,18,2,7.1,0,44.8,7.1,5.6,1,3.65,3.8,0,5,13.3,10,5,10,97,,3,1
100253,20,2,5.0,1,65.1,7.3,5.2,1,3.92,2.4,0,5,13.9,9,2,10,100,,1,0
100254,26,1,6.4,1,78.7,7.7,10.0,1,3.6,4.7,0,0,11.3,6,10,5,81,,0,0
100255,24,1,3.5,0,53.8,8.8,8.4,1,3.11,6.2,0,4,7.3,4,7,8,71,,2,0
100256,23,1,2.5,1,47.6,7.7,9.5,0,2.8,6.5,0,2,5.4,3,2,10,74,,2,1
100257,19,0,5.4,1,40.9,7.1,3.9,1,4.0,5.1,0,0,14.5,6,7,8,95,,3,0
100258,22,1,5.7,1,97.0,10.4,9.3,0,3.92,6.2,0,4,10.0,2,1,10,91,,1,1
100259,27,2,5.46,0,71.9,7.3,3.5,1,4.0,4.7,0,2,12.2,10,9,6,95,,1,0
100260,27,1,3.4,1,48.3,7.8,4.8,1,3.65,6.3,0,2,9.2,8,10,5,91,,2,0
100261,24,2,1.7,1,67.1,5.4,8.6,1,4.0,5.0,0,0,8.8,8,2,10,100,,3,1
100262,17,1,1.2,1,68.4,10.4,6.3,0,3.19,8.6,1,2,7.7,4,2,10,79,,2,1
100263,26,2,6.4,0,86.2,4.9,8.7,0,3.03,5.7,0,1,9.3,8,3,10,82,,2,1
100264,27,2,6.6,1,79.9,7.1,3.6,1,3.71,3.1,0,0,10.7,8,9,6,93,,1,1
100265,22,0,1.7,0,88.0,5.2,6.0,1,3.48,3.0,0,3,7.9,2,8,7,85,,2,1
100266,25,1,2.3,1,45.0,7.7,4.8,0,4.0,6.9,0,2,7.7,7,4,10,95,,1,0
100267,22,1,3.6,0,84.5,5.5,10.0,0,4.0,5.7,0,4,12.2,3,7,8,100,,3,1
100268,17,1,4.0,0,82.6,5.3,6.6,0,4.0,4.4,0,2,10.5,3,7,8,98,,1,0
100269,25,0,3.6,1,65.0,9.0,3.8,1,4.0,4.1,0,4,11.0,2,5,10,100,,2,1
100270,22,0,4.4,1,43.2,9.5,9.6,0,4.0,3.8,0,1,9.8,5,5,10,100,,0,1
100271,28,1,2.8,0,48.2,7.1,6.4,0,4.0,2.4,0,4,7.2,6,3,10,93,,3,0
100272,25,2,5.9,0,93.4,6.6,3.1,0,3.36,3.5,0,5,10.2,5,1,10,74,,2,0
100273,18,2,1.0,1,42.6,7.1,7.0,1,2.8,3.8,0,5,2.7,1,8,7,74,,3,1
100274,16,1,8.74,1,70.3,7.7,6.5,1,4.0,7.4,0,4,15.2,9,4,10,100,,0,0
100275,16,2,4.93,0,46.8,8.6,8.1,0,4.0,6.4,0,0,12.6,2,9,6,98,,1,1
100276,17,0,3.7,0,51.3,7.6,6.8,0,3.33,4.8,0,4,9.6,6,3,10,76,,1,0
100277,26,2,4.63,1,52.0,5.1,7.5,0,3.85,9.3,0,5,11.8,4,7,8,95,,2,0
100278,22,0,5.2,0,84.3,6.9,9.5,0,3.18,3.5,0,4,10.5,1,3,10,82,,1,0
100279,17,1,1.6,0,97.2,7.0,7.5,1,3.3,7.0,0,0,8.6,7,8,7,83,,2,0
100280,18,2,3.2,1,68.6,7.2,6.4,0,4.0,6.7,0,2,10.3,7,5,10,100,,1,1
100281,21,1,2.23,1,61.1,9.3,2.0,0,3.63,1.4,0,1,7.8,5,10,5,86,,2,0
100282,16,2,6.2,0,74.4,5.7,7.0,0,3.92,4.0,0,2,8.7,4,6,9,99,,1,1
100283,22,1,3.2,1,75.5,7.9,10.0,0,3.81,5.5,0,2,11.6,8,7,8,100,,2,0
100284,22,2,2.4,1,74.6,6.8,4.1,0,3.83,5.1,0,2,6.9,9,10,5,92,,2,1
100285,23,1,6.8,0,78.8,10.2,4.1,0,3.63,3.5,0,2,13.9,7,4,10,82,,0,1
100286,23,0,3.9,0,97.8,6.8,6.6,1,4.0,5.2,0,5,10.0,2,6,9,100,,3,1
100287,26,1,2.6,1,54.3,6.9,4.3,1,3.07,8.7,0,0,9.6,10,7,8,71,,2,0
100288,18,1,1.0,0,97.8,7.3,9.4,0,4.0,3.4,0,5,4.7,8,6,9,98,,2,1
100289,28,1,5.8,0,63.3,9.0,5.2,0,3.42,2.9,0,1,12.1,5,2,10,84,,2,0
100290,23,2,2.0,1,89.5,7.3,5.9,0,3.68,5.0,0,0,10.9,6,7,8,93,,0,0
100291,28,1,4.5,0,90.8,6.6,5.4,1,4.0,8.2,1,1,8.3,8,3,10,100,,2,1
100292,17,0,8.3,0,51.9,5.4,2.7,0,3.64,5.0,0,2,15.8,7,10,5,87,,2,0
100293,18,2,5.65,0,47.8,8.7,7.9,0,2.96,3.6,0,2,12.3,5,4,10,77,,1,0
100294,19,2,0.0,0,82.5,7.1,4.3,0,3.52,5.4,0,2,6.9,2,9,6,90,,3,1
100295,25,2,7.0,1,55.6,8.7,6.6,0,3.33,1.0,0,0,11.4,3,2,10,82,,1,0
100296,21,1,5.3,0,93.6,4.8,6.0,0,3.55,3.6,0,0,14.1,9,8,7,87,,1,1
100297,23,0,0.0,0,47.4,5.7,5.6,1,3.67,5.0,0,0,4.8,3,9,6,97,,2,1
100298,24,2,5.5,1,75.4,6.7,8.5,1,3.83,5.2,0,2,11.0,1,2,10,98,,2,1
100299,25,2,9.7,1,59.4,7.5,5.6,0,3.69,3.7,0,3,15.4,10,7,8,92,,0,1
100300,17,1,4.0,0,94.2,6.7,8.9,0,4.0,7.6,0,3,7.5,2,6,9,93,,2,0
100301,20,2,5.1,1,78.9,9.6,8.3,0,4.0,3.1,0,3,9.6,9,2,10,100,,1,1
100302,20,1,4.8,1,67.9,9.0,7.4,0,3.44,4.9,0,5,6.2,5,10,5,87,,2,1
100303,23,1,3.2,1,60.5,6.8,8.4,1,4.0,4.1,0,0,9.4,3,2,10,100,,2,0
100304,22,2,3.71,0,77.1,5.4,7.4,1,3.23,3.2,0,0,11.5,7,5,10,76,,3,1
100305,27,1,7.24,0,41.3,10.4,8.9,1,3.96,5.7,0,4,11.0,8,8,7,91,,1,1
100306,22,1,3.8,1,70.8,4.8,7.4,0,4.0,1.6,0,2,8.8,1,9,6,93,,3,1
100307,26,0,2.9,0,75.3,7.0,6.0,0,3.89,7.1,0,5,9.3,8,3,10,98,,2,1
100308,26,2,4.0,1,87.6,5.0,3.4,1,4.0,4.0,0,2,6.6,4,4,10,93,,3,0
100309,26,1,3.3,1,86.2,8.7,7.6,0,4.0,6.8,0,3,6.1,3,9,6,98,,3,1
100310,28,0,2.61,1,84.0,6.9,4.0,1,4.0,5.5,0,0,5.5,3,2,10,93,,2,1
100311,19,0,3.6,1,87.2,5.1,4.1,1,4.0,2.6,0,3,9.2,7,8,7,95,,1,0
100312,18,1,5.2,1,94.2,8.4,7.5,0,4.0,4.9,0,2,9.8,7,7,8,100,,2,1
100313,21,1,2.0,0,86.5,5.6,5.2,0,3.15,5.5,0,4,7.2,9,6,9,74,,1,0
100314,24,0,2.8,1,83.9,6.7,9.1,1,3.36,6.5,0,5,11.6,9,6,9,82,,0,0
100315,16,0,2.2,1,46.3,4.0,7.3,0,2.39,1.6,0,0,6.5,8,2,10,52,,3,0
100316,22,1,1.4,0,78.2,7.1,6.6,1,3.8,5.6,0,1,6.1,7,3,10,94,,1,0
100317,27,2,3.9,1,46.6,9.5,8.8,0,3.17,2.6,0,3,10.7,9,3,10,67,,1,1
100318,16,1,5.3,1,65.1,8.3,6.8,0,4.0,2.9,0,4,7.6,6,7,8,100,,2,0
100319,26,0,2.9,1,84.2,8.3,8.5,0,4.0,8.1,0,0,6.8,1,10,5,96,,3,1
100320,19,2,2.7,1,45.1,9.3,6.6,0,3.61,7.2,0,3,9.0,10,1,10,85,,3,0
100321,16,2,2.4,0,80.7,4.4,4.5,1,2.79,5.6,0,2,6.7,1,1,10,69,,2,0
100322,20,0,3.05,1,69.1,7.4,7.9,1,4.0,2.9,0,5,6.8,5,9,6,100,,0,1
100323,28,1,0.0,0,42.5,6.6,4.8,1,3.35,6.7,0,5,6.9,3,1,10,94,,2,1
100324,22,0,3.3,0,92.7,5.4,7.9,1,3.18,3.6,0,2,8.2,6,5,10,79,,2,1
100325,21,1,0.0,1,85.7,4.0,10.0,1,4.0,4.0,0,2,6.9,1,8,7,100,,1,1
100326,22,1,2.7,1,51.5,7.1,4.3,0,2.65,7.8,0,5,5.7,4,4,10,67,,3,0
100327,27,2,1.9,1,43.9,5.4,5.3,0,3.42,3.7,0,5,8.4,5,10,5,83,,0,1
100328,16,2,2.7,0,56.4,6.8,9.3,1,3.64,2.4,0,3,10.0,6,9,6,84,,1,1
100329,24,0,6.6,0,95.0,5.5,6.2,1,3.7,5.0,0,5,13.9,2,2,10,86,,0,1
100330,21,0,5.1,0,85.8,8.4,9.3,1,4.0,6.6,0,5,7.8,2,1,10,95,,3,1
100331,17,1,5.05,1,54.0,9.4,5.2,0,3.62,6.9,0,5,12.1,8,7,8,91,,0,1
100332,28,1,3.4,1,61.3,9.4,6.8,1,3.16,6.5,0,4,9.2,3,4,10,78,,2,1
100333,22,2,3.3,0,43.4,5.7,4.5,1,4.0,1.9,0,2,6.3,7,6,9,100,,3,1
100334,19,2,3.6,0,78.3,6.7,7.5,0,2.44,7.4,0,1,12.6,4,4,10,63,,1,0
100335,16,0,4.79,0,57.0,9.5,3.6,1,3.47,6.1,0,1,8.8,3,6,9,90,,1,0
100336,20,1,4.81,0,92.7,7.2,8.3,1,3.71,4.3,0,5,13.9,4,4,10,96,,1,1
100337,19,1,7.4,0,52.6,6.6,5.0,1,3.85,4.6,0,3,17.1,10,2,10,99,,2,1
100338,18,0,1.5,0,67.1,4.4,3.0,0,3.22,5.4,0,1,8.5,7,7,8,77,,2,0
100339,28,1,2.2,0,59.0,6.3,10.0,1,3.08,4.1,0,4,6.9,4,5,10,77,,2,1
100340,24,2,4.5,0,84.7,8.9,5.5,1,2.95,4.7,0,2,7.0,10,3,10,74,,1,1
100341,20,0,4.5,1,83.4,8.4,7.1,0,4.0,5.0,0,4,7.6,4,7,8,100,,2,0
100342,16,0,4.9,0,59.6,5.0,6.8,1,4.0,5.2,0,1,10.5,3,6,9,96,,3,0
100343,22,1,2.0,1,41.9,6.6,6.7,0,2.6,10.0,0,2,7.1,3,4,10,63,,3,0
100344,26,2,2.89,1,63.3,7.5,5.1,0,3.95,2.1,0,2,9.1,4,5,10,100,,2,0
100345,25,1,0.5,0,67.6,5.8,4.6,1,3.51,6.1,0,1,5.2,8,6,9,91,,3,1
100346,22,1,2.2,0,93.0,8.6,3.4,0,4.0,5.5,0,0,9.6,4,8,7,98,,3,1
100347,28,1,4.2,0,62.9,7.7,9.4,0,4.0,4.4,0,3,8.3,1,1,10,100,,2,0
100348,23,0,6.27,1,50.1,6.3,10.0,0,4.0,2.4,0,5,7.4,5,3,10,91,,1,0
100349,24,1,4.2,1,94.5,6.2,4.3,0,3.06,2.3,0,0,13.1,1,1,10,77,,3,1
100350,28,2,2.8,1,47.2,6.2,10.0,0,3.01,5.7,0,3,10.4,3,1,10,82,,3,1
100351,19,1,1.1,0,55.1,4.9,6.2,1,1.97,8.7,1,0,9.0,7,3,10,54,,0,0
100352,25,2,0.8,1,43.6,5.5,5.5,1,4.0,6.0,0,4,6.8,3,7,8,93,,3,1
100353,23,2,4.5,0,60.6,7.6,7.5,0,3.13,6.4,0,5,12.1,4,4,10,73,,1,0
100354,16,1,4.9,1,65.6,6.5,6.5,1,3.28,7.4,0,4,11.2,4,4,10,84,,1,1
100355,23,2,2.4,0,89.2,5.7,7.5,1,3.01,5.6,0,1,7.8,7,2,10,79,,1,1
100356,20,0,3.4,0,40.3,6.3,9.0,0,3.19,9.2,0,5,6.3,7,7,8,79,,1,1
100357,25,1,4.4,1,78.1,6.1,6.7,0,3.22,4.6,0,2,12.0,7,7,8,68,,2,1
100358,26,2,4.9,1,86.3,8.0,7.7,0,2.91,4.8,0,3,10.8,10,2,10,76,,2,1
100359,20,2,1.7,0,81.9,8.5,8.6,0,3.74,6.8,0,5,5.5,1,2,10,87,,2,1
100360,22,1,6.0,1,85.0,7.4,10.0,1,4.0,6.6,0,1,12.0,7,8,7,100,,2,0
100361,17,0,6.39,1,79.9,8.4,5.9,0,4.0,4.6,0,3,10.7,4,9,6,100,,2,1
100362,28,0,5.9,0,92.4,4.9,5.8,0,4.0,3.8,0,1,10.8,7,3,10,89,,0,0
100363,21,0,7.5,0,80.7,7.4,7.5,1,4.0,5.5,0,2,9.1,10,2,10,98,,3,0
100364,25,1,3.1,1,97.3,7.2,7.8,1,3.61,4.7,0,5,9.6,4,4,10,97,,2,0
100365,16,1,0.0,0,45.4,7.6,6.5,1,3.48,4.4,0,4,2.2,10,2,10,89,,2,1
100366,22,1,6.8,1,47.6,8.3,10.0,0,4.0,3.4,0,3,14.7,1,5,10,100,,2,1
100367,21,0,1.8,1,80.8,6.6,6.6,1,3.41,7.1,0,5,8.0,1,10,5,84,,3,1
100368,25,0,5.8,0,82.0,8.3,10.0,0,3.9,6.7,0,2,12.2,7,5,10,97,,0,1
100369,22,2,3.8,0,47.9,7.8,7.7,0,3.93,5.4,0,3,12.3,5,8,7,94,,0,1
100370,20,1,4.6,1,80.8,7.7,8.2,1,4.0,6.4,0,5,12.7,6,8,7,98,,3,0
100371,21,2,4.1,0,86.6,7.3,10.0,1,2.99,2.8,0,0,12.6,7,5,10,80,,2,1
100372,17,1,3.9,1,57.9,7.5,10.0,0,3.75,7.1,0,4,8.0,9,3,10,85,,1,0
100373,28,2,6.0,1,47.7,4.3,9.5,1,4.0,3.3,0,4,8.4,9,5,10,94,,2,0
100374,20,0,8.6,0,74.6,9.6,4.6,1,4.0,5.6,0,1,15.4,10,9,6,100,,2,1
100375,18,0,3.7,1,64.0,6.0,7.7,0,4.0,2.4,0,5,8.7,7,3,10,95,,2,1
100376,26,1,6.1,1,71.9,6.3,6.1,0,2.67,7.6,0,1,8.8,6,2,10,66,,2,1
100377,20,1,6.31,1,73.1,7.1,6.6,0,4.0,5.6,0,1,13.5,6,7,8,100,,3,1
100378,20,1,3.9,1,80.7,5.2,7.7,1,3.25,3.6,0,3,12.8,8,6,9,80,,3,1
100379,24,2,5.6,1,45.1,5.3,5.9,0,4.0,3.8,0,5,7.2,7,9,6,94,,3,1
100380,26,2,6.1,0,76.4,8.0,6.1,1,4.0,1.0,0,3,12.2,3,2,10,100,,2,0
100381,23,0,6.3,1,84.3,8.4,4.3,0,3.01,4.0,0,0,10.2,9,1,10,67,,1,1
100382,25,0,5.0,0,71.7,7.1,9.1,1,3.49,1.8,0,2,8.2,8,1,10,85,,2,1
100383,20,0,4.6,0,46.6,9.3,9.2,1,4.0,1.9,0,5,8.8,7,6,9,97,,2,0
100384,20,1,0.0,0,87.6,7.3,4.9,1,3.84,4.2,0,5,6.0,1,4,10,96,,1,0
100385,16,0,4.0,0,99.7,7.3,7.2,0,3.16,4.1,0,4,9.1,8,2,10,82,,2,1
100386,26,2,3.8,1,62.8,5.9,8.0,1,3.91,5.6,0,2,5.0,6,7,8,100,,2,1
100387,17,0,5.0,0,68.3,6.4,9.3,0,3.26,4.7,0,0,8.2,3,5,10,80,,3,0
100388,26,1,4.4,0,45.2,5.8,3.0,0,4.0,7.5,0,0,9.3,1,10,5,94,,1,0
100389,17,2,3.9,0,93.7,9.0,7.1,0,3.66,3.6,0,2,7.6,2,8,7,90,,2,1
100390,27,1,2.4,1,73.7,5.1,8.9,1,3.57,4.7,0,0,9.5,4,3,10,80,,2,0
100391,28,2,3.9,0,96.5,6.9,7.2,1,2.52,5.5,0,2,7.7,1,4,10,66,,1,1
100392,26,2,5.3,1,53.2,6.9,3.2,0,4.0,7.5,0,5,12.7,1,9,6,98,,1,1
100393,22,2,4.8,0,62.1,8.5,6.3,1,4.0,5.5,0,5,11.6,3,8,7,100,,0,0
100394,18,2,3.5,0,46.0,6.2,8.2,1,4.0,3.9,0,5,6.8,2,7,8,97,,1,1
100395,16,1,4.9,0,48.4,8.9,6.3,1,4.0,4.8,0,2,11.4,5,6,9,99,,0,0
100396,26,2,0.84,1,61.2,6.2,9.2,1,2.8,5.5,0,2,6.4,2,8,7,69,,3,1
100397,21,1,3.0,1,93.6,5.4,6.5,0,4.0,3.4,0,5,9.5,6,2,10,98,,1,0
100398,28,1,2.08,1,48.7,7.3,8.1,0,4.0,4.0,0,3,7.5,7,6,9,100,,3,1
100399,25,2,1.5,1,71.6,6.7,5.1,0,3.08,6.1,0,3,8.3,2,4,10,77,,3,1
100400,18,1,7.87,0,84.8,6.9,6.0,1,4.0,4.5,0,4,15.1,1,7,8,100,,2,0
100401,18,1,7.8,1,84.9,8.0,6.1,1,3.58,6.5,0,0,13.9,7,6,9,90,,0,1
100402,26,1,2.3,1,82.6,5.5,4.7,1,3.68,3.1,0,0,10.2,2,9,6,83,,2,0
100403,19,0,1.6,0,56.2,8.7,3.0,0,2.55,2.4,0,4,6.9,6,1,10,56,,1,0
100404,16,0,6.6,1,45.6,5.6,4.6,1,4.0,1.0,0,5,12.7,7,9,6,99,,1,0
100405,26,1,4.6,1,44.7,11.4,7.3,1,3.95,6.6,0,1,9.3,3,3,10,93,,2,0
100406,21,0,6.7,1,88.3,6.9,6.5,0,4.0,3.1,0,1,15.8,2,8,7,100,,1,0
100407,17,0,3.5,0,79.0,7.7,2.8,1,3.37,2.9,0,4,13.8,8,1,10,79,,2,1
100408,26,1,2.1,0,84.5,7.3,8.1,0,4.0,3.7,0,1,10.6,3,2,10,100,,2,1
100409,22,0,0.4,0,86.1,6.3,9.8,0,3.76,4.4,0,3,1.8,6,6,9,92,,3,1
100410,17,0,4.6,1,87.4,6.6,4.9,0,3.26,2.7,0,1,12.7,4,1,10,88,,0,1
100411,17,1,2.71,0,60.5,8.7,3.4,1,4.0,5.2,0,3,8.0,6,7,8,100,,1,0
100412,21,2,2.6,1,40.9,5.1,8.0,1,3.66,1.0,0,0,10.0,6,2,10,85,,2,1
100413,23,1,6.1,1,52.6,9.4,5.5,1,4.0,3.8,0,5,10.3,6,6,9,99,,3,1
100414,23,0,6.0,0,62.9,5.9,3.4,0,4.0,7.4,0,0,10.4,5,10,5,98,,3,0
100415,17,2,2.03,1,73.1,6.6,6.2,0,4.0,8.3,0,1,5.6,6,8,7,100,,2,1
100416,24,0,5.7,0,60.1,4.3,8.7,0,4.0,4.4,0,4,7.1,9,7,8,97,,2,1
100417,22,1,4.8,1,90.6,9.1,8.7,0,3.95,5.6,0,5,9.1,3,6,9,100,,2,0
100418,28,2,3.4,1,57.8,4.2,6.2,0,4.0,5.5,0,5,10.1,7,5,10,86,,1,0
100419,16,2,5.0,1,63.4,8.7,4.5,0,4.0,9.0,0,3,7.9,2,8,7,100,,2,1
100420,21,2,2.5,1,69.0,10.8,6.0,0,4.0,4.4,0,4,8.0,3,9,6,94,,2,1
100421,16,2,5.1,1,68.9,6.1,9.9,0,3.82,5.9,0,3,8.6,9,5,10,96,,1,1
100422,19,0,4.7,0,93.0,6.0,3.1,0,3.74,6.9,0,2,7.7,10,2,10,87,,3,1
100423,26,1,0.7,1,50.8,7.4,6.4,0,2.09,5.4,0,2,8.4,4,2,10,46,,3,1
100424,17,1,5.2,0,46.2,6.0,7.0,1,3.69,5.1,0,2,10.7,2,10,5,82,,0,1
100425,19,1,6.7,0,78.6,5.3,9.6,1,4.0,1.6,0,4,10.6,5,3,10,100,,3,1
100426,16,0,3.7,1,69.6,7.9,5.8,0,4.0,5.8,0,0,10.2,8,8,7,96,,1,1
100427,16,1,4.39,1,96.0,4.0,9.6,1,3.09,3.2,0,4,12.8,2,1,10,74,,1,1
100428,28,0,3.5,1,80.1,6.7,3.8,0,3.25,6.4,0,2,11.6,8,8,7,84,,3,1
100429,28,0,8.7,0,51.3,8.0,5.3,1,4.0,1.7,0,4,9.5,9,9,6,100,,2,1
100430,17,1,4.6,0,48.8,5.4,7.0,0,4.0,6.0,0,3,8.3,1,8,7,100,,3,1
100431,21,0,3.13,0,83.9,8.5,6.2,0,3.89,4.3,0,0,6.9,7,3,10,100,,1,1
100432,26,1,6.1,1,63.5,6.2,10.0,1,4.0,4.7,0,2,10.0,4,3,10,96,,3,0
100433,27,1,4.39,0,65.7,4.2,5.0,0,3.64,3.0,0,1,9.5,3,1,10,93,,3,0
100434,23,1,5.4,0,79.8,6.6,5.9,1,3.24,4.5,0,5,9.8,6,5,10,79,,2,1
100435,24,2,5.9,1,61.6,6.1,10.0,0,4.0,4.7,0,4,9.8,2,5,10,100,,2,0
100436,18,0,3.8,0,87.7,6.0,10.0,0,3.82,5.0,0,4,9.0,2,1,10,97,,3,1
100437,20,2,4.1,0,69.3,9.2,7.3,0,3.92,1.5,0,4,6.6,1,1,10,97,,2,0
100438,26,2,3.3,0,65.4,6.5,2.4,1,4.0,7.2,0,2,7.0,5,10,5,99,,2,0
100439,28,2,4.5,0,62.6,9.1,7.7,1,3.74,5.4,0,3,10.6,3,9,6,98,,2,1
100440,23,0,4.1,1,77.3,6.0,5.8,1,4.0,3.2,0,4,7.6,7,3,10,93,,1,1
100441,23,1,6.38,0,82.1,5.7,8.3,1,3.93,3.9,0,5,9.8,8,3,10,100,,3,1
100442,16,0,3.2,1,63.4,6.8,6.6,1,4.0,3.5,0,5,5.4,8,3,10,98,,0,0
100443,23,2,6.1,0,68.6,8.3,6.6,1,4.0,6.4,0,0,10.7,8,6,9,100,,2,0
100444,23,0,3.7,1,42.6,9.3,9.4,0,3.8,5.9,0,4,9.6,8,5,10,95,,2,1
100445,19,0,2.6,1,95.4,5.1,3.4,1,3.24,7.0,0,2,8.6,8,10,5,76,,2,0
100446,25,2,4.5,1,98.9,8.9,8.4,1,3.27,3.4,0,2,9.7,3,7,8,84,,1,1
100447,17,1,2.7,0,51.7,5.6,5.1,0,2.71,5.1,0,0,9.7,4,3,10,75,,2,0
100448,26,2,5.76,1,51.4,6.3,6.5,1,4.0,4.7,0,3,12.1,6,6,9,94,,3,0
100449,22,2,5.1,1,95.3,8.5,7.9,1,4.0,5.0,0,4,9.8,3,5,10,100,,2,0
100450,24,0,5.8,1,52.3,9.3,4.5,0,3.61,3.8,0,0,9.9,1,4,10,91,,1,0
100451,22,2,4.5,0,86.9,8.3,9.1,1,3.96,4.8,0,5,10.5,1,1,10,99,,2,0
100452,16,2,3.2,0,61.1,6.8,4.8,0,4.0,6.2,0,4,5.5,4,2,10,94,,2,1
100453,25,1,3.31,1,76.4,8.4,10.0,1,3.79,2.2,0,5,11.9,2,2,10,96,,2,0
100454,21,1,5.4,0,82.3,6.3,5.2,0,3.63,3.3,0,4,9.2,4,3,10,88,,1,1
100455,19,1,4.4,1,58.0,6.7,10.0,1,3.61,7.2,0,1,8.3,10,7,8,78,,0,1
100456,19,0,4.4,1,88.6,9.0,8.6,0,4.0,4.8,0,5,12.7,10,7,8,88,,2,1
100457,26,0,0.0,0,45.1,7.3,6.4,0,3.61,6.0,0,5,5.4,6,10,5,93,,2,1
100458,20,2,5.2,1,68.8,8.1,8.4,0,4.0,5.7,0,3,5.4,1,10,5,96,,2,1
100459,18,0,5.8,0,81.1,8.4,10.0,1,4.0,4.3,0,0,11.3,1,9,6,100,,1,0
100460,26,0,3.0,1,44.3,6.4,10.0,0,4.0,5.8,0,5,5.3,1,6,9,100,,1,1
100461,21,0,8.0,1,96.4,8.2,5.6,0,4.0,6.5,0,1,12.1,3,7,8,95,,2,0
100462,25,2,1.9,1,59.7,7.3,7.3,1,3.54,4.8,0,3,7.1,8,6,9,88,,2,1
100463,21,1,4.3,0,86.6,4.0,8.3,0,3.46,5.7,0,0,14.2,3,10,5,83,,1,0
100464,22,0,5.0,0,47.6,7.5,10.0,1,4.0,2.4,0,2,10.4,3,2,10,100,,0,1
100465,18,0,1.7,0,97.0,6.6,7.6,1,3.73,8.4,0,4,8.4,7,5,10,89,,1,0
100466,24,1,1.8,0,69.6,7.4,5.8,0,3.49,2.7,0,2,8.7,10,9,6,90,,2,1
100467,28,1,5.3,1,66.3,7.5,6.4,0,2.55,7.2,0,4,8.3,10,2,10,61,,2,1
100468,24,1,4.35,1,57.7,5.8,4.8,1,4.0,7.5,0,0,8.5,7,8,7,100,,1,1
100469,21,1,2.9,1,93.5,7.3,4.5,0,4.0,6.0,0,5,9.4,9,6,9,100,,2,1
100470,16,1,6.1,1,97.0,5.4,8.6,1,4.0,3.6,0,0,11.3,7,2,10,100,,0,1
100471,22,2,3.3,1,69.4,9.2,7.9,0,4.0,4.9,0,2,6.3,9,8,7,97,,0,1
100472,22,0,6.8,0,90.4,4.8,8.3,1,4.0,5.3,0,3,10.4,4,1,10,98,,3,1
100473,16,2,2.6,0,58.5,5.9,9.1,0,2.61,6.0,0,4,5.2,9,4,10,67,,2,1
100474,16,2,5.31,1,91.6,5.0,5.2,0,2.96,6.1,0,0,13.6,6,7,8,75,,2,0
100475,28,2,4.77,0,79.3,6.1,6.5,1,2.73,5.2,0,4,7.3,2,2,10,72,,1,1
100476,25,1,4.37,1,62.6,7.4,5.3,0,3.44,7.9,0,3,7.8,9,5,10,86,,1,1
100477,27,0,4.3,0,88.6,4.9,2.3,1,2.54,9.3,0,3,7.7,3,4,10,58,,2,1
100478,25,0,3.3,1,92.3,6.4,7.1,0,3.89,5.4,0,3,6.5,8,9,6,100,,2,1
100479,24,2,4.2,1,42.3,5.8,5.3,0,3.77,5.7,0,2,7.7,9,8,7,95,,2,1
100480,17,0,3.2,0,68.3,8.1,10.0,0,3.35,3.7,0,1,11.7,3,3,10,91,,2,1
100481,18,0,6.39,0,60.7,8.2,7.5,1,4.0,1.0,0,3,12.0,5,7,8,100,,1,1
100482,20,2,4.3,1,59.8,8.1,5.8,1,3.71,4.9,0,1,8.6,5,10,5,96,,2,1
100483,19,1,2.1,1,59.6,6.5,10.0,1,3.37,4.2,0,4,5.3,9,7,8,94,,3,0
100484,21,2,3.09,1,50.7,7.2,7.7,0,3.81,4.0,0,1,9.6,6,7,8,93,,2,1
100485,27,1,3.7,0,42.0,4.5,8.4,1,4.0,5.8,0,3,8.3,1,5,10,100,,1,0
100486,25,2,2.1,1,45.0,6.7,9.9,0,4.0,5.3,0,1,8.9,8,1,10,100,,2,0
100487,26,2,3.7,0,43.9,8.5,3.2,0,4.0,3.8,0,5,7.3,5,2,10,95,,2,0
100488,24,0,2.6,0,95.1,5.2,3.9,0,4.0,2.6,0,1,9.3,6,10,5,100,,1,0
100489,26,0,4.0,1,73.9,8.7,6.0,0,3.1,3.4,0,3,7.5,4,3,10,75,,2,0
100490,21,2,2.1,0,52.4,5.6,5.2,1,2.84,6.1,0,2,6.7,5,2,10,75,,3,0
100491,16,1,2.9,0,77.8,7.8,5.5,1,4.0,8.0,0,2,10.4,7,8,7,100,,1,1
100492,18,0,2.1,1,76.1,5.9,6.9,0,3.23,5.3,0,2,7.9,1,4,10,78,,0,0
100493,25,0,8.7,1,79.8,5.5,5.8,1,3.3,1.7,0,0,15.1,5,3,10,80,,2,0
100494,26,1,4.1,0,40.3,6.0,8.0,0,4.0,1.5,0,5,7.0,9,7,8,100,,0,1
100495,19,1,7.0,0,60.8,8.5,4.4,1,4.0,7.4,0,4,13.2,4,10,5,94,,1,1
100496,16,2,4.5,1,49.0,9.7,5.9,1,4.0,6.2,0,0,9.4,5,7,8,100,,0,1
100497,21,2,5.6,0,65.3,4.5,4.7,1,4.0,6.0,0,5,10.3,2,10,5,100,,1,1
100498,21,2,4.2,1,66.1,4.9,4.0,0,3.44,5.1,0,2,12.2,8,8,7,86,,3,1
100499,26,0,6.94,1,54.9,7.6,2.0,0,4.0,10.0,0,5,11.4,3,8,7,100,,2,1
100500,25,1,6.7,1,60.3,7.9,6.2,1,4.0,5.8,0,3,13.7,7,1,10,100,,1,1
100501,17,1,2.8,0,56.6,5.4,5.6,1,2.45,7.0,0,3,10.0,3,5,10,60,,3,1
100502,26,1,4.5,0,75.3,6.5,6.6,0,4.0,2.3,0,2,9.5,7,8,7,100,,2,1
100503,23,1,1.6,1,45.0,5.6,8.1,1,2.43,3.3,0,4,5.8,5,5,10,65,,2,0
100504,25,1,1.8,0,45.8,6.6,10.0,0,3.14,3.0,0,1,7.0,5,3,10,77,,0,0
100505,22,2,2.1,0,49.4,8.7,3.2,1,4.0,6.6,0,0,9.3,1,9,6,99,,2,1
100506,22,2,5.4,0,96.7,8.2,3.7,0,4.0,1.3,0,5,10.6,10,8,7,100,,1,1
100507,22,2,4.9,1,43.9,7.8,5.6,0,4.0,7.3,0,3,13.9,8,4,10,98,,1,0
100508,24,2,4.73,1,44.2,8.1,6.1,1,3.62,4.4,0,5,13.6,9,2,10,90,,1,1
100509,16,0,4.2,0,83.3,7.5,8.4,0,4.0,2.0,0,0,12.6,4,8,7,98,,0,0
100510,23,2,0.7,0,48.9,4.0,9.5,0,3.05,5.2,0,2,7.7,10,6,9,79,,2,1
100511,23,2,3.5,1,48.9,8.1,5.3,1,4.0,6.3,0,5,7.2,9,9,6,100,,1,1
100512,18,2,5.2,0,60.5,6.0,9.0,0,3.96,4.1,0,3,9.7,5,10,5,100,,2,1
100513,25,2,1.51,1,98.2,7.1,7.0,0,2.95,4.8,0,5,8.4,4,4,10,65,,0,1
100514,23,1,5.8,0,67.9,5.5,3.4,1,3.84,5.6,0,0,9.1,2,4,10,94,,2,1
100515,24,2,3.6,0,99.5,6.5,9.9,1,3.7,4.8,0,5,10.5,5,8,7,87,,1,1
100516,20,0,0.0,0,69.7,4.0,5.8,0,3.3,3.7,0,4,7.3,5,2,10,88,,2,1
100517,18,1,5.38,1,49.4,7.5,4.0,0,3.94,7.6,0,3,12.1,10,3,10,93,,0,1
100518,28,2,5.1,0,73.8,8.4,5.3,0,4.0,8.5,0,0,10.8,1,7,8,100,,1,0
100519,27,1,2.2,0,91.4,4.5,6.7,0,4.0,1.5,0,0,9.6,6,8,7,100,,1,0
100520,28,2,6.3,1,68.3,6.7,8.4,0,3.82,5.5,0,4,11.0,7,3,10,100,,2,1
100521,17,0,4.1,0,94.3,7.5,5.7,0,3.37,3.6,0,5,11.4,6,8,7,82,,1,0
100522,20,0,2.2,1,41.0,4.9,8.0,1,4.0,5.4,0,5,6.3,6,9,6,100,,2,1
100523,17,2,3.77,1,79.0,4.7,1.4,1,3.46,6.5,0,2,11.4,8,9,6,84,,1,1
100524,16,2,6.3,1,86.2,8.0,3.1,1,3.5,3.8,0,0,13.4,10,3,10,95,,3,1
100525,16,2,7.2,1,54.0,5.7,7.9,0,4.0,4.3,0,5,11.6,3,8,7,92,,2,1
100526,27,1,4.5,0,49.8,7.3,8.6,0,2.86,4.1,0,0,9.4,10,6,9,76,,1,0
100527,28,2,7.6,0,90.2,6.2,8.4,1,4.0,4.7,0,2,13.7,2,7,8,100,,0,1
100528,16,1,2.9,1,62.3,8.2,5.7,1,3.47,4.7,0,0,8.1,3,3,10,79,,1,0
100529,28,1,2.42,1,42.1,7.4,8.1,0,3.13,4.8,0,0,2.7,9,7,8,85,,3,1
100530,21,1,8.94,1,68.6,5.1,7.7,1,4.0,1.0,0,5,13.3,6,9,6,99,,1,1
100531,25,1,4.8,1,55.0,8.1,5.7,1,4.0,4.0,0,1,10.5,8,10,5,100,,2,0
100532,21,0,4.3,1,59.4,6.5,7.5,0,4.0,2.2,0,4,11.3,4,10,5,100,,2,1
100533,23,1,1.8,0,85.8,8.1,9.0,0,4.0,1.1,0,0,7.7,1,9,6,100,,3,0
100534,24,2,0.0,0,48.5,8.2,6.8,0,4.0,2.3,0,2,9.1,6,9,6,96,,3,1
100535,24,1,5.4,0,72.4,6.3,5.7,1,3.23,8.3,1,4,13.4,5,1,10,87,,3,0
100536,22,0,4.0,1,43.6,7.9,10.0,0,3.54,5.3,0,1,10.5,3,4,10,95,,0,0
100537,19,0,4.77,0,40.6,8.5,7.2,1,4.0,2.9,0,4,6.9,2,10,5,93,,2,0
100538,27,2,0.9,1,85.5,4.0,7.4,0,4.0,3.2,0,3,4.6,10,10,5,100,,0,0
100539,22,1,1.9,0,82.8,5.0,8.0,0,4.0,2.8,0,5,10.2,4,10,5,100,,1,0
100540,23,2,5.5,0,61.6,5.3,9.2,1,3.61,7.9,0,4,8.3,7,1,10,84,,2,0
100541,16,0,2.8,1,91.0,6.6,8.1,1,4.0,1.0,0,5,6.0,4,5,10,97,,2,0
100542,20,1,5.1,0,59.0,6.4,4.8,0,3.19,9.5,0,5,12.9,7,6,9,76,,2,0
100543,23,0,5.3,0,85.4,5.9,7.3,1,4.0,1.9,0,1,10.2,2,4,10,100,,3,0
100544,27,0,5.8,0,59.4,6.5,6.7,1,3.24,6.7,0,5,14.6,9,3,10,74,,3,0
100545,19,1,4.0,1,64.7,6.4,6.9,1,3.36,8.9,0,2,11.3,10,7,8,85,,1,0
100546,19,0,4.0,1,72.1,6.7,5.5,1,3.67,4.4,0,0,10.1,6,9,6,98,,2,0
100547,23,2,1.6,0,43.8,5.7,6.3,1,3.49,7.4,0,1,5.0,5,1,10,85,,0,1
100548,22,1,0.3,0,91.8,8.7,8.1,0,4.0,4.7,0,5,6.7,6,10,5,96,,2,0
100549,18,2,6.9,1,88.3,5.6,2.9,1,4.0,6.6,0,2,9.8,6,3,10,97,,2,1
100550,23,1,6.8,0,92.8,7.0,6.4,1,3.02,2.4,0,3,12.5,6,2,10,75,,2,1
100551,20,1,3.1,1,76.0,5.4,6.9,1,4.0,5.8,0,4,7.3,3,9,6,98,,3,1
100552,28,1,0.0,1,96.3,4.3,1.3,0,2.85,4.1,0,1,6.9,8,2,10,70,,1,1
100553,19,0,5.6,1,79.8,7.2,7.4,0,3.84,5.8,0,1,12.7,10,9,6,86,,3,0
100554,23,1,1.7,0,99.5,5.3,10.0,0,3.37,5.2,0,5,6.0,1,4,10,85,,2,1
100555,16,2,5.93,0,70.5,5.1,6.6,0,3.42,3.1,0,1,14.4,2,8,7,85,,0,1
100556,23,1,5.2,1,99.1,7.3,5.0,0,4.0,3.5,0,2,14.1,7,1,10,100,,1,0
100557,22,2,7.7,1,55.2,5.6,7.5,0,4.0,5.8,0,0,13.4,8,3,10,100,,2,1
100558,18,0,4.08,0,63.7,5.5,8.1,1,3.77,4.0,0,0,9.4,9,8,7,87,,1,1
100559,17,1,3.44,1,86.1,5.5,7.5,1,2.96,6.0,0,1,10.1,1,3,10,76,,1,1
100560,26,1,4.5,1,90.6,8.5,5.3,0,2.64,6.7,0,0,11.3,3,3,10,69,,2,1
100561,22,2,4.6,1,86.1,6.5,7.8,0,4.0,3.2,0,5,8.4,1,10,5,100,,1,1
100562,22,0,4.0,0,72.2,8.4,9.5,1,4.0,4.5,0,3,10.9,3,7,8,100,,3,0
100563,28,0,6.0,0,84.0,8.5,1.5,0,4.0,5.5,0,1,10.4,6,6,9,100,,3,1
100564,19,1,6.3,1,46.5,6.3,8.9,0,3.71,6.2,0,4,10.2,7,1,10,86,,2,1
100565,22,1,7.0,1,49.0,5.9,7.2,0,4.0,2.0,0,0,14.6,3,8,7,99,,0,1
100566,17,1,5.01,0,68.5,6.7,6.1,1,3.9,7.7,0,4,12.5,2,9,6,100,,2,1
100567,25,0,8.1,0,62.8,7.1,4.1,1,4.0,7.2,0,3,10.6,6,8,7,96,,2,1
100568,26,2,5.1,1,97.7,5.3,5.5,0,4.0,9.5,0,2,9.7,10,8,7,100,,3,1
100569,20,1,5.4,1,56.4,8.5,6.8,0,4.0,4.8,0,0,9.6,2,6,9,100,,0,0
100570,20,0,2.5,0,64.4,5.7,6.9,0,2.84,7.0,0,3,9.1,5,9,6,64,,2,1
100571,26,1,4.1,1,91.8,8.7,6.8,1,4.0,3.4,0,2,7.2,6,10,5,100,,2,0
100572,28,2,6.32,1,43.0,5.4,3.3,1,4.0,1.6,0,1,9.9,9,4,10,99,,1,1
100573,23,0,4.6,0,82.2,7.4,5.7,1,3.89,6.5,0,4,9.4,4,3,10,100,,1,0
100574,26,0,8.2,0,43.8,6.7,4.3,0,4.0,4.6,0,5,13.0,7,2,10,100,,2,1
100575,17,0,1.7,1,53.7,5.4,6.7,0,4.0,4.4,0,3,5.8,8,8,7,100,,1,1
100576,23,1,1.0,0,49.1,4.7,8.0,1,2.5,8.5,0,3,4.1,1,7,8,69,,3,1
100577,22,1,3.6,1,61.2,5.6,7.0,1,4.0,2.6,0,3,10.8,8,10,5,95,,3,1
100578,23,1,4.8,0,62.2,9.0,5.8,0,4.0,8.4,0,2,10.7,8,6,9,100,,2,0
100579,26,0,4.5,0,69.3,9.0,8.0,1,3.2,1.0,0,3,13.1,9,2,10,74,,2,1
100580,23,2,4.4,1,53.4,6.8,7.3,0,3.9,1.0,0,2,8.6,8,9,6,94,,1,1
100581,25,2,5.8,1,57.9,7.4,8.0,0,3.94,4.7,0,3,10.1,1,7,8,94,,3,0
100582,24,1,3.5,0,47.4,7.9,7.4,1,3.62,4.6,0,5,6.8,6,3,10,98,,2,1
100583,21,0,4.0,1,43.8,6.5,5.9,0,3.96,8.6,1,2,10.9,9,3,10,98,,2,1
100584,21,1,5.9,1,88.9,6.3,6.4,0,2.77,5.4,0,5,13.7,4,4,10,71,,3,1
100585,19,0,3.46,1,41.4,7.3,5.5,1,3.32,4.1,0,3,8.5,2,1,10,83,,0,0
100586,16,0,4.1,0,70.7,4.3,7.9,1,2.57,5.6,0,2,10.2,5,6,9,65,,2,1
100587,23,1,3.3,1,90.0,7.1,10.0,1,3.54,4.4,0,0,10.3,6,8,7,90,,2,0
100588,20,1,2.6,0,68.8,7.4,5.6,1,4.0,4.4,0,2,10.2,10,2,10,100,,1,1
100589,16,0,4.3,1,79.2,8.4,4.1,1,4.0,1.0,0,5,10.1,5,3,10,100,,0,1
100590,26,1,4.4,1,43.8,4.2,5.6,1,4.0,6.9,0,3,10.0,7,7,8,100,,2,0
100591,18,1,0.4,1,81.4,7.0,4.9,0,3.88,6.8,0,5,3.3,7,9,6,98,,2,1
100592,16,0,5.5,0,64.4,8.5,3.2,0,3.58,4.4,0,3,9.9,6,5,10,96,,1,1
100593,17,2,4.1,0,75.9,7.2,9.7,0,4.0,6.7,0,0,6.1,3,4,10,90,,3,0
100594,24,2,5.33,1,71.4,7.2,4.8,0,4.0,6.3,0,3,10.4,6,7,8,100,,1,0
100595,18,2,3.4,1,97.1,4.0,8.8,0,3.08,3.9,0,0,8.8,5,2,10,73,,2,1
100596,22,0,2.8,1,80.7,5.2,7.0,0,3.54,5.2,0,0,10.9,6,1,10,91,,1,1
100597,22,2,7.3,0,83.5,7.9,4.7,1,3.57,6.7,0,4,8.9,7,6,9,87,,0,1
100598,28,2,6.8,0,67.8,7.2,7.3,1,3.53,3.4,0,3,15.3,1,5,10,95,,2,0
100599,20,1,6.8,0,86.3,8.5,5.9,0,4.0,4.3,0,0,10.8,6,10,5,100,,2,1
100600,17,1,4.6,1,65.1,6.8,7.3,0,3.13,5.0,0,4,12.4,7,2,10,73,,2,1
100601,19,1,6.05,1,74.9,5.9,6.6,1,3.36,7.8,0,4,12.7,4,3,10,91,,2,0
100602,28,1,8.8,1,50.3,7.3,5.8,0,4.0,2.8,0,0,12.6,3,3,10,95,,1,1
100603,25,1,6.0,0,63.4,5.1,8.9,1,4.0,5.9,0,5,13.6,3,8,7,100,,2,0
100604,18,1,4.7,0,62.2,7.1,8.8,1,4.0,5.2,0,3,9.0,6,5,10,100,,1,0
100605,24,0,2.2,0,96.0,7.2,5.0,0,3.65,4.5,0,2,7.8,4,6,9,91,,1,1
100606,20,1,2.2,0,51.4,8.4,8.1,0,2.59,8.1,0,5,8.8,6,4,10,58,,3,1
100607,20,2,4.1,0,55.3,6.9,10.0,1,4.0,4.7,0,3,8.9,9,7,8,100,,2,1
100608,24,2,2.4,1,50.9,7.4,7.5,0,2.89,5.6,0,0,5.2,2,5,10,68,,1,1
100609,27,2,2.5,1,95.7,6.2,4.5,1,4.0,8.7,0,3,6.1,1,9,6,100,,2,1
100610,19,2,5.1,1,95.1,6.6,4.1,1,3.71,6.3,0,1,9.3,5,7,8,95,,3,0
100611,17,1,4.0,0,87.4,8.2,8.2,1,3.78,5.3,0,5,9.9,8,9,6,93,,2,1
100612,17,2,3.2,1,97.6,6.3,8.0,0,4.0,6.5,0,2,6.1,2,8,7,100,,2,0
100613,22,1,4.0,0,53.1,7.4,8.0,0,2.91,2.3,0,1,10.8,9,4,10,76,,2,0
100614,17,2,6.0,1,53.7,6.7,5.1,0,3.52,3.1,0,3,11.5,4,2,10,86,,2,0
100615,22,1,3.6,1,83.4,9.4,8.4,1,3.88,2.9,0,0,10.5,1,6,9,100,,2,1
100616,22,1,6.4,0,82.6,10.1,8.1,1,2.82,6.7,0,3,10.9,10,1,10,63,,2,1
100617,24,0,0.6,0,70.2,6.4,8.5,0,3.45,8.0,0,3,5.5,2,10,5,82,,2,0
100618,22,0,4.0,1,78.9,9.6,7.3,0,3.12,6.4,0,5,11.8,1,4,10,74,,1,1
100619,23,0,8.0,1,94.6,5.7,9.0,0,3.51,2.3,0,3,13.9,10,5,10,84,,0,1
100620,17,0,5.9,0,41.4,7.9,5.2,1,4.0,5.8,0,4,7.7,6,10,5,100,,3,0
100621,17,0,2.5,1,45.6,5.9,9.9,1,3.24,5.7,0,1,9.0,1,1,10,88,,3,1
100622,22,1,5.0,1,95.5,4.4,10.0,1,4.0,5.7,0,2,8.6,8,6,9,97,,2,1
100623,25,2,4.3,0,69.9,8.5,6.7,1,4.0,4.2,0,4,10.6,10,5,10,96,,1,1
100624,19,1,3.9,1,96.9,7.4,7.1,1,3.93,4.3,0,0,6.2,7,7,8,93,,1,0
100625,21,0,3.65,1,75.9,4.9,7.5,0,3.59,3.2,0,3,7.8,2,2,10,87,,1,0
100626,17,2,5.6,1,80.0,6.9,7.2,1,4.0,7.6,0,4,14.3,6,2,10,100,,2,1
100627,16,1,3.0,0,76.4,6.0,3.9,1,3.6,3.9,0,2,6.2,8,10,5,99,,1,1
100628,26,1,1.9,0,80.0,7.3,2.7,0,2.45,7.5,0,3,9.3,3,1,10,54,,2,0
100629,18,1,4.2,0,96.2,5.8,7.4,0,2.9,4.1,0,0,11.2,1,6,9,78,,2,1
100630,28,0,5.4,0,97.5,9.1,8.1,0,3.05,6.9,0,1,13.9,3,5,10,72,,2,0
100631,19,2,4.3,0,40.2,7.1,8.2,1,3.7,8.9,1,4,8.7,4,3,10,93,,3,1
100632,25,2,2.6,0,64.4,6.9,7.6,1,4.0,4.0,0,4,10.0,7,8,7,98,,3,1
100633,19,0,3.8,1,40.1,7.0,7.7,1,4.0,6.1,0,5,8.7,9,9,6,100,,2,1
100634,16,0,2.3,0,59.7,6.9,6.5,1,3.6,3.4,0,5,7.2,2,3,10,88,,1,0
100635,20,0,4.2,1,99.0,5.6,8.8,1,3.19,7.4,0,4,13.3,2,5,10,76,,3,1
100636,28,2,4.5,0,94.7,5.9,2.4,0,3.54,6.2,0,5,9.1,3,3,10,84,,1,1
100637,21,1,5.4,0,90.1,7.7,9.6,1,4.0,4.2,0,0,11.5,8,7,8,100,,1,1
100638,23,1,4.82,1,75.6,4.0,6.8,0,2.86,6.9,0,4,7.8,6,2,10,71,,3,1
100639,22,0,4.55,1,44.5,9.4,7.1,0,3.95,6.0,0,1,8.0,1,1,10,100,,1,1
100640,24,2,4.2,0,53.9,7.5,6.1,1,4.0,5.5,0,5,8.3,2,9,6,96,,2,1
100641,20,1,2.4,0,46.4,7.4,4.5,0,3.15,4.7,0,1,5.4,7,9,6,86,,2,1
100642,18,2,3.7,1,40.3,6.7,4.3,0,3.68,4.9,0,5,13.0,4,8,7,89,,2,0
100643,22,1,1.8,0,55.3,8.2,4.7,1,3.92,4.0,0,5,7.4,7,10,5,100,,3,1
100644,25,1,3.9,1,74.5,8.3,8.7,1,3.31,4.8,0,5,8.2,1,7,8,75,,3,1
100645,26,1,1.9,0,69.4,6.6,4.6,0,3.7,6.5,0,0,4.6,5,1,10,84,,1,1
100646,27,0,5.0,1,75.2,6.2,4.6,0,2.87,8.9,0,1,8.8,4,5,10,75,,0,0
100647,23,1,0.0,0,91.7,7.8,4.7,0,4.0,3.7,0,2,7.1,7,1,10,99,,3,0
100648,28,1,2.6,0,51.2,6.6,5.9,1,3.23,4.8,0,3,7.7,5,10,5,88,,2,1
100649,25,1,4.1,1,46.2,6.6,5.8,0,2.72,5.1,0,4,9.4,1,4,10,62,,1,1
100650,23,2,4.3,1,93.6,6.6,4.4,1,2.74,4.4,0,5,8.3,2,2,10,69,,2,0
100651,20,2,5.9,0,96.1,6.9,5.6,1,3.99,5.6,0,1,9.3,3,1,10,100,,0,1
100652,18,1,5.5,1,83.5,7.3,9.4,1,4.0,6.3,0,0,10.0,5,7,8,100,,1,0
100653,18,0,4.91,0,93.2,9.7,5.6,1,4.0,5.2,0,3,9.8,10,4,10,100,,2,1
100654,20,0,2.2,1,94.0,7.9,9.7,1,3.0,2.0,0,1,10.5,9,8,7,79,,2,0
100655,24,1,2.3,1,89.7,7.1,7.1,1,3.87,6.4,0,0,6.7,3,4,10,95,,1,1
100656,22,2,3.4,0,91.8,6.8,6.7,0,4.0,4.1,0,0,8.2,3,10,5,100,,2,1
100657,23,2,2.9,1,55.6,8.0,3.5,1,3.26,7.2,0,2,9.5,10,9,6,88,,3,1
100658,24,2,4.7,0,78.2,5.4,5.0,0,3.34,3.5,0,1,6.2,9,3,10,84,,2,1
100659,28,0,3.5,0,77.5,7.7,6.0,0,4.0,5.9,0,0,10.4,7,10,5,100,,2,1
100660,28,2,5.5,1,55.7,8.4,4.1,1,4.0,1.4,0,1,11.9,8,8,7,89,,2,0
100661,24,2,7.92,0,64.5,7.6,10.0,1,3.77,5.8,0,2,11.3,3,6,9,97,,2,1
100662,28,0,3.85,1,87.3,10.1,2.5,0,3.66,8.0,0,2,11.2,9,3,10,94,,2,1
100663,22,0,1.8,1,67.9,7.4,6.2,1,2.68,7.2,0,1,7.3,6,1,10,65,,1,1
100664,19,0,4.2,0,83.3,6.0,6.5,1,3.83,3.8,0,1,6.3,10,4,10,98,,1,1
100665,22,2,4.7,1,99.5,7.7,9.3,0,3.87,5.2,0,0,12.5,9,9,6,98,,2,0
100666,28,1,5.9,0,78.2,8.8,7.8,0,4.0,4.7,0,4,12.3,2,7,8,100,,1,1
100667,28,0,6.0,1,63.8,7.8,5.2,0,4.0,2.0,0,4,9.9,3,7,8,95,,2,0
100668,18,1,5.4,0,71.2,5.9,7.5,0,3.62,3.7,0,5,10.1,1,6,9,92,,1,1
100669,16,2,8.4,1,63.4,5.3,7.9,1,4.0,2.8,0,1,14.8,7,3,10,96,,1,1
100670,17,1,2.7,0,85.8,6.6,6.1,0,3.16,3.2,0,2,9.2,4,9,6,79,,2,1
100671,24,1,1.1,1,52.7,9.2,8.9,0,3.37,2.6,0,0,7.8,2,1,10,85,,3,1
100672,25,1,4.1,1,64.2,6.3,4.9,0,4.0,7.4,0,5,14.3,7,10,5,100,,2,1
100673,25,2,4.6,1,57.7,8.2,10.0,0,3.17,5.9,0,1,10.4,10,4,10,73,,1,0
100674,20,1,2.0,1,78.5,5.1,10.0,0,3.85,2.9,0,4,7.6,9,4,10,97,,3,1
100675,21,2,8.0,1,60.5,4.4,5.3,0,4.0,2.7,0,0,10.6,10,6,9,97,,2,1
100676,28,2,6.3,0,86.0,8.2,6.0,0,3.63,7.3,0,1,12.5,6,2,10,91,,1,1
100677,19,2,4.0,1,43.8,5.1,6.2,1,4.0,4.1,0,0,10.6,4,2,10,100,,2,0
100678,16,1,0.9,0,92.3,7.6,6.6,1,2.75,4.1,0,3,5.8,3,1,10,63,,1,1
100679,23,0,7.9,0,75.8,8.3,5.9,1,4.0,7.4,0,4,15.4,8,8,7,96,,1,1
100680,17,0,5.84,0,52.2,9.1,8.2,1,3.79,4.6,0,1,13.4,8,9,6,98,,3,1
100681,26,1,5.01,1,62.6,5.4,4.1,0,4.0,6.8,0,1,9.8,9,5,10,96,,2,1
100682,25,0,3.05,0,68.2,9.0,6.4,0,3.44,2.6,0,1,9.7,8,9,6,88,,2,1
100683,26,1,5.9,1,54.0,5.8,5.2,1,3.54,5.4,0,2,11.9,4,2,10,86,,1,0
100684,19,2,4.9,0,54.2,6.6,9.1,0,3.82,7.6,0,1,9.2,6,1,10,94,,1,1
100685,18,1,2.7,0,81.2,4.2,7.6,1,4.0,4.5,0,1,6.1,2,9,6,93,,3,1
100686,21,2,2.2,1,93.5,7.0,8.6,0,4.0,5.4,0,4,11.5,10,4,10,96,,1,0
100687,27,2,2.0,1,97.7,7.2,5.2,0,4.0,2.0,0,3,3.3,8,2,10,96,,2,1
100688,23,0,3.4,1,69.7,9.3,8.7,1,4.0,7.6,0,1,10.7,3,10,5,100,,2,1
100689,18,0,2.0,0,81.7,8.7,4.6,1,2.83,5.4,0,0,5.9,7,10,5,70,,0,1
100690,18,0,5.0,0,51.1,5.5,3.0,0,4.0,4.8,0,1,9.2,9,10,5,100,,3,0
100691,24,2,2.89,0,94.8,6.8,2.5,1,3.17,8.7,0,4,11.5,3,7,8,69,,0,0
100692,28,2,0.7,1,40.9,6.9,7.4,1,3.57,6.0,0,0,5.0,5,5,10,98,,2,0
100693,26,2,6.3,1,45.2,6.0,3.0,0,4.0,6.6,0,1,12.6,2,6,9,100,,3,1
100694,17,1,3.3,0,42.7,6.5,6.6,1,4.0,7.1,0,1,7.9,2,5,10,88,,2,1
100695,23,0,5.9,0,64.1,4.1,5.9,1,4.0,3.5,0,3,10.3,7,7,8,100,,3,0
100696,24,0,3.0,1,84.0,6.8,7.6,1,4.0,8.3,0,0,10.5,10,5,10,100,,2,0
100697,17,2,7.5,1,44.4,7.0,1.0,1,3.73,4.5,0,4,11.6,6,2,10,96,,2,0
100698,19,2,3.5,1,48.6,4.2,4.8,1,2.96,2.6,0,0,9.3,8,8,7,80,,3,1
100699,18,0,0.4,0,51.4,6.0,4.3,0,2.3,5.4,0,5,5.1,3,1,10,56,,3,1
100700,16,1,4.7,0,71.1,7.5,9.1,0,4.0,4.3,0,2,10.0,3,6,9,100,,2,1
100701,24,2,5.7,1,62.9,6.9,6.9,0,4.0,5.4,0,5,12.4,2,7,8,98,,2,1
100702,23,1,4.56,1,50.9,8.1,8.7,1,4.0,1.0,0,5,15.0,4,7,8,89,,2,1
100703,25,1,3.1,1,59.2,6.8,6.6,1,3.35,4.9,0,3,12.8,2,8,7,88,,1,1
100704,20,1,5.19,0,51.2,5.2,7.2,0,4.0,4.4,0,3,12.8,1,6,9,98,,1,0
100705,27,1,6.2,0,83.8,5.9,6.5,1,4.0,4.3,0,3,12.0,4,3,10,100,,1,1
100706,25,2,2.7,0,52.1,5.1,5.6,1,2.37,5.5,0,0,7.6,7,2,10,59,,3,0
100707,21,1,7.1,1,79.2,8.8,10.0,1,4.0,4.3,0,0,11.2,10,4,10,97,,2,1
100708,19,2,5.1,1,64.6,7.2,6.5,1,3.71,7.9,0,3,6.9,2,10,5,94,,3,0
100709,17,1,3.5,1,95.5,4.0,5.3,1,3.18,5.5,0,0,13.0,5,10,5,72,,2,1
100710,26,1,5.3,1,95.3,5.7,6.6,1,2.49,5.8,0,4,13.2,6,3,10,65,,1,1
100711,19,2,3.4,0,86.6,7.7,5.3,1,3.53,4.5,0,3,9.4,3,5,10,82,,1,0
100712,20,1,5.5,0,53.8,7.6,3.9,1,4.0,5.6,0,4,7.5,10,10,5,100,,2,1
100713,16,0,1.9,1,53.3,7.5,8.4,0,4.0,2.7,0,3,7.5,4,1,10,100,,3,1
100714,23,2,6.0,0,90.6,7.3,8.1,0,3.42,4.9,0,0,14.1,2,3,10,88,,3,1
100715,16,2,6.01,1,69.3,6.9,5.4,1,3.24,5.3,0,4,9.5,1,9,6,73,,2,1
100716,16,2,2.6,1,88.8,5.1,7.2,0,2.59,6.1,0,1,6.5,8,5,10,64,,2,0
100717,16,1,2.1,1,60.0,8.3,6.1,0,3.83,6.5,0,3,3.7,7,3,10,98,,2,1
100718,22,1,4.76,1,77.6,7.4,6.5,1,4.0,4.4,0,0,8.0,1,8,7,99,,1,1
100719,16,2,5.5,1,55.3,6.9,5.1,1,4.0,5.6,0,5,12.4,5,10,5,100,,1,0
100720,17,1,2.4,1,69.1,7.3,3.1,0,3.15,9.3,0,1,6.2,10,5,10,77,,2,1
100721,27,2,2.9,1,41.6,6.6,8.1,0,4.0,3.3,0,5,7.4,9,3,10,89,,1,0
100722,26,2,3.77,1,94.0,6.4,6.4,1,4.0,2.0,0,4,11.8,1,9,6,92,,2,1
100723,16,1,4.1,0,74.3,6.7,6.2,0,3.18,6.4,0,0,10.9,8,1,10,74,,1,1
100724,22,0,2.4,1,70.7,6.3,7.4,1,4.0,4.8,0,3,8.8,3,10,5,98,,1,1
100725,25,2,3.6,0,65.6,9.2,7.9,1,3.42,3.4,0,3,11.6,4,3,10,82,,2,1
100726,21,1,6.8,1,83.2,8.0,8.2,0,4.0,6.4,0,1,11.4,5,8,7,97,,2,1
100727,24,0,5.11,1,56.0,8.3,6.0,1,3.56,2.0,0,1,9.3,10,1,10,80,,1,0
100728,28,2,3.6,0,61.5,5.2,4.2,1,3.27,3.4,0,5,11.5,3,4,10,85,,3,1
100729,22,1,3.2,1,61.6,4.0,9.3,1,3.18,3.8,0,0,8.2,3,5,10,79,,2,1
100730,19,2,0.8,1,82.0,5.4,9.2,0,3.52,6.4,0,4,9.1,1,9,6,90,,2,1
100731,18,1,4.5,0,77.6,4.9,10.0,0,4.0,6.8,0,4,7.3,10,9,6,98,,3,0
100732,23,0,0.0,0,83.3,7.8,10.0,1,3.02,3.5,0,0,4.4,8,6,9,68,,1,1
100733,23,1,3.2,1,59.7,7.3,7.5,0,4.0,2.6,0,2,8.2,1,1,10,100,,3,0
100734,24,2,3.3,1,69.9,7.0,7.4,0,2.91,6.9,0,2,12.4,3,1,10,69,,2,0
100735,23,0,4.8,0,55.5,6.2,9.8,0,2.74,7.0,0,5,10.0,3,7,8,74,,1,1
100736,21,2,5.9,1,97.8,6.6,6.9,1,3.4,6.2,0,0,11.0,8,5,10,83,,2,1
100737,17,1,4.8,1,46.5,7.7,7.0,0,4.0,4.6,0,2,11.6,8,9,6,93,,3,0
100738,23,1,2.6,1,71.7,6.3,6.0,0,4.0,7.4,0,4,4.0,4,7,8,96,,2,1
100739,16,0,4.5,1,92.7,7.4,9.7,0,3.92,5.6,0,2,11.2,1,7,8,100,,2,1
100740,27,1,9.3,1,80.9,6.7,6.6,1,4.0,3.8,0,5,14.3,8,7,8,94,,1,0
100741,27,1,4.4,1,88.1,6.2,6.4,1,3.21,7.3,0,1,11.0,1,5,10,82,,1,1
100742,21,2,4.2,0,70.9,5.3,8.0,1,3.73,3.7,0,1,13.6,8,9,6,93,,2,1
100743,20,0,4.6,0,67.0,6.0,6.9,0,3.9,2.4,0,4,8.8,6,4,10,95,,2,1
100744,24,2,5.7,0,90.4,6.4,10.0,1,4.0,2.3,0,1,10.1,4,1,10,100,,3,0
100745,20,1,3.2,0,41.8,7.4,2.9,1,4.0,7.8,0,4,13.3,4,3,10,99,,2,1
100746,19,1,4.5,1,62.8,4.0,6.8,1,3.43,3.0,0,4,8.2,10,9,6,96,,1,1
100747,17,0,5.3,0,75.4,6.6,4.6,1,3.71,4.2,0,4,13.1,7,9,6,91,,1,0
100748,21,2,5.68,1,66.3,7.3,4.8,1,3.65,6.7,0,0,12.8,1,7,8,87,,0,1
100749,16,2,7.4,0,46.0,5.9,8.0,1,4.0,6.5,0,4,11.2,10,8,7,87,,0,1
100750,28,1,1.5,1,71.7,6.5,5.9,0,4.0,3.0,0,0,6.4,9,10,5,99,,2,0
100751,21,1,0.1,1,48.0,7.8,8.9,0,2.62,6.7,0,0,2.9,9,10,5,61,,1,1
100752,24,1,3.1,1,80.3,4.0,7.2,1,2.85,6.0,0,4,10.6,10,3,10,75,,3,1
100753,27,2,7.0,0,83.3,8.1,5.5,0,4.0,5.4,0,0,12.0,9,6,9,100,,2,0
100754,21,0,4.0,1,53.2,8.6,6.9,1,3.43,3.8,0,3,10.8,5,1,10,86,,3,1
100755,18,2,1.1,0,83.0,8.8,3.2,1,2.73,7.6,0,0,8.1,2,7,8,69,,2,0
100756,16,0,1.0,1,58.9,6.0,8.7,1,3.75,4.4,0,1,7.4,6,4,10,88,,2,1
100757,19,1,9.76,1,73.7,7.2,8.8,0,4.0,5.2,0,3,17.4,3,10,5,100,,2,1
100758,21,1,4.4,0,52.1,6.9,7.0,0,2.83,5.4,0,4,12.3,4,2,10,69,,3,0
100759,26,2,4.9,1,60.2,7.4,8.1,1,2.9,7.2,0,3,10.8,1,7,8,83,,2,1
100760,23,1,3.6,0,64.4,8.1,6.7,0,3.91,6.6,0,3,11.1,6,1,10,100,,2,1
100761,21,0,5.4,0,94.1,6.6,6.9,1,4.0,4.0,0,0,9.1,5,1,10,100,,2,0
100762,17,1,5.1,1,50.1,8.0,4.4,1,4.0,5.7,0,0,10.3,4,6,9,93,,1,1
100763,17,2,8.0,0,46.7,8.0,9.9,0,3.17,5.9,0,2,14.7,10,5,10,80,,2,1
100764,16,0,0.81,1,80.0,8.9,6.9,1,4.0,6.5,0,5,5.3,7,5,10,96,,3,1
100765,16,1,7.8,1,43.9,7.8,6.1,0,4.0,7.3,0,2,13.3,4,6,9,96,,1,1
100766,21,1,4.6,1,63.9,6.9,10.0,1,3.3,6.9,0,5,12.9,2,9,6,83,,2,1
100767,19,0,5.0,1,40.2,6.7,5.7,1,4.0,5.3,0,0,14.1,6,6,9,97,,2,1
100768,23,1,3.5,0,53.1,6.3,7.1,1,3.75,4.2,0,3,8.4,2,1,10,99,,3,1
100769,26,1,8.2,1,77.0,10.2,9.7,0,4.0,5.6,0,4,11.2,6,10,5,100,,0,1
100770,18,1,4.5,0,93.1,8.1,7.5,1,4.0,4.0,0,5,10.2,9,3,10,100,,1,1
100771,25,1,5.01,1,44.1,7.4,7.9,1,4.0,4.6,0,3,9.0,9,10,5,100,,0,0
100772,17,1,0.9,1,50.0,4.7,6.2,0,2.96,1.7,0,5,8.5,9,1,10,71,,1,1
100773,25,1,4.01,1,83.3,7.6,9.2,0,4.0,3.0,0,1,5.7,3,9,6,100,,2,1
100774,18,2,2.4,0,44.0,6.3,4.8,1,2.63,4.3,0,5,5.5,10,4,10,66,,1,0
100775,19,1,2.3,1,83.1,7.3,5.5,1,3.54,4.8,0,1,10.0,2,7,8,90,,2,0
100776,16,2,1.9,1,79.1,6.9,7.5,0,4.0,7.1,0,1,5.2,2,8,7,100,,3,0
100777,25,2,5.8,1,49.1,8.7,10.0,1,3.86,8.9,0,2,11.0,7,8,7,90,,0,0
100778,22,0,6.1,0,86.7,7.8,8.5,1,4.0,5.8,0,4,10.1,1,8,7,100,,0,0
100779,28,1,2.8,0,66.0,8.5,5.3,0,4.0,4.3,0,5,5.9,3,5,10,96,,3,0
100780,21,2,1.6,0,84.4,5.2,3.5,1,2.83,10.0,0,1,7.7,4,5,10,70,,2,1
100781,24,0,3.0,0,88.5,5.9,5.4,0,4.0,3.2,0,2,7.1,6,9,6,96,,1,1
100782,21,0,1.4,0,96.8,5.7,9.0,0,3.35,4.0,0,5,10.4,6,10,5,88,,1,1
100783,25,2,5.6,0,95.5,8.2,5.9,1,3.6,4.1,0,2,11.3,2,6,9,92,,3,1
100784,25,0,8.0,0,55.9,6.5,7.5,1,4.0,5.3,0,0,12.0,5,9,6,100,,1,1
100785,20,0,2.8,1,72.0,7.4,7.0,0,2.56,7.8,0,5,8.7,9,6,9,59,,2,0
100786,24,0,6.44,0,55.6,6.6,7.1,1,4.0,4.0,0,3,12.0,2,8,7,93,,1,0
100787,28,0,5.4,1,46.7,6.3,2.6,0,2.49,7.3,0,2,10.8,6,3,10,66,,1,0
100788,21,2,4.8,1,47.2,6.3,8.9,1,3.54,10.0,1,5,7.2,10,2,10,86,,3,1
100789,27,1,2.7,1,76.1,6.8,7.1,1,4.0,6.5,0,5,9.1,6,3,10,100,,0,1
100790,26,1,3.6,1,91.2,5.9,4.2,1,3.34,6.6,0,0,8.6,4,3,10,80,,1,1
100791,23,0,1.82,0,42.3,6.1,5.3,1,4.0,3.7,0,4,6.6,7,2,10,95,,2,0
100792,26,2,4.2,1,85.2,8.7,8.3,0,4.0,4.1,0,4,7.5,3,3,10,94,,2,0
100793,20,0,6.0,1,52.7,7.0,6.9,1,3.63,6.2,0,5,12.4,8,4,10,90,,0,0
100794,28,0,2.4,1,48.9,8.7,8.2,1,3.93,5.5,0,1,11.5,7,3,10,100,,2,1
100795,25,2,3.6,0,96.2,9.7,4.2,1,3.47,2.9,0,2,6.5,7,5,10,92,,1,0
100796,16,2,2.2,0,41.1,5.9,7.0,1,2.33,6.4,0,5,5.0,1,2,10,57,,0,1
100797,17,1,2.0,1,52.9,6.9,5.4,1,3.34,3.8,0,3,7.9,4,2,10,87,,1,1
100798,26,1,6.5,0,52.2,4.8,9.2,0,3.06,6.2,0,0,15.7,5,4,10,67,,3,0
100799,18,1,2.1,1,68.8,9.3,6.5,0,3.94,5.1,0,3,10.3,7,9,6,99,,1,0
100800,23,0,4.8,0,42.0,8.9,7.8,0,4.0,3.3,0,4,9.4,4,8,7,95,,2,1
100801,22,2,2.3,0,81.7,9.3,6.1,1,3.68,5.6,0,5,7.2,6,6,9,90,,1,1
100802,19,0,2.1,1,64.8,5.3,4.8,0,3.82,2.0,0,2,7.0,5,5,10,91,,1,1
100803,25,1,2.6,1,48.8,7.3,9.2,0,4.0,3.2,0,5,11.0,7,3,10,100,,1,0
100804,24,2,10.8,1,46.9,8.7,2.0,1,3.94,5.4,0,5,16.5,6,5,10,95,,2,0
100805,27,0,4.0,0,48.9,6.4,8.2,1,2.52,7.0,0,0,7.7,1,3,10,65,,1,0
100806,19,2,3.1,0,98.3,6.5,2.7,0,2.35,8.8,1,5,8.4,4,2,10,63,,2,1
100807,21,0,3.4,1,49.5,10.1,8.5,1,3.14,6.4,0,1,8.4,4,4,10,78,,3,1
100808,26,1,4.96,1,82.6,8.2,3.7,0,4.0,7.4,0,3,11.1,7,10,5,93,,0,0
100809,23,0,5.16,0,49.8,6.2,9.6,1,4.0,2.7,0,1,11.8,7,7,8,100,,2,0
100810,19,1,5.3,1,41.3,4.9,3.3,1,4.0,8.4,1,2,13.0,8,2,10,100,,0,0
100811,16,0,4.5,0,94.6,6.8,5.4,0,4.0,2.7,0,1,7.5,8,3,10,99,,0,0
100812,16,1,2.9,0,43.5,6.0,6.9,1,4.0,4.3,0,5,7.5,9,8,7,100,,1,1
100813,23,0,1.8,1,77.7,7.2,6.6,1,3.44,4.5,0,4,7.3,3,6,9,91,,2,1
100814,20,2,5.0,1,45.2,6.1,6.5,0,4.0,2.4,0,5,13.1,9,1,10,100,,0,1
100815,25,1,2.8,0,81.7,5.2,7.5,1,4.0,5.1,0,3,10.6,2,8,7,92,,2,1
100816,27,0,2.9,0,81.1,6.5,9.0,1,4.0,3.3,0,2,5.9,4,1,10,100,,0,1
100817,20,0,1.01,0,44.3,5.8,4.8,0,3.6,6.4,0,5,7.1,8,8,7,92,,2,0
100818,19,1,1.8,0,41.1,9.0,5.3,1,2.29,7.1,0,2,5.9,9,2,10,59,,2,0
100819,25,2,8.4,0,58.9,4.5,7.4,1,3.79,3.9,0,4,13.4,4,7,8,89,,1,1
100820,27,0,3.2,1,51.7,5.9,8.1,0,3.85,1.0,0,1,9.5,9,1,10,100,,2,1
100821,17,2,3.96,1,72.6,7.7,4.7,1,3.51,3.5,0,4,12.2,1,2,10,91,,1,0
100822,16,0,6.0,1,54.7,8.1,7.5,1,4.0,2.5,0,0,13.9,7,7,8,100,,1,1
100823,25,0,1.6,1,41.0,5.4,9.7,0,3.57,3.6,0,3,4.6,3,10,5,84,,3,0
100824,24,2,4.9,1,79.1,4.6,10.0,0,3.05,5.3,0,5,12.4,9,1,10,72,,1,1
100825,27,2,4.0,1,59.3,4.0,7.7,1,4.0,6.8,0,4,8.3,4,9,6,94,,3,1
100826,27,1,1.9,1,50.6,4.3,4.9,1,4.0,5.3,0,3,10.9,10,7,8,99,,1,1
100827,27,1,2.6,1,51.4,5.9,8.1,0,3.87,2.3,0,1,9.5,4,10,5,98,,1,1
100828,23,2,6.2,0,89.5,7.4,5.7,0,4.0,8.1,0,3,11.5,2,5,10,98,,1,0
100829,22,1,3.3,0,82.1,7.6,6.2,0,2.67,4.6,0,3,8.7,7,3,10,62,,2,1
100830,19,0,3.7,0,74.8,8.2,8.0,0,3.89,3.6,0,2,11.5,8,3,10,100,,1,1
100831,17,0,4.4,0,64.3,7.0,3.3,1,4.0,1.0,0,2,10.9,10,9,6,95,,0,0
100832,23,2,3.3,1,79.8,7.3,5.2,0,3.37,8.6,1,3,4.6,6,3,10,91,,2,1
100833,16,0,2.5,1,92.5,8.1,4.7,1,3.76,2.4,0,5,8.2,5,9,6,93,,0,0
100834,17,2,5.1,1,85.6,5.2,5.4,1,3.02,8.3,0,4,7.6,6,4,10,65,,3,1
100835,20,2,7.2,0,49.7,6.1,5.7,0,3.55,5.0,0,2,16.7,2,4,10,91,,2,1
100836,20,0,2.8,0,58.1,5.3,5.1,0,4.0,8.3,0,1,10.7,2,6,9,100,,2,1
100837,21,0,4.4,1,69.9,6.2,4.6,1,3.67,6.8,0,4,10.4,9,5,10,100,,3,0
100838,22,0,3.2,1,50.0,8.3,4.2,1,4.0,7.7,0,0,5.9,1,4,10,100,,0,1
100839,27,0,4.3,0,82.7,4.2,2.9,0,3.42,6.9,0,2,8.7,3,10,5,79,,1,1
100840,17,0,6.25,0,55.5,9.4,8.7,0,3.59,3.5,0,4,11.4,4,6,9,91,,0,1
100841,27,2,1.3,1,42.2,10.2,6.1,0,3.54,4.6,0,0,8.5,1,4,10,85,,0,0
100842,27,1,2.8,0,72.6,6.8,10.0,1,3.04,4.1,0,3,9.3,7,3,10,75,,0,0
100843,27,0,5.3,1,65.5,10.1,6.5,0,4.0,1.9,0,1,9.3,7,8,7,92,,2,0
100844,25,0,5.8,0,98.3,8.8,10.0,1,3.75,5.8,0,4,10.2,10,10,5,99,,2,1
100845,24,0,4.7,1,50.2,6.6,10.0,1,4.0,2.9,0,3,11.0,9,9,6,100,,0,0
100846,18,2,3.8,0,83.9,7.5,7.3,0,4.0,3.9,0,3,5.6,5,9,6,90,,1,0
100847,16,0,4.4,0,98.9,8.3,8.2,0,4.0,4.3,0,4,11.4,4,1,10,97,,1,1
100848,17,1,0.3,0,90.0,9.5,6.1,1,3.51,5.3,0,1,4.9,6,6,9,83,,1,1
100849,28,0,4.49,1,40.6,6.8,7.2,0,3.21,1.5,0,5,9.8,10,8,7,83,,2,1
100850,22,1,3.9,0,44.2,6.4,4.9,1,3.28,4.0,0,5,6.3,4,7,8,84,,2,1
100851,21,2,4.2,1,45.4,8.4,8.1,1,2.99,6.1,0,3,6.1,4,2,10,73,,1,1
100852,25,1,4.1,1,68.3,6.0,7.3,1,3.06,2.9,0,1,11.5,9,10,5,89,,2,1
100853,20,1,5.2,0,97.5,5.5,6.2,0,4.0,5.6,0,0,10.4,9,5,10,93,,2,1
100854,16,1,3.8,1,55.8,8.0,7.8,0,4.0,4.1,0,0,7.0,2,9,6,100,,2,0
100855,25,0,2.7,0,74.2,6.2,5.2,0,3.82,7.6,0,2,10.3,10,9,6,86,,1,0
100856,17,2,0.0,0,87.3,4.6,10.0,1,2.92,7.0,0,1,5.6,1,4,10,76,,1,1
100857,24,0,3.5,1,76.3,7.4,7.6,1,3.54,1.2,0,1,5.1,4,9,6,94,,2,0
100858,22,1,3.3,1,67.0,4.5,8.0,1,2.45,4.1,0,1,12.4,2,1,10,59,,3,0
100859,18,0,3.3,1,41.7,7.6,6.7,1,3.31,4.9,0,1,8.6,3,7,8,81,,2,1
100860,21,1,3.6,1,72.0,9.2,5.8,1,3.21,8.1,0,3,8.5,5,7,8,91,,0,0
100861,16,1,4.1,0,83.3,6.8,7.6,1,4.0,5.2,0,4,9.8,7,9,6,99,,1,1
100862,21,1,7.01,0,85.2,6.6,4.0,1,3.94,8.3,1,5,12.8,3,2,10,97,,2,0
100863,24,0,8.52,0,99.9,8.5,4.9,1,4.0,4.6,0,3,17.7,2,8,7,100,,2,0
100864,16,1,5.8,0,85.3,7.1,7.0,1,4.0,4.1,0,3,7.7,5,5,10,100,,1,1
100865,25,1,4.2,0,83.2,8.0,5.5,0,3.38,3.3,0,1,10.0,6,6,9,87,,2,1
100866,17,1,2.0,0,55.3,8.4,8.5,1,4.0,1.9,0,4,8.1,7,3,10,99,,2,1
100867,24,0,5.1,0,57.5,8.3,9.1,1,3.79,5.7,0,5,8.9,7,5,10,89,,2,1
100868,26,1,2.0,1,59.1,8.3,5.6,0,3.8,8.6,1,3,9.0,1,3,10,97,,2,0
100869,26,2,4.0,0,84.6,6.3,7.5,0,2.9,7.6,0,0,7.1,10,2,10,72,,2,0
100870,22,1,4.46,0,84.4,8.7,7.6,1,4.0,4.1,0,2,13.2,9,6,9,97,,1,1
100871,22,1,1.32,1,59.1,8.6,5.9,0,2.92,4.4,0,0,6.2,6,5,10,77,,2,0
100872,19,2,4.1,1,57.0,9.7,9.3,0,3.49,5.2,0,1,8.8,7,8,7,83,,3,1
100873,20,2,2.6,1,97.7,5.0,8.2,1,4.0,2.1,0,1,10.6,6,9,6,95,,3,1
100874,23,1,2.8,0,73.1,7.1,6.9,0,3.45,3.4,0,2,4.3,7,2,10,91,,0,1
100875,26,0,6.52,1,45.2,7.7,6.6,0,4.0,5.1,0,1,10.2,3,10,5,100,,2,1
100876,16,2,4.0,1,58.7,7.8,4.0,0,4.0,4.3,0,2,13.5,3,3,10,96,,3,0
100877,22,1,1.83,0,55.6,5.4,7.2,1,4.0,4.6,0,5,6.7,8,7,8,100,,2,0
100878,26,1,2.4,0,97.2,6.6,5.3,0,3.93,5.2,0,2,12.0,10,8,7,100,,1,1
100879,28,2,5.3,0,70.0,8.9,2.5,1,3.25,7.2,0,2,9.0,3,4,10,83,,3,1
100880,27,0,2.5,1,61.4,5.4,6.6,1,2.9,4.6,0,5,10.6,7,5,10,79,,1,1
100881,25,0,5.3,1,70.0,7.2,6.3,0,4.0,5.4,0,3,9.3,2,9,6,96,,0,0
100882,22,0,7.97,1,54.8,7.9,3.4,1,3.63,6.7,0,1,12.1,5,10,5,96,,2,0
100883,23,1,7.51,1,44.8,7.4,6.4,1,3.56,3.9,0,5,14.3,4,5,10,92,,1,1
100884,23,2,4.86,0,83.3,5.2,7.9,1,4.0,4.2,0,5,12.6,5,8,7,90,,1,0
100885,17,1,4.5,0,71.4,9.4,7.2,1,4.0,4.9,0,0,8.7,10,1,10,100,,2,1
100886,22,1,2.2,0,86.5,6.7,7.2,1,4.0,4.6,0,0,9.6,4,1,10,91,,2,1
100887,18,0,5.2,0,52.8,7.3,7.1,0,3.78,7.9,0,3,10.4,2,7,8,95,,3,1
100888,20,0,3.7,1,81.8,8.9,5.9,0,3.99,7.4,0,3,8.5,6,1,10,98,,2,1
100889,17,1,8.9,1,56.9,10.8,5.8,1,3.88,6.3,0,1,17.0,9,4,10,95,,3,0
100890,16,1,4.4,0,85.8,6.2,6.4,1,4.0,9.0,0,4,9.3,5,7,8,99,,2,0
100891,21,1,5.8,1,69.4,6.3,7.5,1,3.45,5.7,0,0,9.7,2,6,9,77,,1,1
100892,18,2,5.26,0,91.2,7.5,10.0,0,3.69,5.7,0,2,9.7,3,4,10,97,,2,0
100893,22,2,4.7,0,47.4,7.7,5.0,0,4.0,3.4,0,0,7.1,8,9,6,100,,2,1
100894,19,1,5.3,0,80.3,4.2,8.0,1,4.0,6.5,0,3,8.6,3,6,9,97,,2,0
100895,18,2,4.0,1,96.7,6.2,6.6,0,3.92,2.9,0,1,9.2,4,9,6,99,,1,1
100896,21,2,6.4,0,75.5,4.0,6.3,0,3.57,3.6,0,0,14.4,6,6,9,85,,1,1
100897,26,2,7.7,0,58.9,6.9,7.1,1,3.75,4.2,0,2,14.4,8,1,10,99,,2,1
100898,21,0,3.8,1,67.3,7.5,7.0,1,2.94,4.6,0,0,11.1,3,3,10,83,,0,1
100899,23,0,3.4,0,57.3,7.6,4.9,1,4.0,8.5,0,4,8.5,9,4,10,100,,3,1
100900,16,1,0.0,1,51.1,7.7,6.1,1,3.55,8.3,0,0,5.2,1,7,8,95,,2,1
100901,19,1,4.5,0,51.0,6.1,2.0,1,3.75,2.8,0,3,9.0,4,2,10,94,,2,1
100902,22,1,3.9,1,46.5,7.8,6.1,1,3.95,5.6,0,0,10.1,3,8,7,100,,1,1
100903,18,2,7.43,1,78.8,8.5,7.6,0,4.0,1.4,0,5,10.6,9,5,10,99,,2,0
100904,26,2,4.8,0,50.2,8.2,10.0,1,4.0,2.7,0,2,9.6,3,10,5,95,,3,0
100905,19,2,6.19,0,44.0,7.8,6.5,1,4.0,4.1,0,5,7.5,6,6,9,97,,1,0
100906,19,0,1.5,1,85.3,7.5,8.7,1,2.82,5.8,0,4,7.5,4,7,8,70,,1,1
100907,16,0,7.5,1,58.8,8.7,10.0,1,3.81,4.2,0,0,12.4,3,1,10,100,,1,1
100908,23,0,2.0,0,60.5,6.5,5.8,1,2.93,5.0,0,2,10.0,3,3,10,78,,1,0
100909,19,2,6.3,0,82.1,10.2,9.3,0,4.0,6.5,0,4,11.8,8,4,10,100,,2,0
100910,20,0,5.5,1,56.3,6.8,10.0,1,3.91,3.7,0,4,8.0,10,2,10,100,,1,1
100911,23,2,3.8,0,77.7,5.2,9.2,1,4.0,4.2,0,3,6.1,10,3,10,90,,2,1
100912,23,1,4.1,0,50.0,5.3,8.8,1,4.0,6.4,0,2,10.9,5,7,8,93,,2,1
100913,27,2,4.3,1,68.9,8.4,8.0,0,2.55,6.8,0,4,9.3,5,4,10,61,,1,0
100914,22,1,4.1,1,50.1,6.3,6.0,1,4.0,7.7,0,5,11.0,3,9,6,94,,3,1
100915,16,1,2.9,1,63.7,5.2,5.8,0,4.0,5.8,0,0,4.5,3,7,8,99,,1,1
100916,25,0,3.8,1,74.5,4.9,8.8,1,2.08,8.3,1,4,6.8,10,3,10,51,,2,1
100917,19,0,4.4,0,68.4,4.0,7.1,1,2.52,1.0,0,2,11.6,5,4,10,63,,0,0
100918,19,0,5.4,0,87.2,7.1,5.7,0,4.0,7.5,0,5,12.8,5,2,10,93,,3,1
100919,17,0,5.0,0,93.7,9.2,8.3,1,4.0,5.4,0,3,12.6,4,5,10,100,,3,1
100920,28,1,7.8,0,81.8,5.8,7.5,1,2.97,1.6,0,3,13.2,9,4,10,74,,1,1
100921,18,1,5.2,0,92.4,7.4,8.2,0,4.0,6.4,0,0,10.4,4,7,8,94,,1,0
100922,20,2,0.8,1,77.5,7.4,7.3,0,4.0,7.1,0,4,3.2,2,7,8,89,,2,1
100923,16,1,2.5,0,53.3,9.4,7.8,1,2.61,5.8,0,3,10.7,5,4,10,67,,1,0
100924,26,0,6.4,0,62.1,5.1,8.3,0,4.0,3.1,0,1,13.9,6,9,6,94,,2,1
100925,23,0,6.1,1,61.8,7.7,8.3,1,3.15,6.4,0,3,12.5,6,1,10,80,,3,0
100926,25,2,2.7,1,72.9,5.2,9.2,0,3.6,4.2,0,4,10.3,7,8,7,91,,2,1
100927,23,2,0.9,0,58.3,6.3,9.6,1,4.0,5.0,0,2,6.9,10,9,6,95,,3,1
100928,28,2,3.8,0,72.7,7.5,6.4,1,3.97,3.0,0,1,10.7,7,7,8,98,,1,1
100929,25,2,9.13,1,97.9,8.4,9.5,1,4.0,6.8,0,2,14.7,2,8,7,100,,3,1
100930,25,0,3.5,0,80.5,5.3,5.5,1,2.98,6.3,0,3,11.5,10,1,10,68,,1,1
100931,25,1,4.56,0,79.5,8.2,9.0,1,3.68,4.6,0,4,12.3,3,2,10,99,,1,1
100932,16,0,5.8,0,62.8,6.5,2.8,1,4.0,3.4,0,0,14.9,3,9,6,96,,3,0
100933,17,0,6.01,0,67.3,8.1,7.6,0,4.0,5.3,0,2,12.6,10,7,8,98,,2,1
100934,28,1,5.2,0,65.4,7.3,9.9,1,3.57,7.1,0,1,9.6,10,7,8,96,,2,0
100935,16,2,7.88,1,56.8,10.0,9.9,1,4.0,5.7,0,0,15.1,3,5,10,100,,3,0
100936,18,1,5.0,1,97.4,6.6,8.5,0,4.0,1.7,0,5,12.2,3,9,6,98,,2,1
100937,16,1,4.1,0,61.3,6.4,8.5,1,4.0,3.9,0,2,12.5,9,2,10,100,,1,1
100938,26,1,5.8,0,64.7,5.9,8.3,1,3.48,1.8,0,0,12.5,7,1,10,82,,2,0
100939,18,0,5.5,0,73.8,7.3,3.7,1,3.05,10.0,1,2,10.3,7,2,10,77,,0,1
100940,22,2,3.6,1,76.7,9.6,2.9,1,2.78,5.3,0,2,9.1,5,2,10,60,,1,1
100941,25,1,6.53,1,95.8,6.4,6.8,1,4.0,2.4,0,5,12.3,2,5,10,100,,2,0
100942,25,1,4.9,1,42.0,6.7,7.8,1,4.0,5.9,0,2,9.3,6,7,8,95,,3,1
100943,25,2,4.2,1,77.3,6.8,5.7,1,4.0,5.0,0,2,13.8,3,10,5,99,,2,0
100944,22,2,3.9,1,74.3,5.6,7.9,0,2.69,4.6,0,5,10.5,5,1,10,67,,1,1
100945,18,0,4.5,1,99.4,4.1,8.1,0,3.56,1.9,0,2,8.1,2,10,5,90,,3,0
100946,25,2,2.7,1,56.5,4.5,5.3,0,4.0,1.0,0,4,11.3,1,5,10,100,,3,1
100947,22,1,2.5,1,45.4,5.8,3.9,1,2.66,5.1,0,2,9.9,10,6,9,74,,1,1
100948,16,2,5.11,1,80.1,9.4,7.3,0,3.88,5.5,0,4,10.5,1,8,7,89,,1,0
100949,19,1,3.9,0,50.7,8.1,5.8,0,3.83,4.1,0,2,11.7,4,10,5,97,,1,0
100950,24,2,3.1,1,81.5,7.3,8.6,0,3.03,4.3,0,1,8.8,4,6,9,78,,2,1
100951,25,0,7.1,1,42.5,5.0,6.0,1,2.46,6.4,0,1,13.9,10,2,10,64,,0,0
100952,26,1,3.7,1,79.5,7.4,9.7,1,3.06,1.9,0,1,5.4,5,8,7,81,,2,0
100953,25,0,3.6,0,95.1,8.4,8.0,0,4.0,6.0,0,4,11.1,2,5,10,96,,2,1
100954,20,0,4.0,0,48.3,7.7,1.4,1,2.35,7.9,0,3,11.3,1,3,10,67,,2,1
100955,24,0,4.13,1,78.8,7.7,4.8,0,4.0,3.4,0,1,7.6,9,10,5,100,,3,1
100956,16,2,2.6,1,74.1,6.4,8.4,0,3.4,2.2,0,4,10.0,2,10,5,82,,2,0
100957,27,2,6.7,1,42.6,9.3,5.8,0,3.21,5.6,0,0,10.4,5,5,10,77,,0,1
100958,26,2,8.16,0,49.0,4.6,8.6,0,3.78,1.0,0,3,13.5,6,7,8,88,,2,1
100959,18,0,1.3,1,51.8,5.7,4.3,0,3.52,7.1,0,0,9.5,9,6,9,90,,3,1
100960,23,1,2.4,0,58.1,6.4,4.8,0,4.0,4.2,0,5,5.1,5,8,7,100,,0,0
100961,27,0,3.8,0,66.1,9.3,8.1,0,4.0,4.4,0,4,10.1,7,10,5,97,,1,0
100962,19,1,5.9,0,90.9,6.7,7.3,0,3.2,7.2,0,4,13.2,5,4,10,79,,2,0
100963,21,0,3.2,1,57.3,5.8,7.2,1,3.35,5.8,0,4,7.4,6,4,10,76,,1,1
100964,26,1,5.1,0,48.2,7.2,7.7,0,3.95,2.3,0,1,13.5,2,5,10,98,,2,0
100965,19,1,3.2,0,59.9,6.9,6.5,1,4.0,4.2,0,3,8.0,5,6,9,100,,2,0
100966,21,0,7.8,1,51.1,9.5,10.0,1,4.0,2.4,0,3,16.0,8,8,7,100,,2,0
100967,27,2,0.0,0,62.7,7.3,5.8,0,3.59,6.5,0,0,3.7,3,10,5,91,,2,0
100968,27,1,3.6,0,65.7,5.1,5.3,1,3.65,1.0,0,3,11.3,1,7,8,99,,0,0
100969,19,2,6.4,0,46.3,9.1,5.6,0,4.0,8.1,0,4,11.4,10,8,7,100,,1,1
100970,28,1,5.8,1,57.8,6.4,3.1,0,4.0,8.1,0,4,12.2,5,7,8,95,,1,1
100971,27,2,5.3,1,66.2,5.6,7.6,0,3.51,6.3,0,5,8.6,4,10,5,86,,3,0
100972,18,0,4.7,0,44.0,6.2,7.6,1,3.27,6.7,0,3,10.0,2,4,10,88,,2,1
100973,27,2,2.0,0,98.3,5.9,7.0,1,3.69,7.4,0,1,7.2,4,7,8,95,,2,1
100974,22,1,2.1,1,59.8,5.0,9.6,1,3.17,3.1,0,1,9.3,6,6,9,89,,1,1
100975,20,0,2.2,1,57.5,7.2,6.4,1,3.33,2.0,0,2,8.9,7,6,9,83,,2,0
100976,20,0,5.63,0,89.2,7.2,6.5,1,4.0,3.3,0,2,10.3,1,4,10,100,,0,1
100977,18,1,3.7,1,84.8,8.3,10.0,1,4.0,5.0,0,4,9.0,10,7,8,100,,0,0
100978,23,1,2.2,1,52.3,8.9,6.6,0,3.99,4.7,0,5,7.8,8,5,10,100,,1,1
100979,19,2,4.1,0,88.1,4.8,6.8,1,2.94,9.9,1,2,9.0,10,3,10,74,,2,1
100980,18,1,1.8,0,44.0,7.7,5.3,0,4.0,4.7,0,2,8.8,9,3,10,99,,2,1
100981,28,2,4.1,0,83.4,6.3,7.4,1,4.0,6.4,0,1,8.6,3,8,7,100,,2,1
100982,17,0,5.2,0,68.1,7.6,4.3,0,3.77,6.6,0,4,10.3,7,6,9,100,,3,1
100983,25,1,5.8,1,98.8,6.5,9.1,1,3.9,8.1,1,5,10.8,10,1,10,100,,2,0
100984,24,2,1.3,1,58.8,6.3,4.0,0,3.69,4.7,0,0,5.7,9,10,5,88,,2,1
100985,21,2,2.51,0,73.0,5.8,8.6,1,2.34,6.5,0,1,7.2,1,3,10,58,,3,0
100986,25,0,5.9,1,90.8,4.9,6.7,1,4.0,5.3,0,3,12.0,3,1,10,93,,2,0
100987,27,2,3.95,1,94.3,8.2,6.1,0,4.0,5.0,0,0,8.7,5,10,5,100,,2,0
100988,22,0,2.7,0,90.4,4.9,8.1,1,3.71,3.6,0,0,10.0,6,6,9,97,,2,0
100989,21,1,4.7,0,98.3,8.5,6.6,1,4.0,5.2,0,1,11.3,1,2,10,96,,0,0
100990,22,2,6.8,0,92.4,9.1,4.0,0,3.7,5.9,0,3,13.9,5,6,9,94,,3,0
100991,25,0,5.93,0,92.1,9.0,10.0,0,3.36,3.9,0,4,9.4,8,3,10,85,,3,0
100992,22,2,0.0,1,53.6,4.4,5.1,1,3.04,4.8,0,3,7.9,6,2,10,72,,2,0
100993,16,0,4.0,0,79.0,6.2,9.7,0,3.09,4.3,0,1,8.7,10,2,10,80,,2,0
100994,18,1,4.5,0,82.3,7.6,7.1,1,3.89,6.7,0,2,12.2,8,8,7,100,,2,0
100995,26,2,1.3,1,47.0,5.7,8.3,1,3.23,5.8,0,0,5.5,8,8,7,90,,3,1
100996,16,1,6.6,1,76.8,5.1,7.4,0,3.89,3.9,0,5,11.9,8,7,8,100,,3,1
100997,16,1,2.8,1,54.7,9.1,8.6,0,3.2,4.8,0,3,5.8,5,7,8,89,,0,1
100998,16,1,4.5,1,93.6,7.3,3.0,0,4.0,2.5,0,2,11.6,3,3,10,100,,2,0
100999,28,1,7.2,1,89.9,5.6,5.2,1,4.0,5.6,0,4,10.6,5,9,6,99,,2,0
101000,19,2,4.88,0,74.8,8.2,8.5,1,3.89,8.5,0,3,10.3,2,5,10,100,,0,1
101001,25,0,2.6,1,43.1,6.1,6.5,1,4.0,5.3,0,0,8.2,1,1,10,98,,2,0
101002,20,1,4.3,0,69.2,8.3,8.4,1,3.5,2.8,0,1,10.8,2,1,10,93,,1,0
101003,21,0,4.51,1,40.7,8.3,4.6,1,4.0,4.4,0,5,9.1,1,3,10,97,,3,0
101004,21,2,6.05,1,55.4,7.1,7.8,1,4.0,1.0,0,1,10.2,1,2,10,100,,0,1
101005,27,2,5.7,1,42.8,6.7,7.7,1,3.31,2.4,0,2,12.7,10,1,10,84,,3,0
101006,19,1,4.8,1,60.1,9.8,9.7,1,3.76,2.6,0,2,13.2,3,4,10,98,,3,0
101007,25,0,4.4,1,66.2,5.6,10.0,0,2.89,6.5,0,3,9.8,4,5,10,75,,0,1
101008,19,0,2.8,0,97.6,5.5,7.6,1,2.75,6.8,0,2,9.6,9,1,10,72,,2,1
101009,23,0,6.5,0,80.0,5.0,6.0,0,4.0,4.7,0,1,15.7,7,3,10,94,,2,1
101010,20,1,3.6,0,97.1,8.4,6.7,1,3.46,6.9,0,4,11.7,6,5,10,88,,3,0
101011,27,0,2.4,0,64.9,6.6,9.4,1,3.74,2.9,0,0,8.6,9,2,10,93,,2,0
101012,16,1,8.18,1,88.9,7.8,6.7,0,3.7,7.0,0,0,16.4,3,7,8,95,,2,1
101013,20,0,1.6,0,90.5,8.1,8.7,0,3.2,5.3,0,3,10.6,4,10,5,73,,3,1
101014,25,0,6.7,1,64.7,8.2,4.8,1,4.0,5.7,0,0,10.7,6,4,10,96,,1,1
101015,18,0,1.4,1,56.3,5.3,4.3,0,3.65,8.6,0,0,5.0,7,8,7,86,,1,1
101016,20,1,2.6,1,64.0,8.1,8.9,1,3.89,6.3,0,1,5.1,10,2,10,97,,3,0
101017,16,1,7.3,0,48.7,7.1,7.5,1,4.0,6.3,0,1,10.3,9,6,9,100,,1,1
101018,21,1,7.0,1,45.9,5.1,6.7,0,4.0,4.6,0,0,13.3,2,4,10,90,,3,1
101019,18,0,6.8,1,96.0,7.2,10.0,1,3.83,4.0,0,3,12.2,7,8,7,100,,2,0
101020,19,2,4.79,1,78.5,6.7,6.1,1,2.95,6.3,0,3,8.3,2,4,10,72,,2,0
101021,25,2,4.0,0,84.4,5.4,4.7,1,4.0,3.9,0,4,7.6,6,5,10,100,,1,0
101022,27,2,0.0,0,66.0,7.9,8.6,0,3.79,6.0,0,1,2.0,6,6,9,89,,1,1
101023,23,2,5.9,0,68.6,5.6,6.5,1,3.68,4.1,0,3,8.8,5,2,10,97,,0,1
101024,18,0,7.04,1,69.2,7.9,3.1,1,3.92,3.3,0,5,10.4,7,3,10,97,,2,0
101025,18,1,4.2,1,61.5,6.5,3.6,1,3.48,8.1,1,0,7.2,1,1,10,88,,3,1
101026,19,0,7.24,1,95.4,5.6,3.7,0,4.0,7.0,0,3,13.8,2,6,9,100,,2,1
101027,24,1,6.67,1,92.3,7.9,6.4,1,3.56,7.5,0,5,12.5,5,5,10,92,,2,1
101028,18,2,5.78,1,67.9,4.2,8.5,1,3.15,6.6,0,1,11.4,3,2,10,83,,1,1
101029,27,0,7.0,0,51.2,7.4,4.3,0,3.96,5.5,0,1,12.7,10,7,8,95,,1,1
101030,24,2,5.7,1,66.6,6.0,9.2,0,4.0,2.6,0,0,10.4,3,8,7,100,,3,1
101031,20,2,5.6,1,57.7,7.0,3.8,0,4.0,5.9,0,2,10.8,6,1,10,100,,0,0
101032,18,1,3.6,1,76.0,9.8,5.9,0,3.69,7.2,0,3,10.5,8,5,10,88,,1,0
101033,25,0,11.01,0,61.5,8.7,7.3,1,4.0,3.3,0,1,17.5,9,3,10,100,,2,1
101034,25,0,0.0,1,64.4,7.9,6.4,0,3.46,5.4,0,3,6.4,6,4,10,88,,2,1
101035,16,0,5.4,0,40.5,7.7,5.4,1,3.22,6.6,0,4,10.7,10,1,10,75,,1,1
101036,19,0,3.2,1,51.1,6.4,6.6,1,4.0,3.8,0,2,7.7,8,2,10,97,,3,1
101037,16,2,3.2,1,67.9,8.4,6.2,1,3.55,4.4,0,5,6.7,6,7,8,75,,2,0
101038,17,2,1.8,1,50.6,8.5,6.7,1,4.0,3.7,0,5,10.1,3,1,10,100,,1,0
101039,21,0,4.5,0,41.4,7.8,4.1,1,3.34,6.2,0,3,8.1,7,4,10,85,,3,1
101040,17,2,2.4,1,45.0,6.4,6.6,1,3.9,4.0,0,1,8.5,4,1,10,97,,1,1
101041,25,2,3.9,1,47.6,7.3,4.9,1,4.0,2.7,0,3,10.0,5,2,10,100,,2,1
101042,22,0,6.9,0,49.8,6.4,6.2,1,3.5,6.2,0,1,11.1,7,8,7,92,,3,0
101043,23,1,5.8,0,98.6,4.0,7.1,1,4.0,1.0,0,4,12.3,5,10,5,99,,3,0
101044,20,2,4.1,1,63.0,6.8,7.8,0,4.0,5.9,0,1,7.8,1,7,8,100,,1,1
101045,25,1,3.4,1,92.1,9.2,8.9,0,3.94,4.9,0,5,4.8,3,4,10,95,,1,0
101046,27,2,0.4,0,67.5,6.2,7.3,0,3.38,8.3,1,1,2.6,3,2,10,81,,2,1
101047,23,2,3.6,1,64.4,6.9,7.4,0,4.0,10.0,0,1,8.5,7,4,10,95,,3,1
101048,16,1,4.6,0,80.5,4.6,10.0,1,4.0,5.3,0,2,10.0,9,10,5,90,,2,1
101049,26,2,8.4,0,48.7,5.4,6.4,1,3.81,1.0,0,2,12.8,4,6,9,94,,2,0
101050,20,0,8.18,0,43.7,7.4,10.0,1,3.65,3.0,0,1,15.4,6,7,8,89,,1,0
101051,21,1,2.2,0,95.3,6.7,4.4,1,2.75,2.5,0,4,3.9,5,8,7,70,,2,1
101052,16,1,4.7,0,46.8,7.6,9.9,1,4.0,2.4,0,1,11.0,8,6,9,100,,3,0
101053,22,1,4.3,0,59.6,7.5,7.7,1,3.55,2.8,0,3,9.5,4,6,9,92,,1,1
101054,22,2,6.9,0,76.3,9.7,7.2,0,4.0,3.1,0,3,11.6,3,9,6,100,,1,0
101055,22,2,1.7,0,96.6,7.2,7.9,0,3.39,3.2,0,5,5.0,9,8,7,91,,2,0
101056,16,2,0.8,1,48.4,4.8,4.4,0,2.29,8.0,0,0,6.6,9,7,8,59,,1,1
101057,18,1,4.29,0,99.1,5.9,6.2,1,3.02,4.6,0,2,11.8,7,2,10,70,,2,1
101058,27,2,3.2,0,57.3,6.3,8.4,0,4.0,4.0,0,3,10.0,6,3,10,100,,0,0
101059,26,2,5.4,0,67.5,7.0,4.4,1,4.0,5.8,0,5,11.4,4,7,8,94,,1,1
101060,25,1,1.65,1,73.6,8.6,4.2,1,3.51,7.5,0,2,3.9,6,10,5,93,,3,1
101061,24,2,4.6,0,54.5,6.5,10.0,0,3.07,3.9,0,1,10.5,7,5,10,80,,2,0
101062,17,0,4.2,0,99.3,9.2,6.9,0,3.67,4.2,0,5,9.2,1,1,10,89,,3,1
101063,16,1,7.4,1,64.0,8.4,5.5,0,3.88,3.4,0,5,13.1,4,4,10,98,,2,0
101064,28,1,8.59,1,88.6,5.1,6.1,1,4.0,4.0,0,2,10.9,3,9,6,100,,1,1
101065,17,0,3.2,1,50.2,4.0,3.5,1,3.14,6.1,0,4,7.2,2,3,10,72,,1,0
101066,20,0,5.2,0,80.5,6.1,5.8,1,4.0,5.7,0,2,11.9,7,8,7,100,,2,0
101067,18,1,4.8,0,64.3,6.4,9.8,1,4.0,4.4,0,4,10.0,2,9,6,100,,1,1
101068,28,1,3.7,0,50.3,6.6,8.5,0,4.0,4.8,0,5,11.1,7,8,7,95,,3,1
101069,19,0,5.7,1,67.8,10.7,5.3,0,4.0,4.6,0,3,13.4,10,9,6,100,,1,0
101070,23,1,2.8,0,41.8,6.3,7.7,0,3.17,6.9,0,4,10.5,8,2,10,78,,0,1
101071,19,2,3.05,0,92.4,5.8,7.3,0,3.5,1.9,0,3,9.3,10,3,10,86,,1,1
101072,24,0,3.7,1,43.8,7.7,6.8,1,3.95,7.6,0,4,8.4,5,3,10,98,,2,0
101073,21,1,4.2,1,86.9,4.0,10.0,1,2.64,4.1,0,5,10.3,3,5,10,69,,3,0
101074,28,2,3.4,1,58.3,5.3,3.8,0,4.0,4.1,0,2,12.2,7,8,7,96,,1,0
101075,26,0,5.8,1,61.2,5.3,9.1,0,4.0,4.5,0,2,11.2,5,9,6,100,,2,1
101076,26,2,7.7,0,68.4,8.1,4.1,0,4.0,6.3,0,5,11.4,10,5,10,99,,1,1
101077,20,0,4.3,0,75.8,5.8,6.0,1,2.48,8.6,1,4,8.1,3,1,10,53,,2,0
101078,28,1,2.9,0,80.0,6.1,7.8,0,3.52,7.8,0,2,10.4,9,1,10,88,,0,1
101079,17,0,1.79,1,75.8,6.5,7.1,0,2.67,8.0,0,5,3.8,8,10,5,56,,2,0
101080,27,1,6.06,1,90.4,8.6,3.1,0,3.98,6.6,0,4,14.1,6,2,10,99,,2,1
101081,19,2,3.8,0,75.1,6.4,4.7,0,3.58,7.3,0,5,13.5,5,6,9,98,,0,1
101082,16,0,4.7,1,80.1,7.6,8.5,1,4.0,7.2,0,0,10.9,3,7,8,100,,2,1
101083,24,0,0.1,0,54.4,7.0,3.7,0,4.0,6.3,0,2,4.3,10,6,9,94,,2,1
101084,21,1,4.5,1,89.7,5.0,8.7,1,4.0,3.7,0,0,13.4,1,5,10,100,,2,1
101085,18,0,4.7,0,48.0,6.0,6.1,0,3.35,1.6,0,2,8.7,7,8,7,82,,2,0
101086,20,2,5.6,0,93.2,4.0,8.5,1,3.38,1.2,0,1,10.7,10,8,7,82,,2,1
101087,26,2,5.86,1,84.6,4.8,4.5,0,3.34,5.2,0,0,9.5,10,3,10,82,,2,1
101088,28,0,4.3,0,78.6,7.4,8.5,0,3.31,2.1,0,2,10.8,10,2,10,78,,3,0
101089,16,1,1.2,1,92.8,8.9,8.2,0,4.0,1.4,0,0,9.2,7,8,7,100,,3,1
101090,20,1,2.4,0,72.5,8.4,9.0,0,4.0,5.9,0,2,8.5,9,3,10,100,,2,1
101091,17,1,3.6,0,87.8,6.9,5.6,1,4.0,5.4,0,5,7.3,4,2,10,100,,3,0
101092,22,1,3.8,1,65.7,8.1,5.5,1,4.0,5.4,0,0,9.5,6,3,10,93,,3,0
101093,23,1,2.2,0,44.9,5.0,4.0,0,3.02,1.3,0,2,5.4,10,5,10,67,,1,1
101094,22,2,5.2,0,84.1,8.3,4.0,0,3.61,5.8,0,1,10.0,7,3,10,84,,3,1
101095,27,0,1.8,1,89.4,6.6,4.9,1,3.92,4.2,0,3,7.2,5,7,8,98,,1,0
101096,18,0,6.8,1,62.5,5.7,6.5,1,4.0,3.7,0,3,9.9,10,7,8,100,,0,1
101097,20,0,7.01,0,40.2,8.4,7.5,0,4.0,4.2,0,4,10.3,10,4,10,99,,3,1
101098,18,2,3.3,1,74.7,6.5,8.8,0,3.98,5.7,0,0,7.3,3,9,6,100,,1,1
101099,17,2,4.13,0,93.7,6.6,6.2,1,3.5,5.6,0,0,10.9,10,1,10,82,,2,1
101100,20,2,1.8,0,69.6,7.0,6.4,0,2.75,4.9,0,3,10.4,4,2,10,64,,3,1
101101,21,0,3.3,0,71.5,7.4,2.3,1,4.0,2.4,0,0,8.0,10,10,5,100,,0,1
101102,28,1,1.9,0,65.3,7.1,5.4,1,3.51,9.7,0,0,6.3,8,10,5,95,,1,0
101103,20,2,3.0,1,94.2,7.0,6.0,0,4.0,5.0,0,2,7.3,10,10,5,100,,2,1
101104,27,1,2.5,1,77.8,8.0,8.3,0,3.9,4.9,0,3,9.9,7,3,10,99,,2,0
101105,28,1,6.37,1,86.6,5.3,4.4,0,3.97,5.1,0,3,9.2,10,7,8,100,,3,0
101106,27,2,9.7,0,69.0,6.3,4.5,1,4.0,6.8,0,1,17.7,2,7,8,100,,3,0
101107,25,0,5.5,0,58.3,8.8,5.8,1,4.0,5.8,0,0,7.8,5,2,10,100,,1,1
101108,22,2,4.7,1,50.1,4.9,5.0,0,3.73,5.4,0,2,10.6,3,1,10,92,,1,1
101109,16,2,4.7,0,65.0,5.1,3.2,0,3.61,2.1,0,4,11.4,5,2,10,89,,2,1
101110,27,1,6.5,1,63.1,5.4,6.7,0,3.27,4.3,0,4,15.4,4,6,9,89,,2,1
101111,25,1,3.54,1,54.0,6.0,3.9,0,3.63,5.8,0,0,6.7,5,2,10,95,,1,0
101112,25,1,1.8,0,88.4,5.8,1.9,1,2.59,1.5,0,5,6.0,4,4,10,70,,1,0
101113,24,0,4.7,1,73.3,9.7,6.0,0,3.3,5.6,0,4,10.2,4,6,9,86,,1,0
101114,26,2,0.7,0,59.4,6.5,6.9,0,2.3,6.9,0,4,8.1,6,1,10,54,,3,1
101115,28,2,7.3,1,65.8,4.1,7.1,0,4.0,6.5,0,5,12.8,5,8,7,99,,3,1
101116,16,0,8.5,1,46.2,7.0,5.7,0,4.0,1.6,0,4,13.3,7,6,9,100,,0,0
101117,22,1,1.0,0,76.6,4.3,8.7,0,3.51,6.2,0,0,3.4,9,6,9,85,,1,0
101118,26,0,7.6,1,44.3,5.9,7.1,0,4.0,5.8,0,1,12.8,3,6,9,100,,1,1
101119,21,1,4.9,0,85.6,8.1,2.1,0,3.59,4.2,0,4,12.8,4,7,8,94,,3,0
101120,21,1,2.93,1,78.6,9.8,7.9,1,3.27,3.1,0,1,10.6,8,8,7,80,,3,1
101121,22,0,3.9,1,84.8,6.5,8.0,1,2.86,7.6,0,3,8.2,9,2,10,79,,2,0
101122,26,0,6.67,1,93.4,7.5,3.8,0,4.0,4.6,0,2,12.8,9,6,9,97,,0,1
101123,28,0,3.7,0,92.7,6.2,6.7,1,2.95,2.4,0,1,7.8,7,8,7,71,,1,1
101124,16,0,2.7,0,79.1,6.1,5.9,1,3.75,6.8,0,3,5.3,1,1,10,95,,2,1
101125,21,0,4.2,1,60.5,7.8,7.5,0,4.0,3.6,0,0,11.6,3,7,8,100,,3,0
101126,20,0,1.96,1,90.0,6.9,5.6,1,3.51,5.1,0,0,5.7,2,6,9,83,,0,0
101127,20,2,2.2,0,84.0,5.7,6.8,0,3.56,5.9,0,2,8.1,3,10,5,83,,2,1
101128,25,2,4.2,1,94.5,5.9,7.3,0,4.0,3.2,0,0,10.5,8,4,10,100,,1,1
101129,20,1,6.3,1,55.2,5.5,8.3,1,2.36,6.6,0,2,10.7,3,5,10,60,,2,1
101130,25,0,2.6,1,64.8,6.5,7.9,1,2.72,5.9,0,5,6.5,5,2,10,68,,2,1
101131,19,1,4.3,0,78.3,8.5,9.6,1,4.0,5.3,0,4,6.7,10,6,9,94,,2,1
101132,20,2,5.4,1,52.9,8.0,5.3,0,4.0,2.9,0,5,11.6,4,5,10,91,,2,1
101133,28,1,4.4,1,46.2,8.0,5.2,1,3.19,3.2,0,4,11.3,8,4,10,82,,3,0
101134,21,1,3.9,0,51.7,6.4,4.8,1,2.38,5.1,0,3,7.7,4,1,10,57,,1,0
101135,24,1,1.2,1,54.2,6.6,7.3,0,3.08,4.8,0,4,6.1,2,9,6,75,,1,0
101136,25,0,6.4,1,95.1,5.9,5.9,0,2.92,5.3,0,2,11.3,10,2,10,76,,3,1
101137,18,2,3.9,1,90.1,7.2,9.7,0,4.0,6.4,0,5,11.4,1,9,6,93,,0,1
101138,17,2,6.34,0,42.9,5.0,10.0,1,4.0,1.0,0,5,13.1,1,8,7,93,,2,1
101139,18,0,3.6,1,82.4,5.0,8.6,1,3.08,2.1,0,1,8.8,1,7,8,80,,3,1
101140,20,1,5.9,0,55.4,7.7,5.9,0,3.61,1.6,0,0,14.8,10,9,6,89,,3,0
101141,22,0,1.7,0,65.5,6.1,6.6,1,3.91,4.2,0,1,9.9,4,2,10,96,,3,1
101142,25,1,2.47,1,52.9,7.3,5.3,0,3.81,4.6,0,5,9.7,5,9,6,96,,0,1
101143,25,0,3.4,1,93.0,7.6,5.9,0,2.38,5.8,0,5,7.5,4,1,10,47,,3,0
101144,22,0,4.99,0,92.4,8.4,9.6,0,3.07,3.4,0,2,10.8,9,1,10,74,,3,0
101145,19,1,6.4,0,88.1,7.8,6.8,0,4.0,4.6,0,0,12.1,5,10,5,96,,2,0
101146,19,0,2.7,1,56.5,9.3,5.3,0,3.65,2.0,0,2,7.3,2,5,10,84,,1,1
101147,28,1,4.4,0,58.6,6.3,10.0,0,4.0,6.4,0,1,9.0,9,10,5,100,,2,1
101148,21,2,4.4,1,50.4,5.1,10.0,1,4.0,3.7,0,4,11.7,5,9,6,98,,2,1
101149,18,0,2.3,1,40.5,7.0,7.6,0,3.06,2.4,0,1,11.7,1,2,10,65,,3,1
101150,21,2,3.9,0,42.5,5.6,9.3,1,4.0,1.5,0,3,5.3,7,3,10,100,,1,1
101151,27,0,1.4,1,50.2,6.5,8.9,1,3.75,2.7,0,2,8.7,4,9,6,96,,1,1
101152,24,1,5.5,0,66.7,6.5,6.1,1,3.84,3.0,0,0,11.3,6,2,10,100,,2,1
101153,23,0,5.4,1,95.1,6.0,6.8,1,3.49,3.7,0,3,12.0,4,9,6,90,,2,1
101154,22,0,2.5,1,53.4,6.5,6.3,0,4.0,7.5,0,5,7.4,8,2,10,100,,2,1
101155,16,2,5.2,0,79.8,4.0,8.7,0,4.0,5.4,0,2,9.1,5,8,7,97,,2,1
101156,19,2,7.1,0,58.5,4.6,4.2,1,3.65,4.0,0,1,10.2,6,8,7,89,,2,1
101157,24,0,0.9,1,42.7,5.5,6.1,0,3.75,5.5,0,5,6.0,2,4,10,88,,0,0
101158,28,2,5.6,1,55.3,7.4,6.4,0,3.72,6.6,0,0,13.8,4,5,10,96,,0,1
101159,24,2,4.3,0,60.9,9.4,7.9,0,3.74,5.3,0,3,8.9,8,1,10,94,,2,0
101160,24,0,5.0,0,79.9,8.7,9.2,0,4.0,4.2,0,3,11.8,8,7,8,98,,1,0
101161,19,0,3.0,0,53.8,8.7,5.6,1,3.64,4.9,0,2,7.0,10,1,10,92,,2,1
101162,18,0,5.5,1,97.0,8.0,10.0,0,4.0,4.4,0,3,12.8,1,1,10,98,,2,1
101163,21,2,6.8,1,82.5,5.9,6.6,1,3.26,4.8,0,1,12.5,9,7,8,79,,2,1
101164,26,1,6.4,1,90.6,4.8,6.1,0,4.0,4.2,0,5,8.2,6,8,7,93,,3,1
101165,19,1,0.5,0,45.1,6.1,9.5,0,2.73,4.7,0,5,8.1,9,1,10,67,,1,0
101166,26,2,1.16,0,41.7,7.7,7.0,0,2.49,7.9,0,3,8.2,4,4,10,60,,1,0
101167,18,2,0.6,1,99.5,4.0,6.2,1,2.82,4.7,0,4,8.1,2,9,6,72,,1,0
101168,21,1,6.3,0,73.7,8.9,6.4,1,4.0,6.8,0,2,10.4,7,10,5,98,,2,0
101169,26,0,3.3,0,76.6,8.0,4.8,0,3.44,4.8,0,1,7.8,1,10,5,85,,2,0
101170,21,2,6.3,1,97.3,8.4,5.8,1,4.0,6.7,0,2,11.7,6,4,10,95,,1,1
101171,18,0,4.75,1,48.5,8.1,9.3,1,3.15,5.1,0,4,9.4,4,6,9,70,,1,1
101172,26,1,6.24,0,47.3,8.4,7.6,0,3.29,7.7,0,4,11.4,1,2,10,78,,3,1
101173,21,0,1.8,1,42.0,6.5,4.4,1,2.0,7.0,0,0,9.1,10,5,10,52,,2,1
101174,22,0,2.8,0,67.9,9.3,7.3,1,3.9,7.1,0,5,10.1,7,5,10,100,,2,0
101175,19,1,5.2,1,94.7,7.4,8.2,1,3.82,2.9,0,5,12.1,2,1,10,100,,3,1
101176,23,2,6.4,1,89.1,7.5,6.3,0,4.0,9.2,1,4,8.6,7,2,10,92,,3,1
101177,23,0,3.4,0,57.8,5.1,4.9,0,2.9,7.9,0,2,8.3,10,1,10,75,,1,1
101178,27,0,5.11,0,93.0,4.7,5.5,1,3.38,3.7,0,1,9.4,6,8,7,87,,2,0
101179,23,0,7.2,0,50.3,7.1,8.6,1,3.53,5.2,0,1,13.7,9,3,10,85,,2,0
101180,16,1,4.9,0,74.0,7.8,5.7,0,3.65,6.4,0,4,14.5,1,7,8,82,,3,0
101181,22,0,0.2,1,71.9,9.0,7.5,1,2.47,7.0,0,4,3.8,9,8,7,63,,1,0
101182,26,2,6.51,1,98.2,9.0,10.0,0,3.2,4.1,0,1,11.0,9,7,8,77,,2,0
101183,16,1,4.5,1,73.6,7.1,8.4,1,3.1,4.5,0,4,12.9,10,3,10,77,,2,1
101184,23,1,2.7,0,58.6,6.0,7.5,1,3.42,4.5,0,0,7.9,4,3,10,89,,3,1
101185,21,1,3.5,1,44.9,7.1,5.6,0,3.54,3.1,0,5,7.8,6,5,10,86,,3,1
101186,27,1,3.88,0,55.2,8.6,6.6,0,4.0,1.9,0,1,8.6,7,1,10,100,,2,0
101187,19,1,2.1,0,91.9,5.8,7.6,1,4.0,4.8,0,4,5.7,4,3,10,98,,2,0
101188,21,2,4.9,0,80.2,7.2,7.3,1,4.0,2.2,0,5,11.2,2,10,5,100,,3,1
101189,21,1,0.5,1,60.6,7.3,8.1,0,2.54,3.5,0,4,7.6,2,2,10,59,,2,1
101190,18,1,5.4,0,63.1,6.1,7.8,0,4.0,5.6,0,3,14.0,9,4,10,98,,3,1
101191,27,0,3.2,0,71.1,4.9,8.6,0,3.06,3.2,0,4,9.4,8,2,10,83,,3,1
101192,26,2,2.93,1,83.3,8.2,8.0,1,3.63,3.1,0,1,10.7,2,7,8,85,,3,1
101193,20,1,0.2,1,83.1,6.9,7.5,1,3.78,3.4,0,1,4.9,6,3,10,88,,0,1
101194,18,0,0.8,0,95.1,6.7,9.0,0,4.0,3.4,0,1,8.7,10,9,6,96,,1,1
101195,18,2,1.7,0,87.4,4.0,7.5,0,3.11,4.6,0,0,10.8,5,8,7,78,,2,0
101196,27,1,5.1,1,70.2,6.0,7.0,1,3.55,6.0,0,0,12.6,5,1,10,85,,2,1
101197,22,2,4.6,1,81.0,5.5,6.1,0,4.0,4.9,0,5,10.6,6,4,10,96,,1,1
101198,21,1,4.0,1,53.9,6.7,9.1,0,3.19,3.3,0,3,10.7,3,4,10,89,,1,1
101199,20,1,4.1,1,89.3,7.9,4.7,0,2.9,2.9,0,4,6.1,2,6,9,77,,2,0
101200,20,2,5.2,0,62.3,7.4,4.5,1,4.0,4.5,0,0,11.6,6,4,10,93,,3,0
101201,25,1,3.0,1,46.6,5.4,7.5,0,4.0,7.1,0,1,7.4,8,2,10,94,,2,1
101202,24,2,5.1,0,93.5,8.4,2.0,0,3.84,5.3,0,0,11.0,3,1,10,91,,1,1
101203,21,1,5.1,1,51.4,5.3,7.9,0,2.73,4.6,0,0,10.8,9,1,10,61,,0,1
101204,20,0,5.2,1,88.0,7.4,5.9,1,4.0,1.2,0,5,10.6,4,9,6,95,,1,1
101205,21,1,6.6,0,62.8,6.9,7.3,1,4.0,6.9,0,4,11.0,8,3,10,100,,3,1
101206,17,2,4.5,0,97.6,6.8,4.9,1,3.3,6.1,0,2,8.2,8,9,6,88,,3,0
101207,21,0,2.8,0,67.0,8.5,6.3,0,3.35,3.9,0,2,5.8,8,2,10,86,,2,1
101208,26,2,0.0,1,83.2,6.2,6.9,0,3.89,6.1,0,5,6.0,7,6,9,97,,2,0
101209,23,0,3.1,1,57.0,8.7,6.4,1,4.0,8.6,1,2,7.5,2,3,10,95,,2,1
101210,21,0,8.37,0,64.1,8.0,4.0,0,3.93,3.9,0,1,13.9,8,3,10,98,,0,0
101211,28,0,5.2,1,69.5,8.0,3.9,1,4.0,7.8,0,3,9.1,8,10,5,100,,1,0
101212,28,0,2.5,1,43.3,6.7,2.9,0,3.04,7.4,0,5,5.4,3,4,10,73,,2,0
101213,23,0,4.26,0,60.2,6.1,8.8,1,3.25,7.1,0,4,12.6,9,2,10,81,,3,0
101214,20,0,3.0,0,58.2,8.1,8.8,1,3.4,4.4,0,0,11.0,5,9,6,90,,2,1
101215,19,0,4.1,1,62.8,6.3,10.0,0,2.53,3.3,0,0,9.8,5,2,10,65,,1,0
101216,16,0,2.1,1,83.6,7.9,3.5,1,3.55,1.0,0,2,9.9,4,5,10,100,,3,0
101217,17,1,6.29,1,92.4,7.3,10.0,1,3.84,5.1,0,2,11.7,8,1,10,95,,2,1
101218,28,1,4.1,1,56.3,8.0,4.2,0,4.0,7.5,0,0,8.5,6,8,7,100,,3,1
101219,19,1,5.4,0,45.3,9.0,5.5,0,3.24,7.2,0,3,8.3,2,1,10,80,,1,0
101220,21,1,7.78,0,64.4,7.9,7.2,0,2.65,6.3,0,3,16.5,7,1,10,71,,0,0
101221,20,2,4.0,0,41.5,5.4,8.2,0,3.06,3.3,0,2,7.5,1,2,10,78,,1,0
101222,25,1,1.6,0,77.0,5.6,4.3,1,3.83,7.5,0,3,10.7,5,5,10,98,,3,0
101223,23,0,5.7,1,89.1,6.1,6.9,0,3.19,6.1,0,3,9.0,1,1,10,78,,0,1
101224,21,1,5.8,1,56.4,6.7,3.8,0,4.0,4.4,0,1,15.6,9,6,9,100,,2,0
101225,25,1,8.0,0,95.0,8.1,9.2,1,4.0,2.6,0,2,13.1,1,6,9,100,,2,1
101226,23,2,7.1,1,85.0,5.8,6.9,0,3.81,1.0,0,2,14.3,10,9,6,97,,2,0
101227,26,2,2.8,0,83.5,8.0,7.4,0,3.24,5.5,0,4,9.7,10,3,10,79,,2,0
101228,18,0,5.42,1,51.6,7.3,2.5,1,3.73,2.0,0,5,10.9,10,9,6,92,,0,0
101229,27,2,1.6,1,68.7,7.5,8.2,0,3.51,4.8,0,3,10.0,1,5,10,82,,1,1
101230,26,1,3.2,0,41.3,6.2,6.4,0,3.6,6.4,0,5,8.7,7,5,10,88,,0,1
101231,27,1,3.94,1,64.8,9.3,5.6,0,3.89,7.4,0,5,9.0,4,3,10,92,,0,1
101232,19,2,5.1,1,90.7,8.5,3.4,1,3.53,7.1,0,4,11.7,3,10,5,87,,0,1
101233,20,1,2.1,0,59.2,6.0,7.7,1,4.0,4.5,0,1,4.9,6,6,9,100,,2,1
101234,28,0,4.9,1,68.1,7.9,5.8,1,3.5,1.7,0,4,10.4,7,7,8,89,,1,0
101235,20,1,2.1,1,76.1,7.4,6.9,0,4.0,3.2,0,2,9.0,6,6,9,96,,1,0
101236,26,1,8.03,0,46.2,9.0,7.6,1,3.99,5.3,0,1,15.7,3,4,10,100,,2,0
101237,16,2,0.0,1,81.0,6.9,10.0,0,4.0,4.3,0,2,5.1,3,8,7,100,,1,0
101238,24,0,6.0,1,89.8,4.0,7.3,0,3.75,5.1,0,1,8.4,10,7,8,96,,3,0
101239,25,2,3.9,0,81.3,5.7,4.1,0,3.27,3.8,0,0,7.0,7,3,10,81,,2,0
101240,23,1,3.2,0,92.6,7.5,8.0,1,4.0,1.1,0,4,8.0,6,4,10,97,,3,0
101241,16,2,7.01,0,54.9,9.8,7.9,1,3.45,5.9,0,3,14.5,5,5,10,79,,1,0
101242,20,2,3.8,1,48.6,8.4,5.3,0,3.92,6.4,0,2,9.0,1,10,5,99,,0,0
101243,16,2,3.4,0,48.0,4.6,8.4,1,4.0,6.3,0,5,6.2,6,9,6,100,,2,0
101244,20,1,4.8,1,45.2,8.5,6.2,0,3.89,6.9,0,4,10.7,6,9,6,100,,1,1
101245,24,2,3.6,1,88.1,8.0,9.1,1,3.3,5.2,0,2,10.3,10,8,7,89,,2,1
101246,18,1,3.7,0,66.6,6.8,2.7,0,2.43,6.0,0,2,7.5,2,2,10,54,,2,0
101247,28,0,4.3,1,98.1,7.5,6.0,0,3.28,7.6,0,4,7.4,6,3,10,75,,2,1
101248,25,0,4.87,1,40.4,7.5,9.6,0,3.76,4.9,0,4,12.8,7,2,10,92,,3,1
101249,18,0,2.74,0,84.0,7.0,8.2,1,4.0,1.4,0,4,8.4,9,7,8,99,,1,0
101250,23,0,4.2,1,86.9,6.1,8.2,1,3.45,8.1,1,1,12.9,5,2,10,93,,2,1
101251,27,0,4.4,0,55.0,6.7,6.1,0,4.0,2.2,0,4,10.6,10,9,6,91,,2,1
101252,27,2,1.9,0,99.8,8.9,5.4,0,4.0,5.3,0,5,9.8,1,8,7,100,,2,0
101253,26,1,3.1,0,63.3,4.8,7.7,0,3.41,7.8,0,4,9.0,9,6,9,83,,0,1
101254,25,0,4.5,1,49.5,8.9,5.5,1,3.47,5.8,0,1,12.6,5,10,5,74,,2,0
101255,19,0,3.7,1,99.2,7.4,6.5,0,2.9,7.4,0,2,7.0,1,7,8,74,,2,1
101256,20,0,6.0,0,68.7,5.5,4.7,0,4.0,4.8,0,1,14.9,6,1,10,100,,3,1
101257,18,2,3.5,1,62.2,7.2,5.0,0,3.63,7.8,0,3,9.9,6,1,10,97,,2,0
101258,16,0,5.3,0,80.7,5.8,8.0,1,4.0,5.6,0,3,13.7,3,4,10,100,,1,0
101259,25,1,6.9,1,78.6,7.1,3.5,1,3.2,5.5,0,4,11.9,2,6,9,78,,2,0
101260,19,0,5.7,0,85.3,6.4,2.8,0,3.35,5.1,0,2,11.9,2,10,5,81,,2,1
101261,19,1,6.8,1,66.7,7.0,4.5,1,4.0,6.1,0,4,8.5,6,5,10,92,,2,0
101262,23,1,5.6,1,98.9,6.7,8.5,0,3.75,6.6,0,2,12.9,1,5,10,100,,1,0
101263,18,2,5.3,0,95.0,7.6,5.2,1,3.6,5.4,0,4,14.4,8,4,10,83,,1,1
101264,24,0,3.17,1,97.2,4.8,8.0,0,4.0,2.5,0,1,10.3,7,9,6,100,,1,0
101265,22,2,5.8,0,42.0,5.4,6.4,0,3.69,4.9,0,3,11.4,9,1,10,93,,0,1
101266,25,0,6.5,1,99.0,6.4,7.6,0,4.0,5.9,0,4,13.4,7,1,10,94,,2,0
101267,26,0,6.4,0,62.0,5.3,6.9,1,2.91,6.9,0,1,13.3,2,1,10,73,,2,0
101268,22,2,6.6,0,45.5,8.5,8.1,0,4.0,6.7,0,2,12.1,1,8,7,100,,1,1
101269,16,2,2.7,0,42.0,4.1,4.2,1,3.13,5.7,0,3,7.9,8,6,9,73,,2,1
101270,26,2,8.0,1,49.1,7.4,3.0,0,3.55,7.7,0,2,14.2,5,3,10,78,,1,1
101271,28,2,9.3,0,92.1,9.0,9.0,1,4.0,8.2,0,3,16.2,10,10,5,90,,1,1
101272,28,1,3.1,0,71.0,6.9,8.6,0,3.52,7.4,0,1,10.4,10,1,10,95,,2,0
101273,20,2,7.76,0,48.7,6.2,1.0,0,4.0,7.3,0,0,11.3,2,2,10,100,,3,0
101274,24,0,4.2,0,83.4,6.5,5.4,1,3.14,5.2,0,3,8.7,9,1,10,88,,2,1
101275,20,1,2.9,1,95.3,7.0,8.2,1,4.0,5.6,0,2,10.9,10,3,10,100,,2,0
101276,25,2,3.3,0,80.9,7.1,4.5,0,3.51,4.0,0,0,12.8,5,7,8,94,,1,1
101277,28,0,2.3,1,96.4,6.7,5.4,0,2.58,8.3,0,0,9.3,9,5,10,60,,0,1
101278,17,2,1.2,0,55.1,6.3,8.3,1,3.42,5.7,0,3,8.9,1,2,10,88,,2,1
101279,25,1,1.0,0,98.0,9.0,5.4,1,4.0,4.5,0,1,4.0,7,6,9,100,,1,0
101280,17,0,4.94,1,44.0,7.3,7.8,0,3.23,4.8,0,0,13.4,5,8,7,84,,2,0
101281,28,1,5.5,1,65.0,9.2,5.5,1,3.83,2.7,0,3,11.0,10,9,6,90,,1,1
101282,21,2,7.0,1,75.0,6.3,9.0,1,3.65,6.5,0,4,14.8,5,7,8,100,,2,1
101283,18,2,4.8,0,45.5,8.0,10.0,1,3.55,6.8,0,2,10.2,3,1,10,89,,2,1
101284,18,0,3.0,0,98.9,7.4,10.0,1,3.71,6.7,0,0,5.4,9,8,7,84,,3,1
101285,27,1,1.5,1,68.8,7.7,7.7,1,3.61,4.3,0,0,10.5,4,3,10,83,,3,1
101286,16,0,5.0,0,50.2,4.0,1.5,0,3.18,5.9,0,2,11.6,5,3,10,80,,0,1
101287,20,0,5.6,0,87.3,5.6,9.3,0,3.85,5.1,0,2,14.5,8,4,10,99,,1,0
101288,20,2,4.5,0,61.1,5.2,10.0,0,4.0,3.3,0,4,12.9,1,7,8,100,,3,1
101289,25,2,1.6,0,53.5,6.5,6.6,0,2.58,3.8,0,3,5.6,1,2,10,68,,2,0
101290,18,2,6.0,0,62.0,5.5,5.5,0,4.0,4.3,0,3,12.5,4,6,9,96,,2,0
101291,23,1,1.7,1,61.2,5.7,7.5,0,4.0,7.8,0,2,7.5,10,10,5,95,,1,0
101292,26,1,3.4,1,77.5,7.6,4.9,1,4.0,2.8,0,4,13.1,6,3,10,100,,2,0
101293,26,2,1.6,0,82.6,7.8,6.8,0,3.26,7.8,0,0,6.1,1,3,10,76,,1,1
101294,24,2,1.4,0,92.7,5.3,7.9,1,2.93,6.2,0,5,7.6,4,7,8,81,,3,0
101295,17,2,4.11,1,45.3,9.7,6.1,0,4.0,7.8,0,0,10.0,6,5,10,100,,1,0
101296,19,0,4.8,0,65.7,8.6,5.3,0,3.45,2.4,0,1,10.3,4,5,10,93,,1,1
101297,25,1,3.0,1,73.4,7.8,5.2,1,2.94,5.1,0,4,7.6,7,7,8,83,,0,1
101298,17,2,1.8,1,54.0,7.1,8.1,1,2.91,4.1,0,5,8.4,1,5,10,84,,2,1
101299,19,2,2.3,1,85.8,8.0,8.6,0,2.85,6.7,0,4,7.4,10,6,9,80,,3,1
101300,23,0,5.8,0,85.4,7.6,5.1,0,3.33,6.3,0,5,9.9,4,8,7,90,,1,1
101301,27,1,5.9,1,64.2,9.9,4.9,1,3.51,2.6,0,3,9.5,10,4,10,90,,0,0
101302,16,1,0.0,0,51.0,5.5,8.5,1,4.0,3.7,0,4,2.4,6,9,6,100,,2,1
101303,27,2,3.8,1,94.8,6.2,4.3,1,3.27,6.3,0,0,8.4,6,9,6,81,,2,1
101304,19,2,6.94,1,51.7,6.5,4.1,1,4.0,1.0,0,3,12.0,4,9,6,93,,3,1
101305,21,2,0.9,0,42.3,6.8,8.7,0,2.25,3.3,0,2,3.8,6,3,10,57,,0,0
101306,21,2,4.6,1,82.2,4.9,10.0,1,4.0,5.2,0,1,6.6,9,7,8,95,,2,0
101307,22,1,3.38,0,62.8,4.5,7.8,1,2.91,6.4,0,5,7.7,8,2,10,79,,1,1
101308,20,2,2.2,0,76.1,7.5,6.0,0,3.81,7.2,0,3,7.9,8,3,10,98,,1,1
101309,20,2,4.2,0,41.3,8.9,6.9,1,3.28,5.3,0,0,9.5,1,10,5,87,,1,0
101310,17,1,2.2,1,42.0,7.5,6.9,1,4.0,5.1,0,0,7.0,10,6,9,95,,3,1
101311,20,1,2.5,0,90.6,8.0,5.3,0,4.0,3.1,0,0,12.1,3,8,7,98,,3,0
101312,22,2,1.1,0,58.8,4.8,7.0,1,3.29,2.4,0,5,6.7,4,9,6,84,,1,0
101313,24,2,6.5,1,78.2,10.0,7.3,1,4.0,4.4,0,0,13.1,4,1,10,100,,3,0
101314,27,0,4.4,0,91.6,7.3,6.6,0,4.0,4.1,0,3,8.2,2,4,10,100,,1,0
101315,20,2,0.1,1,97.6,5.8,7.6,1,3.62,7.0,0,0,5.0,5,2,10,87,,1,1
101316,17,0,3.37,0,61.8,7.8,8.7,0,3.45,1.6,0,5,12.3,4,9,6,91,,2,1
101317,26,0,0.1,0,49.4,5.4,5.2,1,3.3,4.0,0,4,5.0,9,3,10,79,,3,1
101318,16,2,0.0,0,67.6,10.3,5.7,1,3.24,1.0,0,5,6.8,9,3,10,86,,2,1
101319,23,1,3.3,0,85.1,11.0,6.4,1,3.95,5.6,0,2,10.3,1,8,7,98,,3,1
101320,25,1,5.1,0,80.4,8.4,8.8,0,3.76,4.6,0,2,8.2,6,8,7,93,,3,1
101321,17,2,2.2,1,85.9,9.4,7.5,0,2.92,6.0,0,5,10.1,7,3,10,74,,0,1
101322,22,2,4.1,1,86.5,8.0,6.3,0,3.67,3.0,0,2,9.8,6,2,10,99,,1,0
101323,23,0,3.7,0,83.2,10.6,9.2,1,4.0,7.0,0,1,11.8,7,10,5,97,,1,1
101324,19,0,4.1,0,51.2,8.2,10.0,0,2.79,4.0,0,5,11.8,1,4,10,73,,2,0
101325,25,0,2.5,0,77.9,7.0,8.5,1,3.46,4.9,0,3,7.4,9,5,10,88,,2,1
101326,24,2,2.14,0,97.0,5.7,5.4,1,3.19,1.0,0,5,9.1,1,7,8,75,,0,1
101327,18,1,3.6,1,71.3,6.2,7.8,0,3.5,8.0,0,3,10.6,3,9,6,92,,2,0
101328,25,2,4.1,1,97.8,7.7,7.3,1,3.41,5.6,0,5,11.2,1,3,10,88,,2,1
101329,26,2,1.7,0,54.8,8.8,5.9,0,3.8,4.9,0,1,10.6,10,2,10,95,,2,0
101330,20,1,2.0,1,53.7,5.9,10.0,1,3.29,5.6,0,5,6.5,10,5,10,89,,2,0
101331,20,0,6.2,0,79.7,6.9,8.9,1,4.0,5.7,0,5,8.7,7,7,8,100,,0,1
101332,28,0,1.5,1,87.8,7.8,8.0,1,3.77,3.1,0,5,6.1,1,5,10,96,,2,1
101333,16,2,5.9,1,79.9,4.4,6.9,0,3.87,8.0,0,4,14.5,5,2,10,94,,1,1
101334,26,1,7.0,0,40.9,4.0,9.2,1,3.55,2.4,0,3,13.7,5,7,8,84,,2,0
101335,28,1,1.4,0,73.2,9.5,3.0,1,4.0,2.9,0,2,7.0,8,8,7,100,,2,0
101336,19,0,5.1,0,56.8,5.0,5.5,0,3.55,2.8,0,3,7.4,4,5,10,90,,2,1
101337,25,0,5.4,1,59.8,8.5,7.7,1,3.09,6.4,0,3,8.8,7,7,8,78,,0,1
101338,20,0,5.1,0,81.9,8.1,5.7,1,4.0,2.0,0,2,10.9,9,2,10,100,,2,1
101339,17,0,5.2,1,70.9,7.2,5.5,1,4.0,4.6,0,0,10.6,3,10,5,96,,3,0
101340,17,1,5.77,0,75.9,8.0,9.5,0,4.0,6.6,0,2,10.4,4,7,8,99,,2,0
101341,17,2,1.88,0,75.8,7.0,9.9,0,2.77,3.0,0,4,2.5,6,1,10,72,,3,0
101342,19,1,4.6,1,79.9,5.7,7.3,0,3.65,3.8,0,5,14.0,2,8,7,91,,1,1
101343,23,0,2.4,0,83.2,8.3,4.9,0,3.71,4.5,0,0,12.5,10,6,9,83,,1,0
101344,18,1,4.67,1,51.7,8.8,6.9,1,3.98,7.9,0,1,10.1,9,8,7,97,,2,1
101345,19,1,3.2,0,61.6,7.1,3.8,1,3.4,7.7,0,3,8.8,3,1,10,78,,2,0
101346,28,0,7.39,0,56.4,7.9,5.0,0,4.0,6.9,0,5,10.4,10,6,9,95,,1,0
101347,21,2,2.52,1,69.2,5.7,6.6,0,3.65,3.5,0,3,9.5,5,3,10,95,,1,0
101348,26,0,2.3,0,45.7,5.8,8.5,1,3.52,5.0,0,2,5.8,3,9,6,91,,2,1
101349,26,2,2.3,1,86.1,8.6,5.4,1,3.97,8.4,0,3,5.5,4,5,10,96,,2,0
101350,24,2,3.2,0,49.5,7.5,7.3,1,2.86,4.6,0,1,9.1,4,2,10,74,,1,0
101351,19,0,2.4,0,67.2,8.7,7.6,1,2.9,5.1,0,0,8.6,3,1,10,81,,3,1
101352,19,2,1.83,0,40.4,7.5,6.0,0,4.0,1.0,0,2,6.4,5,5,10,94,,2,0
101353,27,2,3.5,1,81.4,7.4,5.6,0,3.21,3.8,0,3,11.3,2,7,8,72,,2,0
101354,25,2,3.0,1,71.2,7.2,4.1,1,4.0,2.7,0,2,9.2,6,6,9,99,,3,0
101355,18,0,5.0,1,47.0,5.7,5.0,1,4.0,6.2,0,2,9.8,9,3,10,100,,1,1
101356,21,0,1.9,0,72.4,7.0,4.7,1,4.0,7.3,0,2,5.4,9,8,7,100,,2,0
101357,19,1,1.7,0,68.8,6.6,8.6,0,4.0,4.7,0,0,4.2,5,4,10,100,,3,0
101358,20,0,2.5,0,45.8,6.9,8.5,0,2.86,5.5,0,3,5.4,4,4,10,72,,1,0
101359,25,0,4.6,1,88.8,5.0,7.1,1,3.29,3.8,0,5,11.2,9,9,6,86,,2,1
101360,28,1,0.0,1,97.2,5.8,6.4,0,2.52,5.0,0,0,5.4,3,3,10,67,,3,0
101361,23,1,7.1,1,58.6,6.2,4.6,1,3.89,7.7,0,2,13.3,1,8,7,94,,1,0
101362,22,1,6.07,0,91.5,10.1,7.9,1,4.0,4.7,0,5,12.8,8,9,6,98,,1,1
101363,28,1,4.5,1,94.0,6.4,5.8,1,3.34,4.0,0,2,11.5,5,9,6,77,,1,1
101364,26,0,0.9,0,50.9,6.9,6.7,1,4.0,8.6,0,0,6.6,4,8,7,88,,2,0
101365,20,2,2.8,0,74.4,6.0,8.4,0,3.55,2.4,0,3,10.9,4,8,7,81,,1,0
101366,19,2,1.6,0,44.3,7.8,10.0,1,3.12,4.1,0,4,5.9,8,5,10,79,,1,0
101367,16,2,5.0,1,61.8,8.1,6.6,0,3.5,3.8,0,0,10.0,2,4,10,94,,3,0
101368,20,0,4.4,0,45.8,9.2,6.3,0,3.29,6.6,0,3,12.0,10,1,10,84,,2,1
101369,19,2,3.0,0,42.7,5.4,4.3,0,3.32,4.8,0,3,5.4,3,7,8,79,,1,0
101370,25,2,2.3,0,49.4,6.4,3.5,0,3.55,7.1,0,3,8.7,2,2,10,82,,3,1
101371,26,0,2.7,0,85.3,7.1,7.2,1,4.0,2.5,0,3,11.0,10,8,7,100,,2,0
101372,25,0,5.9,0,93.1,7.6,7.3,0,4.0,3.5,0,3,9.3,7,5,10,100,,1,1
101373,22,2,6.0,0,78.9,6.4,7.9,1,3.84,9.5,0,0,12.4,1,6,9,88,,2,1
101374,24,2,5.1,0,86.4,6.3,5.4,1,4.0,5.6,0,4,11.6,4,9,6,97,,2,0
101375,19,1,6.4,1,53.3,6.9,7.6,0,3.06,4.8,0,5,12.6,6,1,10,76,,2,1
101376,20,1,0.0,1,95.5,5.8,7.4,1,3.97,7.5,0,1,5.0,7,7,8,98,,1,1
101377,23,1,4.4,0,43.2,6.0,10.0,1,4.0,2.7,0,4,13.1,8,7,8,100,,1,1
101378,21,1,3.1,0,45.2,8.6,7.6,0,4.0,5.1,0,0,6.7,6,5,10,97,,1,0
101379,28,0,6.0,0,68.9,8.7,6.8,1,4.0,7.9,0,1,11.4,2,3,10,100,,0,0
101380,25,1,1.8,0,94.6,5.8,4.4,0,3.0,7.8,0,0,10.6,8,1,10,71,,2,1
101381,28,1,3.7,0,66.5,6.0,6.0,1,2.89,4.5,0,2,12.1,1,4,10,78,,2,1
101382,26,0,4.3,0,87.5,5.1,8.7,0,4.0,3.7,0,4,5.7,2,7,8,100,,0,1
101383,20,0,9.3,0,90.7,5.5,6.2,1,4.0,3.8,0,5,12.7,10,10,5,100,,3,1
101384,16,1,7.6,0,61.2,9.7,7.4,1,4.0,6.1,0,0,11.1,8,10,5,98,,2,1
101385,28,1,7.3,1,40.3,7.4,3.1,1,4.0,6.9,0,0,12.3,9,3,10,100,,2,1
101386,20,2,1.62,1,93.1,9.8,7.2,1,2.82,5.4,0,0,7.7,3,5,10,69,,3,0
101387,21,1,5.5,0,70.3,4.2,7.9,1,3.57,6.4,0,2,8.1,8,7,8,85,,3,1
101388,25,1,3.8,1,70.7,6.7,6.0,0,2.93,6.7,0,5,9.1,6,1,10,79,,0,1
101389,20,1,5.7,1,62.1,6.6,5.7,0,4.0,3.7,0,2,11.8,1,9,6,98,,2,1
101390,20,0,5.3,0,48.9,6.7,10.0,0,4.0,5.1,0,5,10.6,8,10,5,97,,3,0
101391,20,0,7.4,0,87.3,4.2,9.0,0,4.0,6.6,0,1,10.0,3,6,9,95,,1,1
101392,28,0,4.8,0,63.8,7.1,8.3,1,2.89,5.2,0,5,9.6,6,2,10,74,,1,0
101393,16,1,2.3,0,97.5,8.9,4.7,0,3.47,3.9,0,0,9.1,4,4,10,92,,1,1
101394,24,2,1.2,0,80.8,8.6,7.0,1,4.0,6.6,0,0,3.2,10,8,7,100,,1,1
101395,28,2,0.0,1,98.8,6.2,6.1,0,4.0,5.5,0,1,5.3,4,10,5,94,,3,1
101396,16,1,3.4,1,51.1,5.4,7.2,1,4.0,5.2,0,2,7.3,9,8,7,97,,2,0
101397,23,2,5.34,0,51.1,7.5,6.6,0,3.4,6.2,0,0,6.5,5,8,7,81,,0,0
101398,20,0,4.2,1,66.6,7.1,7.1,0,4.0,1.1,0,2,11.0,10,3,10,100,,2,0
101399,20,0,3.0,0,96.5,5.8,4.4,1,3.57,4.0,0,5,6.4,9,10,5,94,,1,0
101400,28,2,3.97,1,51.1,8.6,6.2,1,4.0,5.5,0,5,9.4,4,8,7,94,,1,1
101401,27,1,3.3,0,80.5,9.2,5.4,0,3.13,4.7,0,2,7.1,6,8,7,78,,1,0
101402,21,1,1.0,0,68.0,9.5,7.9,0,2.66,3.4,0,0,8.0,7,6,9,57,,1,1
101403,20,1,6.15,0,80.2,7.5,10.0,0,2.6,4.8,0,0,10.4,6,2,10,68,,1,0
101404,26,0,3.7,1,86.8,6.8,7.2,0,3.73,6.1,0,3,12.1,2,1,10,90,,2,0
101405,16,1,0.3,1,61.7,6.4,6.7,1,2.13,2.9,0,0,9.1,8,1,10,56,,1,1
101406,28,0,2.4,1,65.7,10.5,5.6,1,3.26,6.2,0,1,10.0,2,7,8,77,,3,1
101407,23,1,4.1,1,65.5,6.4,6.8,1,3.43,5.1,0,0,7.5,4,4,10,93,,0,0
101408,22,1,0.0,0,84.8,9.7,5.0,0,3.04,6.1,0,0,8.0,1,1,10,82,,2,1
101409,22,2,7.45,0,98.3,8.4,5.3,1,4.0,2.0,0,5,13.0,4,4,10,100,,3,0
101410,25,2,6.1,0,41.9,4.4,5.3,0,3.9,8.5,0,4,11.8,5,7,8,94,,0,1
101411,16,1,3.4,0,51.4,8.4,6.7,1,2.83,4.6,0,3,5.0,4,4,10,65,,2,1
101412,27,0,1.8,1,67.1,4.2,7.3,0,2.11,4.9,0,1,6.8,8,1,10,50,,2,1
101413,21,2,0.4,1,76.3,4.9,8.1,1,2.49,7.1,0,5,4.8,2,8,7,65,,1,1
101414,17,1,4.2,0,57.3,4.0,10.0,1,4.0,2.4,0,2,9.3,5,5,10,97,,1,1
101415,18,2,0.0,0,50.8,4.5,4.2,0,2.87,3.7,0,5,4.6,6,7,8,72,,2,1
101416,18,0,0.82,0,66.2,4.3,6.8,1,4.0,5.6,0,0,7.2,5,10,5,100,,1,0
101417,16,1,7.2,0,91.1,6.6,10.0,1,4.0,5.8,0,0,13.5,10,8,7,96,,1,1
101418,17,2,6.1,0,99.4,6.6,5.9,0,2.77,5.6,0,5,13.8,6,2,10,68,,2,0
101419,25,2,5.8,0,78.3,7.1,3.7,1,3.36,2.5,0,3,12.7,9,3,10,86,,3,0
101420,20,0,2.1,0,61.0,4.9,9.5,0,3.17,3.6,0,0,9.0,4,1,10,78,,1,0
101421,18,0,1.9,1,73.4,6.9,5.1,0,3.52,3.9,0,2,4.8,3,9,6,94,,2,1
101422,21,1,5.5,1,75.5,9.4,8.7,1,4.0,5.0,0,1,9.6,6,2,10,99,,3,1
101423,25,1,5.48,0,59.0,10.7,6.8,0,3.1,6.7,0,1,13.2,8,10,5,71,,0,0
101424,26,0,0.9,0,94.0,8.7,8.2,1,3.8,7.6,0,2,3.2,5,9,6,95,,2,0
101425,23,2,2.2,1,88.4,7.9,3.6,0,3.35,10.0,0,0,8.3,7,10,5,81,,0,0
101426,16,2,3.39,0,46.4,10.8,2.4,1,3.31,9.9,0,1,7.3,9,10,5,81,,3,1
101427,28,2,0.5,0,42.3,8.2,7.6,0,3.79,6.3,0,5,5.4,7,1,10,93,,1,1
101428,18,0,4.2,0,87.6,8.8,4.9,0,4.0,6.4,0,1,6.1,4,10,5,100,,1,0
101429,26,0,7.4,0,65.0,7.6,10.0,0,3.15,5.7,0,1,12.8,9,2,10,75,,2,0
101430,21,1,6.39,1,66.2,7.1,7.1,1,4.0,3.2,0,2,10.0,6,5,10,100,,2,1
101431,27,1,4.1,1,83.6,6.7,8.0,0,2.67,4.3,0,4,7.5,6,3,10,62,,1,1
101432,17,2,4.7,0,81.6,5.2,2.7,1,3.68,6.8,0,0,6.6,4,10,5,94,,2,0
101433,17,1,5.6,1,64.2,9.4,6.5,0,3.3,7.1,0,3,9.9,9,3,10,88,,3,1
101434,23,2,3.3,0,73.6,6.2,8.8,0,2.57,3.1,0,3,10.7,4,1,10,62,,3,1
101435,24,1,6.9,1,68.6,6.2,6.4,0,3.39,2.4,0,3,15.8,1,3,10,92,,2,0
101436,23,1,1.6,0,78.4,5.8,8.7,1,3.62,6.6,0,1,8.7,7,8,7,85,,3,1
101437,17,1,4.1,1,81.3,8.3,9.1,0,3.25,6.3,0,1,9.2,8,3,10,85,,3,0
101438,22,0,6.1,0,82.0,6.9,4.4,1,4.0,4.4,0,5,14.1,3,9,6,100,,2,0
101439,18,0,5.7,1,44.7,5.6,6.1,0,4.0,2.5,0,5,12.7,4,2,10,100,,3,1
101440,19,0,6.3,0,83.4,6.3,4.2,1,4.0,6.4,0,3,12.3,5,10,5,87,,3,1
101441,22,2,7.3,1,73.1,7.2,10.0,1,3.8,4.6,0,1,14.5,3,3,10,91,,2,0
101442,19,2,3.99,1,41.6,5.3,10.0,0,3.11,5.8,0,2,9.3,2,4,10,76,,2,0
101443,27,2,5.71,1,90.6,5.7,4.8,0,3.22,5.6,0,0,8.2,4,3,10,91,,0,1
101444,23,1,2.6,0,66.5,6.0,6.6,0,2.98,2.8,0,4,11.0,4,8,7,67,,0,1
101445,19,1,6.13,0,41.6,6.3,10.0,1,3.78,3.8,0,2,16.0,9,1,10,87,,2,0
101446,27,1,4.5,1,71.1,8.9,5.7,1,4.0,8.5,0,2,8.9,9,8,7,100,,2,1
101447,25,2,3.5,1,58.3,8.4,5.3,1,2.17,9.4,1,0,9.2,2,1,10,61,,2,1
101448,26,0,3.37,1,81.1,7.8,7.0,1,3.96,5.4,0,3,8.5,6,7,8,100,,3,0
101449,22,1,3.6,0,47.7,8.1,7.9,0,3.16,2.4,0,4,9.8,9,10,5,68,,2,0
101450,23,1,4.13,0,89.7,9.2,9.1,1,4.0,4.0,0,5,9.9,9,1,10,100,,0,1
101451,26,1,3.4,0,54.3,7.4,7.7,0,4.0,6.3,0,4,10.4,6,5,10,100,,2,1
101452,18,0,1.5,0,86.1,6.8,10.0,1,3.12,8.2,1,2,6.9,5,3,10,77,,0,1
101453,27,0,4.2,0,78.7,4.5,10.0,0,4.0,7.6,0,0,11.3,1,1,10,89,,2,1
101454,28,2,1.5,1,45.7,8.3,6.2,1,3.49,2.8,0,2,6.7,7,7,8,92,,2,1
101455,18,0,3.9,0,70.1,5.4,9.0,0,3.89,7.3,0,1,6.8,4,3,10,100,,2,1
101456,28,1,1.8,1,76.0,6.5,7.7,0,4.0,3.7,0,3,11.6,1,5,10,100,,1,0
101457,25,2,2.4,0,43.6,5.3,10.0,0,3.56,6.2,0,2,7.3,3,4,10,90,,1,1
101458,17,2,6.14,0,61.2,5.5,4.7,0,3.27,4.0,0,5,12.5,1,6,9,83,,1,1
101459,26,1,3.4,1,62.8,5.9,9.6,0,4.0,3.6,0,1,12.5,7,10,5,98,,2,0
101460,17,2,5.5,1,59.0,5.9,7.8,0,3.29,5.9,0,1,13.7,2,6,9,82,,2,0
101461,22,2,5.42,0,43.6,7.0,7.3,0,3.36,2.5,0,4,12.2,5,1,10,67,,2,1
101462,21,2,5.1,1,92.4,6.1,5.8,1,4.0,3.0,0,2,11.5,10,8,7,100,,1,1
101463,18,0,3.9,0,42.0,6.2,3.8,0,2.98,8.8,1,4,8.5,7,1,10,83,,3,1
101464,22,1,2.6,0,79.2,8.1,3.9,0,3.24,5.6,0,2,11.7,3,2,10,82,,3,1
101465,20,0,7.5,0,68.1,5.6,8.0,1,3.95,4.6,0,0,14.9,3,6,9,100,,1,1
101466,26,0,6.98,1,96.9,7.0,8.4,0,3.43,5.1,0,3,13.4,10,6,9,78,,2,0
101467,25,0,2.7,0,50.4,7.9,1.6,0,2.94,1.5,0,1,8.6,5,3,10,63,,1,1
101468,26,0,6.6,1,98.7,4.0,5.7,1,3.11,4.7,0,0,13.3,6,2,10,75,,2,1
101469,17,1,1.1,1,66.5,8.5,9.9,1,3.29,3.9,0,2,6.6,8,5,10,83,,2,1
101470,19,1,6.7,1,47.2,4.0,10.0,1,3.59,4.8,0,5,13.0,8,8,7,88,,2,0
101471,26,0,7.9,0,40.3,7.9,8.9,0,3.53,6.7,0,4,10.8,9,8,7,93,,1,0
101472,19,1,2.7,1,43.1,10.4,7.3,1,4.0,2.0,0,5,12.7,8,6,9,100,,3,1
101473,16,1,1.4,0,60.8,4.0,6.9,1,3.87,5.4,0,4,3.9,7,1,10,94,,1,0
101474,28,2,1.4,0,87.7,7.6,4.9,1,2.82,5.2,0,1,4.8,2,8,7,73,,3,1
101475,16,1,2.7,0,58.2,6.7,7.7,0,3.8,3.7,0,1,8.1,3,4,10,100,,0,1
101476,23,1,4.1,0,85.9,6.5,8.1,1,3.45,5.1,0,1,10.0,5,7,8,84,,1,1
101477,20,2,4.0,1,73.8,9.7,5.1,0,3.4,3.9,0,5,10.8,6,8,7,86,,2,1
101478,28,0,2.6,0,67.3,8.0,6.4,0,4.0,3.6,0,2,9.5,10,4,10,100,,3,1
101479,26,2,6.1,0,60.7,9.9,10.0,1,4.0,8.8,0,1,10.7,7,10,5,100,,2,0
101480,26,2,5.3,1,40.3,4.8,5.9,0,3.89,4.0,0,1,8.5,9,10,5,100,,1,0
101481,27,0,0.9,0,88.7,7.3,7.4,0,3.8,5.2,0,1,9.4,4,1,10,91,,3,0
101482,26,0,5.5,1,89.0,7.6,9.4,0,2.84,1.0,0,2,14.1,7,1,10,69,,2,1
101483,28,1,1.3,1,51.8,6.2,5.1,1,2.52,6.2,0,0,10.4,7,4,10,59,,1,1
101484,21,0,7.7,0,58.5,5.1,10.0,1,4.0,5.4,0,4,10.7,6,4,10,98,,2,1
101485,24,2,3.3,0,47.4,7.3,9.0,1,2.93,6.0,0,2,5.3,8,2,10,72,,2,1
101486,24,0,5.4,0,63.4,6.3,8.4,0,4.0,6.0,0,5,11.1,10,4,10,94,,2,1
101487,20,0,5.3,0,42.8,5.8,6.0,0,4.0,4.5,0,1,11.6,6,3,10,93,,2,0
101488,17,0,1.8,0,50.0,6.4,4.0,0,4.0,1.0,0,1,5.4,1,7,8,98,,3,1
101489,26,2,5.3,1,88.0,8.4,4.2,1,2.92,9.5,1,0,11.0,4,2,10,77,,3,1
101490,17,1,3.22,1,74.2,8.3,5.0,0,3.39,5.0,0,4,5.9,4,7,8,85,,2,0
101491,19,0,5.0,1,79.4,4.4,8.2,0,4.0,2.5,0,0,11.5,10,6,9,100,,0,1
101492,23,2,6.0,0,47.7,5.3,7.8,0,3.92,6.8,0,5,10.9,8,7,8,100,,2,1
101493,24,0,1.9,0,45.4,8.8,4.6,1,4.0,3.4,0,5,9.9,8,2,10,100,,3,1
101494,26,1,7.67,0,83.9,7.9,7.6,1,3.66,5.3,0,2,8.8,5,7,8,99,,1,0
101495,22,0,4.7,1,97.3,9.0,3.6,0,3.02,8.1,0,2,6.4,8,6,9,78,,2,0
101496,18,1,2.1,0,96.5,8.6,6.5,1,3.68,3.5,0,0,9.3,10,10,5,92,,2,1
101497,20,1,4.58,1,68.5,5.6,9.7,0,3.76,2.1,0,3,10.9,6,6,9,91,,2,1
101498,21,0,3.1,0,74.8,4.9,7.2,0,4.0,2.1,0,0,9.4,3,10,5,100,,3,1
101499,21,1,4.0,1,70.3,8.2,6.8,0,4.0,5.5,0,4,8.8,4,4,10,100,,2,1
101500,25,1,3.1,1,96.9,5.9,3.9,1,2.94,3.8,0,5,9.0,2,7,8,77,,2,1
101501,22,2,3.8,1,55.1,7.6,5.3,1,4.0,4.0,0,3,10.1,10,2,10,100,,0,1
101502,26,1,3.4,0,80.1,8.8,5.8,1,2.99,7.5,0,4,11.9,4,9,6,75,,3,1
101503,16,1,3.7,1,64.1,6.6,7.8,1,3.3,6.3,0,2,14.0,3,9,6,77,,1,0
101504,28,0,1.9,1,96.3,7.9,5.6,1,3.5,2.0,0,2,9.1,7,4,10,94,,3,0
101505,28,1,3.1,1,87.3,6.6,10.0,0,4.0,3.6,0,3,9.8,4,8,7,96,,1,1
101506,27,0,6.9,1,68.8,5.8,6.5,1,4.0,4.4,0,0,8.4,4,8,7,100,,1,0
101507,20,1,5.5,0,50.7,8.8,3.6,0,4.0,3.4,0,5,7.6,10,4,10,100,,2,0
101508,19,2,7.0,0,41.5,6.3,4.7,1,4.0,4.6,0,1,15.8,4,10,5,99,,2,0
101509,26,2,6.0,0,62.6,8.7,10.0,0,3.42,5.4,0,3,8.9,7,1,10,84,,2,1
101510,24,1,5.5,1,62.8,7.4,6.0,0,3.54,3.9,0,2,11.5,3,6,9,96,,1,1
101511,27,0,5.5,0,65.0,5.3,7.9,1,4.0,4.5,0,3,10.4,5,10,5,100,,2,0
101512,24,0,0.0,0,45.0,7.0,5.7,1,3.09,3.7,0,4,8.8,6,7,8,68,,3,0
101513,24,1,1.4,1,78.7,6.9,7.0,1,3.04,7.7,0,5,4.5,8,10,5,81,,3,1
101514,18,1,4.61,0,44.4,7.2,3.6,1,3.04,4.5,0,3,8.4,4,2,10,73,,1,1
101515,16,1,4.6,0,45.9,9.3,7.0,0,4.0,6.1,0,5,8.1,6,7,8,97,,2,0
101516,17,2,4.5,0,87.0,8.1,5.3,0,3.12,10.0,1,0,7.7,6,2,10,75,,2,0
101517,17,0,7.3,0,79.4,6.4,6.5,1,3.36,6.7,0,1,15.3,9,4,10,94,,2,1
101518,18,1,3.9,1,82.7,7.6,7.4,0,3.64,6.3,0,4,9.3,1,3,10,93,,1,0
101519,21,2,3.6,1,88.2,5.8,8.4,1,3.04,4.5,0,0,10.0,9,7,8,74,,2,1
101520,21,1,4.0,0,81.1,8.8,7.1,1,4.0,1.4,0,0,8.0,1,5,10,100,,2,1
101521,25,2,3.2,1,64.8,8.1,6.3,0,3.18,5.4,0,0,8.1,8,9,6,84,,1,1
101522,24,2,2.0,1,45.1,7.6,9.9,0,3.93,4.9,0,4,6.3,8,10,5,90,,1,1
101523,16,1,5.0,1,91.0,5.9,4.8,1,2.76,1.2,0,2,11.0,10,1,10,71,,1,1
101524,17,1,4.5,0,74.0,7.6,8.7,0,3.62,2.3,0,5,10.6,4,2,10,91,,3,1
101525,25,1,5.0,1,81.9,7.4,9.8,1,3.45,5.2,0,4,14.3,8,7,8,87,,3,0
101526,22,2,2.98,0,47.7,10.2,7.0,1,2.99,7.5,0,4,11.9,1,5,10,76,,1,1
101527,18,0,2.6,0,87.0,7.9,5.0,1,3.59,4.4,0,5,9.4,3,8,7,87,,2,1
101528,21,2,4.1,1,85.9,4.0,9.0,0,3.66,4.6,0,3,9.4,3,8,7,97,,1,1
101529,28,2,2.8,1,89.8,7.3,7.3,1,2.73,2.8,0,2,10.3,3,1,10,69,,2,0
101530,28,1,4.59,1,50.3,4.6,4.1,1,3.26,1.5,0,2,11.0,3,4,10,78,,2,1
101531,21,0,4.8,0,57.6,8.8,6.0,1,3.19,5.1,0,5,8.5,5,3,10,79,,2,1
101532,28,0,3.3,1,94.1,8.6,8.0,0,3.65,5.6,0,5,9.9,10,10,5,89,,3,1
101533,19,0,4.4,0,87.8,7.4,8.2,1,3.17,6.0,0,3,7.2,10,3,10,78,,2,0
101534,24,1,2.9,1,72.1,5.5,9.3,1,3.86,9.5,0,0,8.0,5,4,10,97,,1,0
101535,22,0,3.0,1,87.9,7.2,7.6,1,2.6,4.6,0,2,6.6,10,1,10,62,,1,1
101536,23,1,7.2,1,85.7,7.7,9.5,1,4.0,3.6,0,0,9.9,9,10,5,100,,3,1
101537,18,1,1.3,1,70.3,10.2,7.4,0,2.79,6.5,0,0,8.7,2,5,10,77,,1,1
101538,26,0,3.6,1,84.4,8.0,7.6,1,4.0,9.1,0,3,9.4,8,6,9,95,,2,0
101539,27,2,1.4,1,63.4,5.1,3.4,1,3.56,4.7,0,4,8.2,2,1,10,89,,2,1
101540,17,0,6.63,1,77.1,6.3,6.1,1,4.0,3.1,0,3,9.8,1,10,5,99,,1,1
101541,16,0,2.9,1,94.9,8.5,5.1,1,4.0,8.5,0,4,4.8,6,10,5,100,,2,1
101542,26,1,4.9,0,42.3,8.9,4.1,1,4.0,2.8,0,2,10.6,6,6,9,93,,3,0
101543,24,2,4.9,1,87.6,6.3,8.2,0,4.0,4.1,0,5,11.8,8,6,9,100,,1,1
101544,18,2,2.8,0,48.5,5.0,5.0,1,3.94,5.1,0,2,12.1,5,1,10,100,,0,0
101545,25,2,4.72,0,80.5,5.9,5.9,1,2.54,5.9,0,1,11.3,4,6,9,58,,3,0
101546,27,0,3.7,1,44.1,6.8,6.3,0,4.0,4.6,0,4,10.3,4,8,7,100,,2,1
101547,19,2,7.6,0,43.7,5.9,5.3,1,4.0,5.3,0,3,13.9,2,9,6,100,,2,0
101548,16,2,6.1,1,95.8,4.6,6.4,1,4.0,7.1,0,3,12.6,8,8,7,97,,2,0
101549,22,0,4.0,0,52.1,9.2,6.2,0,3.61,5.3,0,1,7.6,1,3,10,100,,2,1
101550,16,2,4.8,1,60.2,6.0,9.5,1,4.0,4.6,0,3,9.7,3,7,8,99,,1,0
101551,16,0,4.8,1,97.6,7.5,6.6,0,3.57,2.2,0,1,9.2,5,3,10,86,,2,1
101552,25,0,5.03,0,67.2,6.6,2.0,0,4.0,3.0,0,5,13.8,9,3,10,100,,1,0
101553,25,0,1.1,1,79.4,7.9,2.7,0,2.68,4.2,0,0,7.4,5,6,9,63,,2,0
101554,21,1,3.9,0,75.9,8.9,9.7,0,4.0,3.8,0,1,10.7,5,7,8,100,,2,1
101555,28,2,3.7,1,54.5,4.0,8.3,1,2.86,1.0,0,3,10.6,4,2,10,73,,3,0
101556,25,2,3.4,0,92.2,6.8,8.8,0,3.11,7.0,0,3,9.1,9,6,9,80,,3,0
101557,24,2,3.48,0,98.8,6.5,7.8,0,4.0,1.8,0,2,6.7,4,7,8,100,,3,1
101558,21,1,2.2,1,70.6,5.2,5.9,1,4.0,5.2,0,3,5.4,2,10,5,97,,2,1
101559,27,0,4.1,0,95.8,7.0,6.8,0,3.0,5.1,0,2,9.1,1,5,10,69,,1,1
101560,25,2,5.78,0,63.4,6.3,6.8,1,4.0,5.1,0,5,11.6,10,9,6,99,,1,1
101561,16,2,4.3,1,78.5,7.7,7.1,0,4.0,3.0,0,0,6.0,7,10,5,97,,2,0
101562,28,0,8.11,1,52.4,4.0,8.1,1,4.0,5.6,0,5,14.1,4,6,9,100,,2,1
101563,28,1,3.64,1,82.6,7.2,6.3,0,4.0,6.2,0,1,7.1,2,8,7,96,,1,0
101564,26,0,3.5,0,64.8,7.9,6.9,1,3.93,4.7,0,5,9.2,5,6,9,92,,3,1
101565,18,2,4.6,1,82.6,7.9,6.9,1,3.15,1.9,0,5,9.9,8,6,9,86,,1,1
101566,19,1,6.8,0,87.7,6.6,5.5,1,4.0,2.7,0,5,11.1,3,10,5,100,,2,0
101567,17,0,4.8,0,48.3,9.1,6.2,0,3.9,4.0,0,4,9.5,7,2,10,100,,2,0
101568,26,1,6.2,0,91.8,6.7,8.9,0,4.0,3.0,0,0,12.2,9,7,8,93,,2,1
101569,27,2,6.86,0,63.0,9.2,6.9,0,3.64,4.6,0,0,14.7,5,2,10,100,,2,0
101570,24,0,8.5,0,95.6,7.5,5.8,1,3.66,7.0,0,3,12.0,2,2,10,94,,0,0
101571,22,1,3.6,1,40.1,6.0,6.3,1,3.87,9.0,0,1,9.0,1,6,9,100,,3,1
101572,25,0,4.6,1,75.4,4.0,8.2,0,4.0,5.5,0,0,8.9,7,9,6,97,,3,1
101573,28,0,4.2,1,47.7,11.5,7.0,1,3.67,3.4,0,0,13.0,1,1,10,94,,2,0
101574,28,0,8.4,0,52.6,7.5,9.8,0,4.0,6.2,0,2,17.6,7,8,7,100,,1,0
101575,19,0,5.9,1,48.6,10.5,5.7,0,4.0,8.6,1,5,12.2,5,3,10,100,,1,0
101576,18,0,4.1,1,43.8,7.3,5.8,1,4.0,6.3,0,1,9.1,10,10,5,93,,0,0
101577,28,1,6.8,0,93.8,5.9,7.2,0,3.89,4.1,0,2,15.4,1,4,10,99,,2,1
101578,20,2,4.2,1,82.3,7.2,8.2,1,3.56,3.5,0,2,9.0,9,3,10,97,,2,1
101579,24,1,6.0,1,90.5,4.0,8.0,1,3.52,5.7,0,1,11.2,9,9,6,91,,2,1
101580,24,0,0.9,0,62.7,5.1,6.3,1,3.32,6.0,0,1,5.8,10,3,10,75,,2,1
101581,22,0,2.2,1,59.0,4.7,5.6,1,4.0,5.4,0,2,9.9,8,5,10,98,,3,0
101582,18,2,4.7,1,44.5,7.9,4.7,0,4.0,4.1,0,4,12.1,7,8,7,96,,0,1
101583,16,2,1.2,1,43.1,7.1,8.7,1,4.0,6.4,0,4,5.0,6,7,8,100,,2,1
101584,18,1,4.8,1,64.1,4.9,7.0,0,2.58,6.7,0,0,14.0,4,3,10,65,,2,1
101585,26,2,4.0,1,41.5,7.9,6.2,0,3.81,4.8,0,0,13.8,5,8,7,100,,3,0
101586,25,1,9.7,1,51.1,9.3,2.3,0,4.0,3.2,0,4,13.4,2,9,6,97,,2,1
101587,25,1,5.4,1,65.9,5.4,7.8,0,3.55,5.9,0,0,9.1,1,5,10,86,,2,1
101588,22,2,4.7,1,94.4,6.1,9.4,1,3.33,7.9,0,4,8.4,4,5,10,75,,2,1
101589,18,0,6.7,1,91.1,5.6,4.4,0,2.99,7.6,0,1,9.4,8,3,10,72,,3,1
101590,27,0,4.8,0,91.5,8.1,7.0,0,3.37,7.4,0,1,11.5,1,2,10,85,,3,0
101591,24,0,2.2,0,49.8,5.9,7.3,1,2.77,3.8,0,5,10.9,1,9,6,68,,0,0
101592,28,0,3.2,1,52.0,7.0,8.2,1,4.0,2.6,0,3,9.4,7,3,10,100,,2,1
101593,22,2,5.8,0,93.8,6.5,6.7,0,3.19,5.5,0,0,8.2,6,5,10,77,,2,1
101594,26,1,4.1,1,66.0,6.5,6.6,0,4.0,4.5,0,2,13.2,4,4,10,100,,2,1
101595,23,2,7.5,0,49.4,9.2,6.7,1,4.0,4.0,0,5,13.7,9,2,10,95,,2,1
101596,21,1,3.03,0,99.2,7.8,5.7,1,4.0,2.5,0,5,4.6,4,10,5,100,,1,1
101597,28,1,3.1,1,57.7,8.7,7.4,0,3.07,4.9,0,5,11.2,7,6,9,78,,2,1
101598,24,0,2.7,1,75.4,6.7,6.4,1,3.42,6.4,0,2,6.7,6,1,10,87,,2,1
101599,25,1,4.3,1,74.1,9.6,10.0,1,3.19,7.2,0,2,6.1,8,5,10,81,,1,1
101600,21,0,0.5,0,48.1,10.9,6.8,0,3.57,9.4,0,1,7.0,8,5,10,90,,3,1
101601,22,2,2.8,1,47.0,6.3,5.4,0,4.0,3.4,0,3,6.6,6,8,7,94,,1,1
101602,22,2,2.0,1,54.9,8.0,6.9,1,4.0,5.4,0,1,6.6,3,10,5,100,,2,1
101603,16,1,2.8,1,50.9,8.3,4.3,0,4.0,3.0,0,2,7.6,5,1,10,91,,3,0
101604,23,0,3.6,1,76.2,7.2,9.6,0,2.93,6.6,0,0,9.8,10,8,7,80,,2,1
101605,26,1,5.7,1,71.1,6.6,7.4,0,2.53,5.5,0,5,13.3,8,6,9,60,,2,1
101606,18,1,2.3,0,85.8,5.8,4.8,1,4.0,3.9,0,0,6.3,6,8,7,97,,0,1
101607,18,0,4.6,1,94.7,6.9,7.1,1,4.0,3.1,0,2,10.6,10,2,10,97,,2,0
101608,17,2,3.8,0,47.4,7.6,9.3,0,4.0,4.4,0,2,10.5,8,1,10,98,,3,0
101609,20,2,7.0,0,54.3,6.2,7.6,0,4.0,6.0,0,4,9.8,7,5,10,100,,3,1
101610,23,1,4.3,1,74.5,5.5,6.1,1,4.0,3.6,0,2,12.4,2,10,5,97,,2,1
101611,20,0,7.2,0,61.3,6.9,9.4,1,4.0,3.5,0,0,14.2,8,8,7,95,,2,0
101612,28,2,9.05,0,94.0,5.3,6.7,1,3.83,1.9,0,1,14.6,8,6,9,100,,1,1
101613,23,2,3.9,1,49.4,4.3,7.6,0,4.0,4.4,0,3,9.8,5,4,10,96,,2,0
101614,23,0,3.1,0,59.1,4.0,6.9,1,3.43,2.6,0,3,8.1,8,3,10,89,,1,1
101615,24,1,3.7,1,63.6,6.5,5.4,0,4.0,6.3,0,5,10.2,10,8,7,98,,3,1
101616,16,2,4.0,0,81.5,6.5,6.1,0,4.0,8.8,0,3,8.3,4,6,9,100,,1,0
101617,24,2,3.52,1,57.8,7.1,5.8,1,2.84,5.3,0,5,10.3,7,2,10,72,,1,0
101618,21,2,4.5,1,45.6,7.7,10.0,0,4.0,5.8,0,2,10.1,10,10,5,100,,1,1
101619,24,0,5.9,0,69.0,9.9,6.0,1,4.0,4.9,0,2,9.6,6,2,10,100,,2,0
101620,25,0,4.1,1,77.5,5.5,9.1,0,3.35,5.4,0,3,10.5,4,5,10,80,,2,1
101621,17,0,6.1,0,98.8,10.5,10.0,1,4.0,7.0,0,4,11.8,2,3,10,100,,1,1
101622,20,1,1.8,1,93.7,9.8,7.1,0,3.18,1.0,0,4,10.1,4,1,10,70,,2,0
101623,28,2,5.4,0,81.7,6.2,6.9,1,4.0,1.8,0,4,11.1,4,6,9,100,,2,1
101624,25,1,2.2,1,49.6,4.4,6.9,1,2.8,7.9,0,5,4.1,8,7,8,73,,1,0
101625,27,2,4.7,0,75.9,5.5,6.8,1,4.0,5.6,0,2,11.1,10,3,10,96,,1,0
101626,27,0,2.2,0,57.1,8.3,7.6,0,3.28,2.7,0,0,8.7,5,4,10,86,,3,1
101627,22,0,4.3,0,99.6,4.6,6.1,1,2.71,5.1,0,1,6.7,7,5,10,65,,0,0
101628,26,2,2.1,0,58.7,5.5,10.0,0,3.42,5.2,0,3,4.5,6,5,10,89,,2,1
101629,24,2,2.5,1,88.6,8.9,3.8,1,2.69,6.0,0,1,6.8,3,3,10,71,,2,0
101630,23,0,2.5,1,94.3,8.7,8.1,1,3.79,2.3,0,0,10.2,1,2,10,90,,2,1
101631,22,1,1.4,0,56.7,7.0,7.7,1,4.0,3.7,0,5,6.2,4,10,5,100,,2,1
101632,27,1,2.0,0,85.1,5.1,5.5,0,2.99,5.4,0,3,8.9,1,5,10,77,,0,0
101633,24,1,1.2,1,48.5,6.0,7.7,0,4.0,5.2,0,3,5.5,10,3,10,100,,3,1
101634,23,0,3.7,0,51.2,8.5,10.0,0,3.37,3.6,0,1,12.3,5,7,8,83,,0,1
101635,25,0,4.5,0,62.1,11.4,6.9,1,4.0,4.5,0,1,10.4,8,8,7,96,,1,1
101636,24,0,0.7,1,64.7,6.8,2.7,1,3.09,5.7,0,3,8.0,2,9,6,83,,2,0
101637,27,1,5.0,0,97.7,7.4,3.3,0,3.24,5.2,0,5,11.1,8,4,10,80,,3,1
101638,19,2,3.2,0,41.2,6.3,3.8,0,3.58,7.1,0,4,8.4,1,2,10,90,,1,1
101639,16,0,3.2,1,66.7,5.3,7.8,0,2.97,7.4,0,3,12.1,9,1,10,73,,2,0
101640,18,0,2.3,0,97.0,5.9,8.9,0,2.56,6.9,0,1,9.1,10,8,7,70,,2,1
101641,20,1,2.6,1,63.3,6.1,9.2,0,3.28,3.7,0,5,7.8,8,6,9,75,,1,1
101642,25,0,7.8,0,45.1,7.9,8.7,1,4.0,5.6,0,3,14.5,1,8,7,100,,2,0
101643,25,0,7.4,0,87.0,7.8,7.1,1,4.0,1.0,0,2,10.5,6,4,10,100,,2,0
101644,21,2,9.3,0,71.4,7.8,8.6,1,3.64,4.7,0,3,17.4,8,7,8,92,,2,1
101645,17,0,0.9,0,53.4,8.7,7.0,1,3.81,8.3,1,3,8.2,6,2,10,100,,1,0
101646,19,1,7.75,1,92.2,5.6,5.3,0,4.0,6.2,0,5,12.9,9,2,10,96,,3,1
101647,27,0,7.7,0,66.4,7.4,5.7,0,4.0,1.5,0,1,15.1,6,5,10,95,,1,0
101648,27,2,0.0,1,53.0,4.9,7.7,0,4.0,3.0,0,3,6.0,3,7,8,96,,2,1
101649,16,1,3.84,0,43.8,7.7,2.9,0,3.66,10.0,0,1,7.7,8,7,8,92,,3,1
101650,18,1,3.5,0,86.1,7.3,6.1,1,3.68,2.9,0,3,10.1,4,4,10,92,,0,0
101651,17,0,5.9,0,56.6,7.2,7.8,0,4.0,6.2,0,2,13.6,3,9,6,98,,0,0
101652,27,2,3.15,0,59.2,4.9,7.6,0,2.95,4.9,0,3,7.0,9,7,8,85,,1,1
101653,17,2,4.4,0,89.0,8.3,5.2,0,3.21,5.5,0,5,9.6,4,4,10,76,,2,1
101654,22,1,4.3,1,43.0,6.4,3.2,0,3.92,1.5,0,3,10.1,5,1,10,100,,2,1
101655,16,2,6.2,1,74.8,8.0,9.6,1,4.0,1.0,0,1,12.1,5,8,7,98,,3,0
101656,25,0,5.5,0,97.6,4.5,6.2,0,3.31,3.6,0,3,11.1,2,7,8,79,,1,1
101657,20,0,4.6,0,94.1,6.9,6.7,1,3.72,8.2,0,4,10.1,9,10,5,95,,3,1
101658,26,2,3.9,1,59.3,5.6,3.7,1,4.0,1.8,0,2,9.2,10,2,10,100,,1,1
101659,22,1,4.5,1,54.2,5.4,7.4,1,4.0,3.8,0,1,13.7,6,10,5,100,,3,1
101660,24,1,1.2,0,86.7,6.5,9.3,1,2.68,3.3,0,5,8.1,7,4,10,67,,1,1
101661,24,2,1.4,0,87.5,7.9,5.9,0,2.63,5.3,0,4,9.0,6,1,10,66,,1,0
101662,27,2,6.9,1,54.3,6.4,8.9,0,4.0,4.2,0,2,10.4,2,6,9,100,,1,0
101663,19,2,7.5,1,98.9,8.8,10.0,0,3.81,4.9,0,5,15.7,8,6,9,100,,1,1
101664,22,0,4.5,1,87.9,6.8,7.8,0,3.72,5.1,0,4,9.6,7,8,7,93,,1,0
101665,19,2,0.1,1,58.6,7.0,4.5,0,2.99,6.3,0,4,4.1,4,1,10,78,,1,1
101666,21,2,4.6,0,65.5,7.4,2.8,0,3.85,5.5,0,1,11.2,8,8,7,88,,1,0
101667,27,0,4.9,1,41.5,6.8,5.7,0,3.65,4.7,0,2,11.4,9,8,7,90,,2,1
101668,28,0,4.3,1,74.8,5.9,7.2,1,3.51,4.4,0,2,8.8,9,2,10,87,,0,0
101669,26,0,3.5,1,60.1,4.4,6.9,0,4.0,6.3,0,4,7.2,3,3,10,100,,2,0
101670,25,2,3.5,0,87.3,6.1,9.3,0,3.51,4.2,0,4,13.2,7,5,10,90,,3,1
101671,27,1,4.7,1,64.1,5.0,5.0,1,3.02,5.6,0,5,12.3,1,1,10,67,,1,1
101672,24,2,3.0,0,52.6,11.1,10.0,1,3.18,2.7,0,0,8.0,9,2,10,87,,1,1
101673,19,2,4.6,0,99.7,6.7,8.6,1,3.99,6.1,0,4,9.7,3,6,9,100,,1,1
101674,24,0,0.9,1,47.2,7.3,3.1,0,4.0,2.1,0,1,5.9,6,8,7,91,,2,1
101675,22,1,5.5,0,98.1,8.9,6.9,1,4.0,5.1,0,2,11.7,3,10,5,100,,1,1
101676,20,1,2.1,1,66.7,7.9,7.3,0,2.72,2.5,0,3,4.7,3,5,10,65,,1,0
101677,20,2,5.2,0,59.5,7.3,8.6,0,4.0,5.4,0,1,9.9,4,3,10,100,,2,1
101678,24,0,3.83,0,60.4,8.7,8.3,1,4.0,3.0,0,3,10.3,1,9,6,97,,1,1
101679,18,0,8.06,0,49.1,6.4,7.7,1,3.97,5.8,0,5,11.5,4,3,10,100,,2,1
101680,22,0,1.9,0,98.5,7.5,8.4,1,3.28,8.3,1,3,9.6,4,2,10,81,,0,1
101681,18,2,2.3,0,51.5,7.8,5.4,1,3.07,3.4,0,1,8.0,8,8,7,80,,1,1
101682,24,2,1.7,1,63.9,9.0,6.9,1,4.0,4.1,0,1,10.3,4,7,8,100,,1,1
101683,24,2,3.3,1,61.6,4.0,7.8,1,2.4,3.7,0,3,11.2,10,2,10,70,,2,0
101684,18,1,5.1,0,91.8,8.7,10.0,1,4.0,7.4,0,3,13.9,3,6,9,100,,3,1
101685,26,1,5.5,1,95.4,8.5,7.1,0,4.0,4.4,0,1,11.1,10,9,6,100,,1,0
101686,22,2,0.8,0,57.5,6.0,5.6,1,3.91,6.0,0,1,8.7,4,1,10,95,,1,1
101687,25,1,5.9,1,77.9,7.9,8.5,1,3.57,1.0,0,1,9.6,5,9,6,83,,1,0
101688,23,1,4.3,0,55.4,8.5,7.1,1,4.0,3.5,0,2,8.2,4,9,6,97,,1,1
101689,20,1,3.7,0,84.2,9.3,9.8,0,3.89,3.8,0,2,9.0,7,7,8,100,,2,0
101690,21,2,4.1,1,98.2,8.4,6.1,0,3.96,4.8,0,0,8.8,4,2,10,100,,3,0
101691,28,1,6.6,0,42.9,11.2,5.8,1,3.59,4.6,0,3,12.8,10,4,10,95,,0,1
101692,18,1,3.4,1,45.7,6.9,5.8,1,3.75,6.0,0,0,9.6,4,2,10,100,,2,0
101693,25,2,4.2,0,40.3,8.8,6.4,0,4.0,6.0,0,2,9.9,8,4,10,93,,3,1
101694,25,0,5.35,0,68.7,8.5,6.2,1,4.0,1.8,0,2,8.7,6,7,8,100,,2,0
101695,23,0,1.7,1,81.6,8.9,5.2,0,3.41,4.4,0,5,4.2,7,2,10,86,,2,1
101696,24,1,5.86,1,93.2,7.0,6.7,0,2.95,8.4,0,0,10.5,2,4,10,75,,2,1
101697,26,0,2.0,0,96.0,7.1,9.6,0,3.05,5.5,0,1,4.8,1,7,8,83,,1,0
101698,23,1,5.5,1,55.6,7.2,6.6,1,4.0,4.7,0,3,10.1,6,5,10,100,,1,1
101699,24,1,3.6,1,90.2,4.0,7.8,0,4.0,1.8,0,4,9.7,5,7,8,100,,1,0
101700,18,1,4.7,0,45.9,9.3,8.0,0,3.66,4.3,0,0,10.4,4,5,10,92,,0,0
101701,28,0,5.7,0,42.0,7.9,7.4,0,4.0,6.2,0,2,12.9,2,4,10,100,,2,0
101702,26,0,1.5,1,67.2,7.6,6.6,1,3.62,3.1,0,2,8.0,9,4,10,86,,2,0
101703,26,0,4.2,0,54.9,8.7,7.8,0,4.0,6.6,0,2,10.0,2,7,8,100,,2,1
101704,19,1,4.4,0,77.3,6.2,7.1,1,3.87,3.7,0,5,8.3,1,10,5,93,,1,0
101705,21,1,3.7,0,84.5,7.5,3.6,1,4.0,4.8,0,2,8.5,2,7,8,100,,3,1
101706,16,2,10.7,1,45.3,7.9,6.9,0,4.0,3.1,0,1,15.6,10,6,9,98,,1,1
101707,19,1,5.29,0,47.4,10.1,8.3,0,3.72,4.8,0,5,12.3,2,5,10,93,,1,1
101708,23,1,2.5,0,40.7,4.9,5.3,0,2.93,5.2,0,4,9.2,10,4,10,74,,2,1
101709,23,1,2.8,1,91.8,7.9,8.0,0,3.82,3.4,0,5,10.2,9,8,7,100,,3,1
101710,28,1,4.5,0,47.7,7.8,7.7,0,3.88,6.0,0,0,10.4,2,2,10,100,,2,1
101711,17,1,5.4,1,82.7,7.4,5.5,0,4.0,5.8,0,1,13.8,3,3,10,96,,2,1
101712,24,0,4.5,1,97.5,7.6,6.6,0,4.0,6.0,0,5,12.7,2,4,10,98,,2,0
101713,24,1,4.9,1,56.2,5.7,5.8,1,4.0,1.8,0,1,11.5,9,1,10,100,,2,1
101714,24,1,4.67,1,92.9,5.8,5.8,0,4.0,7.3,0,2,10.2,6,6,9,100,,1,0
101715,24,2,6.13,1,97.7,7.7,8.9,1,2.86,8.0,0,1,12.8,8,2,10,71,,2,1
101716,19,2,4.14,1,45.4,8.5,4.7,0,3.23,5.5,0,1,10.6,7,2,10,75,,2,1
101717,16,2,3.4,1,69.1,7.5,8.4,1,4.0,5.2,0,0,7.1,7,2,10,97,,2,1
101718,20,0,1.1,1,73.5,8.4,5.9,0,4.0,1.9,0,4,6.4,6,6,9,100,,1,0
101719,26,2,4.61,1,77.3,6.1,8.9,0,4.0,5.9,0,4,14.6,4,6,9,98,,2,0
101720,17,2,2.6,0,89.5,7.9,5.8,0,4.0,2.8,0,2,12.0,1,6,9,100,,2,1
101721,27,2,4.1,0,42.1,9.8,5.9,0,4.0,2.4,0,4,11.9,5,2,10,98,,1,1
101722,16,0,5.8,1,93.4,5.9,9.4,1,3.06,6.8,0,1,8.5,7,5,10,75,,2,0
101723,20,2,10.3,0,65.5,4.0,8.0,1,4.0,6.1,0,0,17.2,2,4,10,100,,2,1
101724,24,1,3.6,0,58.5,5.4,6.5,0,3.76,5.1,0,3,9.2,2,8,7,92,,2,1
101725,28,2,5.4,1,64.1,7.4,5.8,1,3.19,5.8,0,4,12.5,7,2,10,79,,1,0
101726,22,0,2.8,0,91.8,5.8,7.0,0,4.0,5.9,0,3,7.8,5,8,7,99,,3,1
101727,27,2,6.0,0,93.8,6.2,6.9,0,4.0,6.3,0,5,10.4,5,9,6,96,,3,1
101728,23,1,2.7,0,61.0,7.9,7.3,0,3.24,6.5,0,3,7.2,2,7,8,82,,1,0
101729,28,0,4.9,0,74.6,8.8,8.2,1,4.0,4.4,0,2,8.7,8,7,8,100,,3,0
101730,22,0,4.8,1,69.1,8.2,7.9,0,3.38,3.6,0,3,12.7,8,8,7,76,,2,1
101731,23,1,5.5,1,67.5,8.0,10.0,1,3.52,6.2,0,5,11.1,4,8,7,87,,2,1
101732,21,2,5.4,0,41.6,7.9,10.0,0,4.0,5.2,0,5,12.1,1,8,7,93,,3,0
101733,27,1,0.0,0,89.0,7.4,5.6,0,3.67,7.2,0,2,9.2,10,9,6,87,,3,0
101734,20,2,6.6,1,69.7,4.0,5.0,0,4.0,5.8,0,0,9.7,3,5,10,98,,1,0
101735,25,1,2.8,0,60.9,6.1,4.3,0,4.0,4.1,0,0,7.4,8,10,5,100,,1,0
101736,16,2,5.7,1,85.5,9.3,4.9,0,4.0,5.3,0,4,11.6,9,1,10,100,,3,0
101737,17,1,4.1,0,55.8,7.4,8.3,0,4.0,4.7,0,4,11.0,2,2,10,100,,2,0
101738,27,1,5.0,0,61.4,6.2,9.0,0,4.0,5.0,0,1,8.7,9,9,6,100,,1,0
101739,20,2,4.9,1,74.5,7.8,2.9,1,2.92,6.3,0,3,11.8,6,1,10,78,,3,0
101740,23,2,2.0,0,84.0,6.7,7.4,0,4.0,1.6,0,4,8.0,5,10,5,100,,1,1
101741,23,0,5.9,0,58.8,7.5,4.6,1,3.67,5.6,0,2,14.6,6,8,7,92,,2,1
101742,16,0,1.75,0,65.3,7.2,7.2,1,2.52,5.3,0,4,8.9,10,7,8,58,,2,1
101743,19,0,3.2,1,88.8,7.4,7.8,1,4.0,6.0,0,3,10.5,2,8,7,100,,2,0
101744,21,0,4.6,1,88.7,8.0,6.5,1,2.98,7.8,0,4,10.8,2,5,10,67,,1,1
101745,25,1,4.5,1,43.2,5.6,5.2,1,4.0,9.6,0,0,9.5,5,4,10,100,,1,0
101746,17,2,5.5,1,76.7,5.4,5.6,0,4.0,7.9,0,3,7.2,3,8,7,100,,1,1
101747,23,2,5.0,1,50.1,4.7,6.5,0,4.0,2.7,0,5,7.6,7,10,5,96,,2,0
101748,28,0,4.8,1,62.1,4.0,5.8,1,3.41,8.5,0,3,11.1,8,6,9,87,,2,1
101749,23,2,3.9,0,85.9,5.1,5.7,1,2.5,10.0,0,0,10.8,1,9,6,60,,2,0
101750,19,0,6.1,1,57.7,6.7,6.7,0,4.0,6.1,0,0,9.4,7,9,6,98,,2,1
101751,20,1,4.0,0,55.1,6.7,8.8,1,2.71,5.7,0,3,10.3,1,1,10,59,,1,0
101752,21,1,4.0,1,95.3,4.6,5.2,0,4.0,6.4,0,1,11.3,7,8,7,100,,3,0
101753,24,1,3.0,0,77.3,5.5,9.5,1,3.23,3.8,0,0,7.0,8,5,10,79,,1,0
101754,21,2,3.8,0,60.5,7.5,6.1,0,3.03,3.7,0,3,8.6,9,4,10,70,,1,1
101755,26,1,5.4,1,59.1,7.7,5.6,1,4.0,6.3,0,2,14.3,7,7,8,100,,2,0
101756,24,0,4.2,0,77.1,7.8,8.6,1,4.0,3.3,0,0,7.9,1,9,6,100,,1,1
101757,25,0,6.4,1,78.4,8.1,6.2,0,4.0,3.5,0,0,8.4,5,9,6,96,,1,1
101758,20,0,2.45,0,68.2,9.4,5.3,0,4.0,5.3,0,1,5.7,5,8,7,98,,3,0
101759,16,0,5.2,1,59.2,6.5,6.6,0,3.55,5.3,0,3,11.0,10,9,6,84,,1,1
101760,19,2,5.2,0,60.7,6.8,3.8,1,4.0,1.0,0,0,7.3,3,9,6,100,,2,1
101761,19,0,1.9,0,47.3,7.8,5.4,1,4.0,2.1,0,0,8.8,2,9,6,98,,3,1
101762,20,1,8.9,1,53.0,6.2,6.4,0,3.81,4.6,0,4,14.8,10,3,10,89,,3,0
101763,23,2,2.4,1,66.3,8.2,7.9,0,2.56,5.3,0,2,5.2,8,4,10,61,,1,1
101764,24,1,2.8,0,94.1,8.5,7.4,0,3.01,4.2,0,4,8.0,6,7,8,77,,1,1
101765,25,0,2.58,0,47.7,8.7,6.5,1,2.79,6.2,0,4,7.5,4,4,10,72,,2,1
101766,22,1,4.0,1,95.7,6.7,4.8,1,4.0,7.2,0,3,9.8,1,8,7,100,,1,1
101767,21,0,5.3,0,52.1,8.4,9.2,1,3.24,4.1,0,3,11.2,8,1,10,82,,2,1
101768,16,2,6.0,0,90.4,5.9,5.7,1,4.0,4.6,0,4,14.1,3,9,6,100,,2,1
101769,22,1,3.87,0,70.2,7.3,4.9,1,4.0,7.1,0,4,8.4,8,10,5,98,,2,1
101770,28,0,1.7,1,93.1,6.1,7.6,1,2.93,9.5,0,3,7.1,9,10,5,71,,2,1
101771,28,0,4.6,0,84.9,7.4,7.2,1,4.0,5.8,0,4,10.0,10,10,5,100,,3,1
101772,23,2,4.5,1,41.4,8.1,6.3,0,4.0,7.8,0,3,10.8,6,8,7,92,,1,1
101773,19,2,1.77,1,51.8,7.7,6.8,1,3.73,6.4,0,4,7.3,8,4,10,100,,2,1
101774,23,0,0.9,1,66.5,7.8,8.7,0,4.0,5.5,0,2,8.0,2,10,5,99,,1,0
101775,26,1,2.1,0,99.6,7.0,8.6,1,3.14,3.9,0,2,7.9,10,5,10,77,,1,0
101776,17,1,2.6,0,48.3,7.1,6.3,1,4.0,1.6,0,0,4.7,9,7,8,99,,0,1
101777,19,0,5.1,0,64.6,4.9,4.5,0,4.0,7.5,0,3,9.3,7,1,10,98,,2,1
101778,20,0,4.5,0,63.5,7.8,8.6,1,2.99,5.6,0,3,10.0,5,6,9,68,,3,1
101779,24,0,5.5,0,81.2,5.5,7.4,0,4.0,3.4,0,3,11.4,4,3,10,98,,2,1
101780,25,1,5.47,1,64.4,7.3,7.4,0,4.0,1.5,0,3,10.1,5,4,10,98,,1,0
101781,21,1,1.7,1,49.4,7.6,7.4,0,3.56,4.3,0,5,8.2,4,9,6,89,,2,1
101782,24,0,3.0,1,85.8,4.8,4.0,0,3.61,8.0,0,3,13.2,5,4,10,94,,1,1
101783,23,2,6.6,0,81.6,10.1,7.4,1,4.0,3.6,0,3,11.9,8,8,7,99,,2,0
101784,18,2,0.0,0,73.5,7.8,7.1,1,3.08,8.6,1,2,3.7,9,3,10,80,,3,0
101785,18,1,0.6,0,40.1,8.4,6.2,0,3.24,4.5,0,5,9.3,10,10,5,83,,1,0
101786,21,0,5.4,1,64.9,5.3,4.8,1,3.34,6.2,0,3,11.0,4,10,5,82,,0,1
101787,24,2,7.2,0,87.6,8.0,5.6,1,3.5,3.8,0,2,10.0,3,2,10,87,,1,0
101788,28,0,7.7,0,78.3,7.5,3.3,0,4.0,3.7,0,1,14.3,4,3,10,100,,1,0
101789,18,0,2.5,1,66.5,5.4,6.2,1,3.9,6.7,0,1,8.1,6,3,10,97,,2,1
101790,22,2,7.45,0,71.6,5.6,9.1,0,3.22,1.0,0,5,11.3,10,1,10,74,,1,1
101791,25,0,2.8,0,74.4,9.2,4.4,0,4.0,7.4,0,4,7.8,4,5,10,100,,0,0
101792,22,2,4.82,0,93.3,5.2,5.7,0,3.39,6.0,0,5,7.9,1,6,9,85,,2,1
101793,16,2,6.9,1,78.0,7.5,5.3,1,3.44,2.9,0,4,11.5,8,5,10,80,,3,1
101794,26,2,4.9,1,91.6,6.4,4.9,1,2.92,7.1,0,4,10.5,10,4,10,71,,2,1
101795,20,1,2.0,0,86.0,9.0,5.7,0,2.41,4.3,0,3,5.9,8,4,10,55,,1,1
101796,16,0,7.0,1,47.8,6.8,5.3,0,3.7,7.2,0,0,13.2,2,5,10,88,,1,1
101797,25,0,2.4,0,99.2,6.0,7.2,1,3.32,7.8,0,5,9.1,8,7,8,90,,1,1
101798,28,0,4.8,1,87.5,5.6,5.5,1,3.48,7.1,0,1,6.1,4,1,10,87,,1,0
101799,17,0,5.7,1,59.3,5.4,4.9,0,4.0,5.6,0,3,13.9,9,10,5,99,,3,1
101800,18,2,0.1,0,53.2,6.6,3.8,1,3.56,6.1,0,4,2.8,6,10,5,90,,0,0
101801,26,2,2.5,0,73.0,5.6,9.4,1,2.65,1.3,0,5,8.2,3,3,10,64,,1,1
101802,28,0,4.4,0,99.8,8.0,5.0,0,3.19,5.1,0,2,12.9,3,4,10,74,,0,0
101803,20,0,1.0,1,66.8,8.1,6.5,1,4.0,5.0,0,3,6.7,1,9,6,100,,3,1
101804,20,2,4.2,1,79.6,7.6,7.8,0,3.51,4.8,0,5,9.5,4,8,7,86,,2,1
101805,25,1,4.2,1,56.9,7.0,8.1,1,3.78,4.8,0,1,11.7,9,2,10,93,,2,1
101806,23,2,3.7,1,78.4,6.7,8.6,1,4.0,3.8,0,3,12.1,5,5,10,99,,2,1
101807,17,1,0.6,1,73.3,4.0,4.5,0,4.0,4.0,0,1,5.5,10,8,7,100,,3,1
101808,20,1,8.56,1,50.7,7.5,8.1,1,4.0,4.4,0,2,11.6,5,8,7,100,,0,1
101809,24,1,6.6,1,99.0,8.5,2.7,1,4.0,7.6,0,1,11.3,8,1,10,100,,1,1
101810,22,2,3.5,0,47.0,4.6,9.7,0,4.0,5.3,0,0,8.8,7,10,5,96,,2,1
101811,19,2,3.7,0,59.2,8.0,8.5,1,2.94,1.7,0,1,10.4,4,3,10,74,,2,1
101812,25,0,1.8,0,91.4,6.8,4.8,0,3.23,3.7,0,2,7.7,9,1,10,79,,2,0
101813,16,0,2.8,0,41.4,8.5,8.1,1,2.97,7.9,0,0,6.0,6,9,6,79,,2,1
101814,21,0,6.7,1,43.8,10.3,4.8,0,4.0,5.2,0,2,16.3,8,1,10,97,,2,0
101815,23,0,4.2,0,91.7,6.8,3.7,1,3.84,9.3,1,5,9.3,9,3,10,100,,3,0
101816,18,2,4.1,0,49.5,5.2,8.2,0,3.93,5.2,0,2,9.6,3,3,10,93,,3,1
101817,26,0,6.7,1,76.3,7.9,8.7,1,3.64,5.3,0,1,13.1,7,9,6,94,,0,1
101818,25,2,0.9,1,79.1,7.1,9.2,0,3.03,9.3,0,0,5.4,10,6,9,75,,2,0
101819,26,2,5.2,1,85.8,7.6,10.0,1,4.0,2.5,0,0,12.6,8,2,10,100,,2,1
101820,19,0,5.0,0,91.5,5.9,6.7,0,4.0,7.4,0,0,6.6,7,4,10,100,,1,1
101821,26,2,5.87,1,50.6,6.9,3.9,0,4.0,5.8,0,4,12.8,2,9,6,86,,0,1
101822,17,2,2.1,1,46.4,8.9,6.9,1,3.52,5.2,0,2,3.7,8,1,10,94,,2,1
101823,24,2,3.6,1,50.0,7.8,7.4,0,4.0,6.3,0,0,6.7,2,1,10,100,,3,0
101824,17,0,4.8,0,97.3,5.4,8.8,1,2.68,4.5,0,2,8.6,9,2,10,65,,0,1
101825,22,2,0.0,1,81.8,5.8,9.4,0,2.52,3.0,0,1,3.9,7,4,10,63,,3,0
101826,21,1,5.84,1,42.1,5.6,6.0,0,3.91,6.6,0,3,10.5,6,2,10,97,,1,0
101827,19,1,7.2,0,54.3,5.6,5.7,1,3.46,7.2,0,1,12.2,4,9,6,92,,2,0
101828,25,1,3.4,1,65.8,4.3,9.7,1,4.0,2.8,0,5,8.9,7,6,9,100,,1,0
101829,21,0,4.8,0,40.1,4.1,4.0,0,3.99,3.6,0,0,10.7,10,9,6,100,,1,1
101830,25,1,6.9,1,78.0,6.3,6.2,0,4.0,2.2,0,5,14.9,2,7,8,96,,3,1
101831,25,2,4.1,0,93.4,5.3,6.0,0,2.72,5.3,0,2,14.1,6,4,10,68,,3,0
101832,28,1,4.8,1,43.0,6.2,8.9,0,3.6,3.5,0,2,8.1,10,6,9,100,,1,0
101833,18,0,8.1,0,59.4,7.1,5.2,1,4.0,3.2,0,3,15.4,7,5,10,100,,2,1
101834,20,1,2.8,0,55.3,5.3,5.8,1,3.66,3.6,0,0,9.4,3,9,6,95,,2,0
101835,23,0,2.6,1,51.3,11.0,7.3,0,4.0,6.4,0,4,8.6,7,10,5,97,,0,1
101836,18,2,4.9,0,62.6,6.3,6.4,1,4.0,2.2,0,0,8.2,3,6,9,88,,0,1
101837,27,2,8.18,1,77.7,6.5,2.3,1,4.0,1.0,0,1,10.8,4,9,6,93,,2,0
101838,16,1,4.6,0,91.0,7.1,7.8,1,4.0,6.6,0,1,10.9,8,4,10,94,,1,1
101839,24,2,4.7,1,84.1,5.7,3.4,0,2.96,8.6,0,2,12.9,10,8,7,68,,1,0
101840,21,2,0.4,0,86.3,8.4,6.7,1,3.67,4.9,0,3,5.6,6,7,8,91,,3,1
101841,25,1,3.7,1,51.4,8.2,5.6,0,4.0,1.4,0,0,13.3,10,1,10,97,,0,0
101842,20,1,1.7,0,63.1,8.0,6.7,1,3.59,5.7,0,0,8.3,7,1,10,94,,1,1
101843,18,2,4.0,1,71.5,6.6,3.4,0,4.0,5.9,0,5,8.5,4,6,9,100,,3,0
101844,24,1,0.9,1,93.1,6.6,7.2,1,3.67,6.0,0,3,2.7,2,5,10,99,,2,1
101845,20,0,4.9,1,53.4,7.4,1.9,0,3.78,3.7,0,3,10.2,9,6,9,99,,2,1
101846,16,2,5.1,0,65.9,7.6,7.2,1,3.19,5.0,0,3,11.1,7,1,10,83,,0,0
101847,19,1,6.9,1,58.3,7.2,6.9,1,3.89,5.2,0,3,12.1,9,4,10,93,,3,1
101848,22,0,4.5,0,78.1,6.8,6.1,1,3.31,3.4,0,4,9.9,9,2,10,80,,1,0
101849,24,1,5.34,1,64.2,6.1,6.4,1,3.71,3.1,0,0,9.6,10,1,10,93,,1,1
101850,16,0,2.8,1,76.1,5.3,5.9,1,4.0,1.0,0,4,7.6,1,9,6,99,,1,0
101851,17,0,1.3,1,50.0,6.4,4.7,0,4.0,5.0,0,5,6.7,2,2,10,96,,2,0
101852,22,0,4.8,1,55.3,7.0,9.9,0,3.82,2.2,0,2,8.9,9,4,10,96,,3,1
101853,24,0,8.1,1,41.5,6.0,8.2,0,3.62,6.4,0,3,13.5,6,2,10,95,,1,0
101854,20,1,5.4,0,86.9,8.7,6.4,1,4.0,7.9,0,4,11.3,6,4,10,98,,1,1
101855,21,2,1.1,0,58.7,4.0,6.4,1,2.98,4.3,0,0,9.1,10,7,8,73,,2,1
101856,18,0,4.5,1,94.8,7.1,6.2,1,2.91,7.3,0,4,11.1,8,7,8,70,,3,1
101857,27,1,5.5,0,59.1,6.9,6.6,0,4.0,1.3,0,0,14.4,7,2,10,100,,0,1
101858,23,2,3.6,1,61.5,8.2,10.0,1,3.99,2.5,0,1,11.4,8,6,9,99,,2,0
101859,26,1,0.8,1,46.9,6.9,5.6,0,3.94,5.1,0,1,4.2,7,7,8,100,,2,1
101860,17,0,3.3,1,52.8,7.4,10.0,1,3.22,4.5,0,0,9.0,8,6,9,76,,3,1
101861,22,2,5.4,1,75.3,8.1,8.6,0,3.73,5.7,0,2,12.0,2,9,6,100,,2,0
101862,26,1,3.5,1,92.0,6.2,3.6,0,3.09,5.0,0,0,8.8,10,4,10,80,,0,0
101863,26,1,3.32,0,47.9,6.8,8.7,0,3.51,9.8,0,0,7.9,4,7,8,83,,2,0
101864,26,2,2.2,1,84.6,4.0,6.6,0,3.83,3.8,0,3,12.2,10,7,8,99,,0,1
101865,21,0,4.0,1,94.1,10.2,7.8,1,4.0,6.9,0,1,9.4,7,10,5,100,,2,1
101866,26,0,5.7,0,99.2,7.8,10.0,0,4.0,6.2,0,5,10.9,4,6,9,96,,0,1
101867,20,0,2.2,0,43.8,4.3,6.3,1,3.56,4.1,0,0,7.5,3,9,6,90,,0,0
101868,25,1,2.8,0,71.4,9.0,8.5,0,3.94,4.8,0,0,9.6,1,9,6,99,,1,1
101869,27,0,0.0,1,81.5,4.9,5.6,1,3.17,5.4,0,3,7.5,2,8,7,69,,3,1
101870,27,0,4.2,1,48.5,9.1,9.0,0,4.0,5.7,0,2,8.7,10,9,6,95,,2,1
101871,28,0,2.8,0,57.2,6.6,10.0,1,3.97,2.9,0,4,9.1,3,1,10,100,,0,1
101872,25,1,1.6,1,77.1,5.7,6.7,1,4.0,2.9,0,2,5.1,10,3,10,100,,1,1
101873,18,0,3.7,1,79.1,6.8,4.0,0,4.0,5.7,0,3,10.1,10,4,10,100,,0,1
101874,25,0,0.0,1,93.1,7.0,4.1,0,3.34,3.8,0,0,5.3,7,5,10,88,,1,0
101875,26,2,4.7,1,65.8,5.6,9.8,0,3.92,5.1,0,3,11.4,9,5,10,100,,2,0
101876,20,0,2.4,1,89.5,8.6,8.2,1,4.0,4.3,0,4,10.3,9,7,8,92,,2,0
101877,17,1,3.9,0,41.1,7.0,8.7,0,3.13,6.9,0,2,8.0,5,1,10,74,,3,0
101878,17,1,2.35,1,54.3,10.6,10.0,0,3.39,6.4,0,1,7.1,9,5,10,79,,3,1
101879,24,1,7.5,0,97.4,6.5,6.5,1,4.0,4.9,0,5,13.1,6,4,10,99,,1,0
101880,27,2,6.4,1,89.1,5.2,10.0,0,3.92,5.8,0,1,12.4,8,6,9,93,,3,1
101881,28,1,2.4,0,72.8,6.9,8.9,1,4.0,6.0,0,4,10.0,1,10,5,98,,2,1
101882,19,1,4.1,0,92.1,7.3,8.3,0,3.89,5.0,0,4,12.6,7,8,7,90,,2,0
101883,28,2,4.7,0,42.7,7.3,9.2,0,4.0,5.4,0,4,6.4,8,5,10,94,,3,1
101884,20,0,2.9,1,78.1,8.2,7.1,1,4.0,5.7,0,3,9.9,10,1,10,97,,3,1
101885,23,1,6.5,0,44.0,6.1,7.8,0,3.36,2.5,0,5,13.9,6,3,10,88,,3,1
101886,27,1,7.3,1,59.8,6.9,5.2,1,4.0,6.3,0,2,11.6,8,5,10,100,,1,1
101887,19,1,4.9,1,62.9,8.5,4.4,0,3.49,7.1,0,5,7.8,2,1,10,84,,1,1
101888,19,0,4.5,1,68.3,6.2,8.7,0,4.0,2.8,0,3,8.7,1,2,10,100,,3,0
101889,20,0,3.6,0,92.2,7.4,7.4,0,4.0,7.2,0,4,8.4,5,8,7,100,,1,0
101890,27,2,5.8,0,55.9,7.0,6.9,0,2.58,5.9,0,1,11.4,9,3,10,72,,2,0
101891,22,0,5.3,0,52.6,8.5,7.5,0,3.16,6.2,0,2,10.1,8,3,10,71,,2,0
101892,24,1,5.27,1,72.1,7.1,10.0,0,3.08,4.1,0,5,11.2,2,2,10,78,,2,0
101893,19,1,5.8,0,97.9,6.1,8.0,0,3.41,7.5,0,3,11.4,7,4,10,88,,0,1
101894,23,1,4.4,1,99.5,6.4,8.5,1,3.65,6.9,0,4,10.1,8,4,10,80,,2,0
101895,21,1,3.1,0,83.0,6.8,3.1,1,3.22,2.6,0,1,8.4,10,6,9,85,,3,1
101896,26,2,3.3,1,87.8,6.7,5.3,1,3.25,6.1,0,0,7.8,2,10,5,71,,2,1
101897,26,0,3.4,1,53.8,6.9,7.5,0,3.29,6.0,0,4,12.0,7,3,10,78,,2,0
101898,27,2,6.63,0,78.3,6.4,4.8,0,3.88,1.7,0,5,14.1,10,4,10,87,,2,0
101899,24,0,5.3,0,84.7,6.9,5.4,0,3.6,5.7,0,4,11.0,5,8,7,88,,1,1
101900,19,2,2.9,1,71.6,6.0,6.2,1,3.43,6.4,0,1,7.2,8,4,10,87,,1,1
101901,26,2,4.0,0,65.5,8.6,7.1,1,3.85,4.3,0,1,10.2,7,10,5,99,,2,0
101902,17,0,3.6,0,82.7,8.2,8.2,1,4.0,1.0,0,5,9.0,1,6,9,97,,0,1
101903,24,1,3.6,0,69.7,6.2,8.1,0,3.14,6.0,0,2,8.3,10,5,10,82,,1,0
101904,28,2,4.6,0,46.4,6.9,5.5,1,4.0,9.0,1,3,10.5,10,2,10,96,,3,1
101905,19,2,4.0,1,68.5,7.8,6.8,1,3.3,4.6,0,4,8.7,2,6,9,89,,2,0
101906,16,2,6.71,0,50.0,7.8,4.2,0,4.0,7.0,0,2,9.1,2,10,5,98,,3,1
101907,16,1,5.5,0,95.7,7.2,2.7,0,3.75,6.3,0,2,9.2,7,3,10,98,,1,0
101908,25,2,9.56,1,77.8,7.6,3.7,1,4.0,5.9,0,3,16.0,4,1,10,100,,2,1
101909,25,2,3.2,1,98.5,7.0,6.6,0,3.89,8.4,1,5,7.9,1,3,10,99,,1,1
101910,25,0,1.3,1,78.7,7.2,9.2,0,4.0,4.5,0,2,7.0,10,2,10,96,,1,0
101911,21,2,2.9,0,79.8,4.0,7.7,1,2.69,6.9,0,5,9.7,8,6,9,69,,3,1
101912,25,2,1.4,0,56.5,6.5,7.5,1,3.95,6.1,0,4,3.3,2,9,6,96,,1,1
101913,20,0,5.4,0,60.8,9.5,1.7,0,3.54,4.3,0,0,8.8,3,1,10,83,,1,1
101914,17,2,2.8,1,92.4,7.6,6.5,0,2.63,4.7,0,2,9.2,9,5,10,59,,3,1
101915,27,2,3.8,1,80.7,7.4,5.6,1,3.07,5.2,0,2,11.4,10,1,10,80,,3,1
101916,28,0,2.66,0,60.0,7.9,5.0,0,4.0,7.3,0,3,7.6,1,10,5,99,,3,0
101917,19,0,4.8,0,92.5,7.2,5.0,1,3.5,5.8,0,3,8.8,9,3,10,86,,0,1
101918,21,2,3.1,1,56.0,7.6,4.4,0,3.1,4.5,0,0,7.8,3,7,8,82,,0,1
101919,16,1,3.6,0,75.1,7.5,4.3,0,3.68,5.5,0,2,7.6,5,8,7,100,,2,1
101920,26,2,2.6,1,78.9,4.5,1.9,0,2.67,7.8,0,4,3.6,10,6,9,64,,2,0
101921,17,2,2.9,1,91.6,7.3,6.2,0,2.94,1.4,0,2,9.7,8,5,10,69,,0,1
101922,24,2,5.57,1,86.5,7.2,8.0,0,3.62,5.9,0,5,12.4,10,4,10,96,,1,0
101923,17,2,2.8,0,78.1,7.1,7.3,0,3.67,2.6,0,0,7.9,8,10,5,99,,2,1
101924,18,0,7.1,0,72.3,8.5,7.1,0,4.0,5.5,0,0,12.8,10,6,9,100,,2,0
101925,19,1,3.5,0,85.9,7.3,5.6,1,4.0,4.9,0,1,7.9,3,4,10,97,,0,0
101926,20,0,4.8,1,75.8,7.6,6.8,1,3.28,4.4,0,2,11.8,3,8,7,77,,3,1
101927,26,1,5.2,1,40.1,6.7,6.1,0,4.0,4.1,0,4,10.9,4,6,9,96,,1,1
101928,28,2,6.6,1,96.8,6.3,5.8,1,2.94,4.2,0,5,13.4,3,4,10,78,,3,1
101929,27,2,4.8,1,49.2,7.0,6.3,0,4.0,1.0,0,1,10.0,6,4,10,98,,3,0
101930,25,1,5.47,0,53.1,5.9,6.1,1,4.0,6.1,0,1,8.8,4,9,6,98,,2,1
101931,24,0,6.2,0,94.4,4.7,5.1,0,3.17,6.5,0,2,14.1,3,7,8,74,,2,1
101932,23,0,1.55,0,78.7,7.4,6.0,0,2.86,3.5,0,2,6.8,8,3,10,77,,1,1
101933,19,1,6.77,1,60.4,7.1,9.2,1,3.19,4.0,0,1,14.5,3,1,10,71,,3,0
101934,19,1,4.4,1,50.2,6.9,4.6,0,2.99,5.3,0,4,10.5,3,1,10,68,,1,0
101935,25,1,1.6,0,85.5,6.6,6.0,1,3.26,1.3,0,3,7.8,8,7,8,74,,2,1
101936,28,0,0.9,0,75.8,7.6,9.6,0,3.68,3.7,0,2,3.0,1,3,10,100,,2,1
101937,22,0,7.2,0,82.5,11.4,6.8,1,3.47,4.2,0,3,12.3,3,5,10,83,,1,1
101938,18,2,0.5,1,53.0,7.3,5.7,1,4.0,3.1,0,0,6.0,3,8,7,99,,3,1
101939,27,2,4.49,0,71.3,6.1,7.4,1,3.01,4.0,0,1,9.3,10,4,10,78,,3,1
101940,27,2,3.2,1,52.4,7.8,5.8,0,3.6,2.4,0,0,9.7,10,6,9,93,,0,1
101941,25,2,2.7,0,53.5,6.3,8.5,0,3.65,6.7,0,4,10.9,1,8,7,96,,2,1
101942,20,2,2.7,0,97.2,8.7,8.2,0,4.0,1.7,0,5,7.9,9,7,8,97,,1,1
101943,16,2,4.8,1,84.3,8.4,8.4,0,4.0,6.4,0,4,13.4,3,7,8,100,,3,1
101944,16,2,2.5,1,85.6,7.6,6.4,0,4.0,2.2,0,5,7.4,7,6,9,100,,1,1
101945,17,0,1.6,1,60.1,4.4,9.1,1,3.19,4.4,0,0,6.2,4,1,10,89,,3,1
101946,27,1,2.0,1,57.4,8.5,4.7,0,3.57,4.6,0,5,7.3,4,1,10,91,,1,0
101947,16,2,4.59,1,58.4,4.8,9.5,1,3.71,4.6,0,5,11.8,5,5,10,93,,1,1
101948,19,2,5.16,1,43.5,4.8,6.9,1,3.64,6.4,0,1,10.3,4,2,10,90,,2,1
101949,17,0,6.1,0,55.9,6.9,7.2,1,4.0,5.8,0,3,12.5,7,1,10,100,,1,1
101950,23,1,3.3,1,50.4,5.6,9.8,0,2.76,2.9,0,0,7.3,4,6,9,70,,3,1
101951,26,0,3.4,0,51.2,7.0,10.0,0,4.0,7.8,0,5,9.9,1,9,6,100,,1,1
101952,18,0,4.83,1,86.9,5.5,5.3,0,3.05,3.5,0,5,9.6,5,1,10,73,,3,0
101953,25,0,3.8,1,55.9,10.2,6.8,1,3.58,3.5,0,5,11.6,3,7,8,85,,3,1
101954,22,2,4.7,0,48.9,9.7,9.3,0,4.0,3.4,0,3,12.3,7,8,7,100,,3,1
101955,23,2,7.59,0,51.5,8.0,4.2,1,4.0,2.4,0,3,12.5,10,3,10,99,,2,1
101956,17,2,0.0,1,43.5,7.3,5.8,1,2.42,2.5,0,1,7.2,7,2,10,54,,2,0
101957,25,1,4.0,0,89.0,7.4,5.6,0,2.8,4.1,0,5,9.1,7,7,8,69,,2,1
101958,21,0,2.54,1,61.1,6.0,9.2,0,4.0,2.5,0,1,6.4,5,5,10,96,,3,1
101959,20,1,3.2,0,63.9,9.7,5.0,1,4.0,3.1,0,2,11.2,5,10,5,94,,0,0
101960,25,1,0.0,1,60.0,6.4,9.2,0,3.26,5.1,0,3,2.0,4,8,7,77,,1,0
101961,21,2,0.4,1,52.8,6.4,8.5,0,4.0,4.3,0,2,7.9,8,6,9,98,,3,1
101962,17,0,6.1,0,85.8,8.2,4.7,0,3.4,6.4,0,1,10.3,9,2,10,83,,1,1
101963,28,1,7.0,1,46.8,6.9,3.4,0,3.66,5.7,0,4,10.0,1,8,7,92,,1,1
101964,16,0,5.9,0,65.9,4.0,4.5,1,3.53,8.4,1,2,15.4,1,3,10,94,,2,0
101965,28,0,0.5,1,91.0,9.3,6.1,1,2.65,8.1,0,4,9.7,6,4,10,64,,3,0
101966,20,2,4.5,1,62.7,6.6,9.4,0,4.0,9.6,0,3,9.2,1,9,6,100,,1,0
101967,25,0,3.9,1,78.5,5.3,3.5,1,2.96,4.8,0,1,6.5,4,5,10,82,,3,0
101968,17,0,8.8,1,70.1,8.0,6.1,0,4.0,4.5,0,2,14.0,6,7,8,100,,1,1
101969,20,2,2.5,0,84.8,8.0,8.3,0,3.88,3.7,0,3,7.9,1,9,6,87,,3,1
101970,16,1,0.0,0,68.8,7.6,1.6,1,3.1,7.2,0,0,7.6,10,1,10,74,,1,1
101971,17,0,6.2,1,70.5,8.7,6.5,0,2.95,4.4,0,2,10.9,9,2,10,79,,0,0
101972,16,0,2.2,1,66.8,8.0,5.1,1,3.98,9.0,0,5,9.6,1,6,9,100,,3,1
101973,26,0,4.4,1,99.7,9.5,4.4,0,3.86,7.0,0,5,10.5,4,3,10,100,,2,1
101974,20,2,3.2,0,68.4,5.2,10.0,1,4.0,3.7,0,4,10.0,5,7,8,99,,1,0
101975,22,0,3.8,1,89.7,7.7,10.0,1,3.43,5.2,0,1,12.2,9,8,7,78,,2,0
101976,19,0,1.2,0,65.1,6.4,1.1,0,3.77,1.0,0,1,3.0,3,10,5,97,,2,0
101977,23,0,0.0,0,61.7,7.0,6.0,1,3.43,5.1,0,2,8.2,5,3,10,79,,1,1
101978,20,0,7.0,0,90.1,6.9,10.0,1,3.31,5.2,0,2,14.1,9,6,9,80,,1,1
101979,28,2,5.8,0,58.6,6.1,5.2,0,3.31,3.6,0,3,12.5,1,3,10,88,,2,1
101980,24,2,5.1,0,61.1,7.5,7.7,0,4.0,5.8,0,3,8.6,9,2,10,99,,0,0
101981,18,1,4.2,1,94.3,9.3,7.5,0,3.44,4.1,0,5,7.0,7,7,8,92,,2,1
101982,26,2,5.0,0,47.6,10.2,6.9,0,3.56,4.8,0,3,10.2,8,1,10,90,,3,1
101983,17,2,1.0,0,98.9,9.1,5.4,1,2.61,5.0,0,2,3.6,5,2,10,63,,2,1
101984,18,0,7.9,1,45.1,5.8,9.9,0,4.0,2.3,0,4,16.5,8,1,10,99,,2,0
101985,19,1,2.8,0,91.3,6.2,9.1,0,4.0,3.8,0,5,8.4,3,2,10,99,,2,0
101986,22,0,4.9,0,62.2,8.1,8.6,0,3.97,5.9,0,1,9.8,5,4,10,100,,0,1
101987,28,0,1.5,0,41.8,7.8,10.0,0,4.0,5.9,0,3,8.2,7,8,7,93,,3,1
101988,27,1,7.2,0,43.0,6.5,6.3,1,3.23,5.7,0,0,10.0,3,1,10,86,,2,1
101989,17,1,5.07,1,69.4,6.4,6.9,1,3.91,1.8,0,0,14.1,1,7,8,98,,1,1
101990,16,0,4.1,0,40.1,4.0,6.2,1,4.0,4.6,0,2,11.3,3,2,10,98,,1,1
101991,20,2,0.0,1,54.1,6.0,8.8,0,2.59,2.3,0,2,7.7,7,6,9,75,,2,1
101992,25,0,1.9,0,99.4,6.1,8.8,1,3.53,5.4,0,4,4.5,5,4,10,91,,2,1
101993,23,1,2.8,1,53.2,5.2,8.6,0,4.0,2.9,0,2,12.3,3,5,10,100,,1,1
101994,25,0,1.38,0,90.6,6.8,7.2,0,2.8,6.4,0,4,6.5,5,2,10,82,,2,0
101995,17,2,4.97,1,80.6,7.9,6.8,0,3.18,4.0,0,0,12.4,1,5,10,80,,2,1
101996,16,2,4.7,0,52.9,6.1,8.2,0,3.85,3.9,0,5,11.4,1,6,9,90,,1,0
101997,20,2,1.6,1,81.5,9.2,10.0,0,2.77,6.8,0,5,6.6,6,1,10,71,,2,1
101998,22,1,4.7,1,80.9,6.9,6.0,1,3.42,5.8,0,1,12.4,1,10,5,82,,1,1
101999,27,2,3.9,0,43.7,7.9,4.5,0,3.02,2.9,0,3,10.0,4,3,10,78,,0,0
102000,17,1,6.84,1,47.9,7.8,4.9,1,3.04,7.3,0,1,15.2,10,5,10,77,,1,0
102001,27,1,4.8,1,51.2,7.5,8.1,0,3.42,2.7,0,1,11.8,9,5,10,82,,2,0
102002,18,2,0.0,0,40.4,6.4,5.9,1,2.44,4.7,0,3,5.5,9,2,10,60,,1,1
102003,23,1,5.55,0,84.5,6.6,6.3,1,4.0,6.6,0,5,14.4,2,6,9,99,,2,0
102004,28,0,5.5,0,95.6,5.3,7.4,1,4.0,2.2,0,3,7.8,1,3,10,100,,2,1
102005,18,0,3.3,1,46.4,7.7,6.7,0,3.45,4.4,0,0,10.8,6,4,10,90,,2,1
102006,19,1,1.28,1,97.9,9.0,3.3,1,3.93,2.5,0,5,5.5,3,8,7,100,,3,1
102007,20,2,1.8,0,40.9,7.8,5.7,0,4.0,5.3,0,1,6.3,10,10,5,100,,3,1
102008,19,2,2.8,1,47.7,8.8,2.1,0,2.8,8.0,0,5,8.6,1,5,10,67,,2,0
102009,18,1,0.0,0,58.4,6.6,7.7,1,4.0,3.2,0,0,5.8,8,1,10,100,,2,0
102010,17,0,2.2,1,64.1,6.8,5.8,1,4.0,7.2,0,5,8.5,5,6,9,100,,1,1
102011,25,1,5.6,0,44.0,9.8,9.1,0,4.0,3.7,0,2,9.2,5,5,10,95,,3,1
102012,28,2,0.5,1,72.3,7.5,9.0,0,3.74,3.4,0,5,4.3,2,9,6,97,,3,1
102013,23,2,2.2,0,93.8,4.0,4.5,0,3.46,4.3,0,3,7.4,2,9,6,84,,2,1
102014,21,0,3.74,0,68.6,7.1,7.4,0,2.9,4.2,0,1,7.2,6,6,9,67,,1,1
102015,17,0,6.37,0,43.1,8.3,9.4,1,4.0,5.4,0,1,12.1,2,8,7,100,,2,0
102016,26,0,5.9,0,44.4,6.9,5.5,1,4.0,4.4,0,5,10.2,1,8,7,100,,1,1
102017,17,2,6.0,0,98.5,10.4,4.8,1,4.0,3.1,0,3,8.6,10,4,10,98,,1,1
102018,27,0,3.25,0,46.2,8.2,4.8,1,2.98,6.8,0,0,7.2,3,1,10,74,,2,1
102019,20,1,7.8,1,93.4,7.2,6.0,1,3.57,4.2,0,1,11.4,7,6,9,98,,3,0
102020,18,1,6.1,0,94.8,7.8,6.9,1,3.25,2.3,0,3,8.4,5,3,10,83,,1,1
102021,27,2,5.3,1,96.7,9.1,4.2,1,3.21,5.4,0,4,11.2,3,4,10,82,,1,1
102022,28,1,3.2,1,65.1,7.5,5.4,0,3.74,5.6,0,4,6.3,5,3,10,89,,1,1
102023,23,1,1.2,0,43.0,6.6,4.7,0,3.87,7.5,0,2,7.5,6,5,10,100,,3,1
102024,19,0,3.3,1,89.1,6.3,7.1,0,3.17,6.2,0,2,9.0,5,6,9,82,,2,1
102025,17,1,4.4,0,44.6,6.3,6.5,0,2.99,5.9,0,4,9.8,3,6,9,85,,2,0
102026,17,0,5.2,1,98.0,7.1,5.5,1,4.0,5.1,0,4,9.1,6,8,7,100,,2,1
102027,19,0,3.5,0,63.5,6.2,5.1,1,3.39,3.5,0,4,11.3,10,3,10,91,,2,0
102028,16,2,5.91,0,79.5,7.2,10.0,0,3.71,5.6,0,0,11.0,10,3,10,93,,1,1
102029,20,1,5.1,1,99.4,8.7,7.5,0,4.0,4.0,0,1,11.5,10,6,9,95,,1,1
102030,25,1,6.2,0,76.7,8.5,7.4,1,4.0,4.6,0,4,13.9,9,1,10,100,,2,0
102031,27,1,4.5,1,69.0,8.2,8.8,1,2.92,5.4,0,1,8.7,8,4,10,76,,2,0
102032,17,0,0.9,1,55.2,6.2,5.8,0,4.0,5.0,0,2,6.4,2,7,8,100,,1,1
102033,25,0,8.14,1,63.7,6.2,8.0,0,4.0,3.7,0,1,15.1,2,9,6,100,,2,1
102034,27,2,7.64,0,99.8,6.6,2.5,0,4.0,3.0,0,4,14.4,7,6,9,93,,1,1
102035,22,0,4.5,0,81.2,9.0,7.1,1,3.4,3.8,0,0,10.4,1,5,10,89,,2,1
102036,22,1,4.3,1,80.8,7.1,8.2,0,4.0,1.4,0,5,6.6,10,8,7,92,,1,1
102037,25,1,3.8,0,40.9,8.7,6.3,1,3.96,5.5,0,2,9.5,8,2,10,100,,2,1
102038,17,1,2.3,1,53.8,6.0,9.5,0,2.71,5.8,0,5,11.1,8,2,10,56,,1,1
102039,26,2,0.0,0,74.2,8.7,7.6,1,2.79,5.0,0,0,4.8,9,1,10,66,,2,1
102040,26,2,6.5,1,60.3,8.4,6.4,0,2.97,6.8,0,0,11.8,2,4,10,72,,2,0
102041,22,1,7.3,1,47.6,7.6,7.7,1,4.0,5.7,0,1,15.4,7,10,5,100,,2,1
102042,17,0,6.1,1,50.2,6.9,8.6,0,4.0,5.8,0,4,14.9,7,8,7,100,,1,0
102043,22,2,5.2,0,59.6,6.3,7.8,1,2.96,4.4,0,4,11.3,7,2,10,68,,0,0
102044,23,1,1.7,0,96.0,6.1,6.3,0,3.56,3.6,0,5,3.7,7,4,10,92,,3,1
102045,21,1,0.0,1,52.2,7.8,6.2,1,3.11,4.3,0,4,4.9,10,2,10,67,,0,1
102046,21,2,2.0,1,67.7,8.1,6.3,0,4.0,7.4,0,4,5.8,4,6,9,100,,2,1
102047,20,0,1.56,0,59.5,7.7,4.5,1,4.0,4.3,0,0,6.6,10,4,10,100,,3,1
102048,20,2,4.0,0,48.8,5.3,6.1,1,3.4,2.2,0,5,9.8,8,5,10,93,,1,1
102049,27,0,5.9,1,87.4,9.2,4.9,1,4.0,4.0,0,5,14.3,10,8,7,97,,0,1
102050,21,1,3.3,1,69.9,4.7,9.3,0,3.64,4.4,0,1,7.2,3,1,10,100,,1,1
102051,25,1,7.2,0,82.5,5.1,7.6,1,3.69,6.2,0,3,14.3,4,8,7,95,,1,0
102052,21,0,5.3,0,93.1,7.6,9.0,0,3.83,6.6,0,4,10.1,10,1,10,100,,2,0
102053,18,0,1.95,1,62.0,7.6,5.8,1,3.18,7.5,0,5,8.5,2,8,7,84,,2,0
102054,26,1,2.3,0,79.9,6.2,7.5,1,4.0,4.1,0,5,4.3,9,7,8,96,,2,0
102055,28,1,7.0,1,67.0,6.8,9.9,1,4.0,3.2,0,5,14.9,7,5,10,100,,3,0
102056,19,0,7.1,1,70.1,7.8,10.0,0,3.14,9.4,0,0,12.4,1,4,10,78,,2,1
102057,25,1,2.1,1,41.5,7.9,3.4,0,3.2,4.1,0,2,5.9,4,4,10,79,,2,0
102058,19,0,1.4,1,83.5,7.3,10.0,0,2.61,5.1,0,2,6.9,1,2,10,64,,1,1
102059,24,0,1.6,1,98.4,8.1,5.3,0,3.06,1.9,0,2,9.8,8,8,7,83,,1,0
102060,27,2,5.6,1,43.3,6.5,2.3,1,4.0,5.8,0,0,11.1,3,10,5,100,,1,1
102061,18,0,0.0,1,49.5,6.1,5.6,1,4.0,2.0,0,3,5.5,7,9,6,100,,2,0
102062,20,0,1.2,1,96.2,6.3,7.9,1,3.76,4.5,0,5,8.5,3,10,5,90,,3,0
102063,25,0,4.1,0,60.9,10.2,9.0,0,3.52,8.8,0,4,8.0,6,9,6,83,,3,0
102064,21,2,0.3,0,95.4,8.1,6.6,1,4.0,6.9,0,2,6.1,6,10,5,96,,1,0
102065,22,2,2.0,0,87.1,7.0,7.3,1,2.52,6.4,0,2,6.8,1,7,8,68,,1,1
102066,17,0,3.2,0,73.7,7.7,7.3,1,3.43,1.3,0,5,6.8,7,3,10,83,,1,0
102067,17,0,3.5,0,83.8,8.5,6.0,0,3.53,4.9,0,2,8.5,4,6,9,86,,1,1
102068,19,0,3.7,1,69.8,6.0,5.4,1,2.59,3.8,0,3,11.1,4,2,10,63,,0,1
102069,16,2,2.4,1,94.0,8.6,6.0,0,3.68,8.5,0,5,8.7,6,10,5,85,,1,1
102070,20,0,3.9,1,72.7,6.3,9.1,1,3.6,2.3,0,2,7.8,5,10,5,91,,1,1
102071,16,2,5.3,1,98.9,9.8,7.1,0,3.29,5.7,0,2,9.8,1,7,8,83,,0,0
102072,17,1,2.4,1,75.0,4.1,7.0,0,3.48,2.8,0,3,10.6,10,2,10,85,,0,1
102073,16,2,7.1,0,61.9,5.6,3.1,0,4.0,6.3,0,4,9.5,2,6,9,100,,2,1
102074,20,1,1.5,0,83.9,7.3,6.2,1,2.81,4.6,0,1,7.5,1,2,10,78,,2,0
102075,19,0,3.9,1,92.7,7.5,9.0,1,3.43,9.1,0,4,7.9,9,8,7,89,,3,0
102076,23,2,3.7,1,71.1,5.1,7.6,1,4.0,2.7,0,2,9.2,2,10,5,91,,2,1
102077,25,0,8.2,1,70.7,7.4,3.5,0,4.0,6.6,0,0,12.9,8,1,10,89,,2,1
102078,19,0,8.3,1,59.9,5.9,10.0,0,3.28,5.4,0,4,16.4,4,4,10,81,,0,1
102079,18,1,3.09,0,78.0,6.5,8.7,1,2.72,8.5,1,5,6.3,3,2,10,70,,1,0
102080,22,0,6.3,1,46.3,4.8,7.4,0,4.0,4.1,0,0,10.5,9,10,5,100,,2,0
102081,24,0,3.1,0,57.3,6.8,9.6,0,3.69,6.3,0,4,9.3,2,8,7,91,,1,0
102082,16,0,3.0,1,84.4,5.7,10.0,0,3.58,3.8,0,0,6.1,9,9,6,97,,2,1
102083,24,2,5.5,0,82.2,7.9,9.3,1,4.0,4.3,0,1,9.9,5,9,6,98,,2,1
102084,27,0,3.9,0,91.1,5.8,5.0,0,4.0,6.8,0,3,10.2,3,5,10,100,,2,0
102085,18,1,4.3,1,75.7,4.9,6.9,0,4.0,2.3,0,1,11.6,9,8,7,99,,2,0
102086,17,1,3.0,1,49.5,7.8,10.0,0,3.92,5.9,0,4,8.4,6,2,10,92,,2,1
102087,27,2,1.8,1,64.7,8.2,5.1,1,2.5,6.1,0,4,9.0,6,6,9,60,,2,0
102088,26,0,8.3,0,56.6,9.8,6.5,1,3.28,6.5,0,1,15.3,10,2,10,86,,2,0
102089,19,1,3.9,1,93.7,9.7,6.0,0,4.0,4.9,0,0,12.8,8,10,5,100,,2,1
102090,16,1,3.3,1,61.3,6.0,6.5,0,3.49,5.1,0,4,5.1,2,2,10,94,,1,0
102091,21,1,5.8,0,63.4,7.6,7.8,1,3.54,2.8,0,0,7.7,2,7,8,90,,1,0
102092,16,1,0.0,0,98.3,7.0,10.0,0,3.84,4.0,0,1,6.1,9,5,10,90,,2,0
102093,16,1,6.87,1,84.6,7.0,6.2,1,3.93,3.3,0,3,9.4,3,7,8,100,,0,1
102094,28,0,2.4,1,69.7,5.3,2.8,0,2.56,5.6,0,2,10.5,10,2,10,62,,3,0
102095,19,0,5.5,1,50.0,5.7,5.6,1,3.44,4.5,0,2,12.6,2,8,7,86,,1,1
102096,28,0,2.3,0,71.9,7.7,7.4,1,4.0,4.5,0,1,8.4,2,10,5,97,,0,1
102097,20,2,5.8,1,51.1,4.8,10.0,1,3.97,6.1,0,2,12.7,3,5,10,100,,2,1
102098,19,2,0.7,0,65.6,8.1,1.0,1,3.41,7.5,0,2,10.4,6,10,5,84,,3,1
102099,27,0,5.1,0,43.7,5.2,5.2,1,2.79,5.3,0,4,10.1,7,8,7,75,,1,0
102100,17,0,7.0,0,88.2,4.6,4.8,0,3.41,6.5,0,3,16.5,10,10,5,91,,1,1
102101,17,1,8.45,0,42.5,8.0,7.7,0,3.43,3.4,0,0,10.9,4,1,10,90,,2,0
102102,25,0,1.5,1,82.5,4.7,7.9,1,2.66,1.9,0,1,5.3,5,1,10,67,,2,0
102103,16,1,3.7,1,68.5,6.7,5.5,0,3.61,6.3,0,3,9.9,10,3,10,100,,2,1
102104,16,1,7.46,0,62.9,7.3,5.5,0,4.0,9.9,1,0,9.4,7,2,10,100,,2,1
102105,16,0,5.9,1,59.1,7.3,6.2,1,4.0,1.6,0,5,11.6,2,9,6,100,,2,0
102106,25,1,10.18,0,53.8,7.6,7.9,0,4.0,3.0,0,4,13.6,3,6,9,100,,0,0
102107,21,2,7.3,1,55.2,7.8,8.4,0,4.0,5.4,0,1,13.5,6,6,9,100,,0,1
102108,27,1,2.4,0,57.7,6.8,9.0,0,2.8,5.5,0,3,9.4,4,4,10,58,,3,1
102109,26,0,4.4,0,40.9,6.0,5.6,1,3.37,7.4,0,1,7.3,8,7,8,84,,1,0
102110,18,2,8.2,1,65.0,4.6,5.6,0,4.0,4.2,0,2,15.6,10,7,8,100,,1,1
102111,25,2,2.73,0,84.0,8.4,6.5,0,3.17,6.6,0,2,8.0,8,2,10,96,,2,0
102112,18,0,7.2,1,55.4,7.6,6.1,0,4.0,3.6,0,2,15.2,8,5,10,97,,2,1
102113,26,0,1.6,1,61.5,7.6,4.1,1,4.0,4.9,0,2,6.0,3,4,10,92,,2,1
102114,27,1,4.4,0,80.3,8.9,7.3,0,3.25,5.4,0,1,13.9,1,4,10,75,,1,0
102115,28,2,0.0,1,61.4,8.4,2.6,1,3.17,3.0,0,1,1.9,7,3,10,83,,0,0
102116,24,1,4.1,0,93.2,5.4,5.6,0,2.93,3.2,0,5,11.3,2,6,9,73,,2,1
102117,25,0,2.9,1,48.8,6.0,8.6,1,4.0,5.5,0,3,5.3,1,9,6,100,,1,0
102118,22,2,4.0,1,99.6,7.8,5.6,0,4.0,5.2,0,5,9.2,7,5,10,94,,2,1
102119,28,0,3.6,1,58.0,5.8,6.9,0,4.0,5.0,0,5,10.8,10,6,9,91,,2,1
102120,23,0,6.2,0,94.7,8.9,7.5,0,3.54,5.5,0,2,13.6,3,3,10,87,,3,1
102121,16,2,6.2,1,66.7,5.2,8.3,1,4.0,1.0,0,4,11.3,4,10,5,100,,3,1
102122,24,0,0.7,0,79.3,8.6,6.2,1,3.57,4.6,0,3,8.2,6,3,10,86,,3,0
102123,23,2,3.1,1,84.3,8.8,7.5,1,4.0,4.2,0,3,10.7,2,8,7,100,,1,1
102124,18,0,2.4,1,67.5,8.6,10.0,0,4.0,5.2,0,2,6.6,10,4,10,100,,3,0
102125,28,0,5.2,0,91.3,5.5,10.0,0,4.0,5.3,0,5,9.7,10,10,5,98,,2,1
102126,27,2,5.1,1,91.7,6.9,6.1,0,4.0,5.8,0,4,11.7,7,7,8,100,,3,1
102127,21,2,3.4,0,62.9,10.0,7.7,0,3.85,4.6,0,3,7.7,5,1,10,100,,0,1
102128,27,2,4.2,1,65.7,6.2,7.1,0,3.16,5.5,0,5,6.4,1,8,7,84,,0,1
102129,20,2,6.9,0,84.3,8.5,8.8,0,4.0,3.9,0,0,15.6,5,7,8,100,,2,1
102130,22,1,3.5,0,64.2,6.1,6.3,1,3.46,3.5,0,3,8.6,6,1,10,87,,3,0
102131,25,2,4.5,1,48.2,4.4,3.1,0,2.6,6.4,0,2,9.4,5,2,10,66,,2,0
102132,16,2,1.0,0,40.5,5.4,4.5,0,4.0,5.5,0,4,1.4,4,9,6,96,,3,1
102133,26,2,4.5,1,64.8,6.5,7.9,1,4.0,3.2,0,4,10.7,8,6,9,98,,1,1
102134,22,2,2.8,1,70.6,7.5,7.6,1,2.47,4.0,0,0,8.4,6,2,10,70,,0,0
102135,25,0,3.2,1,60.6,8.0,6.2,1,3.22,3.8,0,3,11.0,6,2,10,72,,2,0
102136,26,0,1.45,1,57.2,7.4,5.5,1,3.05,5.6,0,4,7.7,4,4,10,78,,2,1
102137,22,2,3.9,0,70.9,6.5,7.6,0,4.0,4.3,0,2,9.4,10,9,6,95,,2,0
102138,24,2,4.1,0,43.2,8.4,7.2,1,4.0,4.2,0,2,6.9,7,10,5,100,,3,1
102139,20,0,3.2,1,55.8,6.2,4.6,0,3.71,7.5,0,3,12.3,6,8,7,96,,3,1
102140,21,0,5.1,0,55.4,6.4,8.5,0,4.0,3.2,0,0,13.2,9,5,10,98,,1,1
102141,24,1,2.9,1,95.2,6.7,5.8,1,2.93,6.3,0,3,9.6,4,2,10,71,,3,0
102142,27,0,0.0,0,67.9,7.9,6.0,0,3.6,5.5,0,5,6.3,5,10,5,86,,1,0
102143,25,1,1.2,1,85.7,6.4,5.6,0,2.97,5.0,0,0,10.4,9,7,8,73,,2,0
102144,19,1,5.3,1,99.9,6.9,6.5,1,4.0,1.5,0,3,8.9,4,6,9,98,,1,0
102145,22,1,3.5,1,52.4,8.1,4.3,1,3.24,7.7,0,3,9.6,7,2,10,78,,1,0
102146,18,1,4.0,0,96.1,6.7,4.5,0,3.32,8.2,0,0,11.7,5,9,6,67,,2,1
102147,18,1,6.58,1,93.1,7.3,3.8,0,3.01,7.9,0,5,11.2,2,4,10,72,,1,1
102148,23,1,4.5,0,83.7,4.0,10.0,1,3.42,5.9,0,2,12.9,2,1,10,80,,1,1
102149,24,1,4.77,1,79.7,4.0,4.2,0,2.17,9.9,1,3,7.4,7,2,10,48,,2,0
102150,22,1,5.7,0,49.8,8.9,7.7,0,3.03,8.0,0,3,13.7,9,6,9,75,,2,1
102151,17,1,5.36,1,78.8,7.3,7.3,0,4.0,5.0,0,0,12.8,5,5,10,100,,1,0
102152,27,1,5.5,1,72.6,6.3,7.0,0,4.0,8.2,0,0,11.5,9,8,7,97,,1,1
102153,19,2,1.2,1,71.9,7.8,8.7,0,3.8,6.1,0,2,5.6,8,7,8,96,,0,1
102154,27,0,5.1,1,65.3,9.0,8.0,1,4.0,8.4,1,5,7.7,6,1,10,100,,0,1
102155,26,0,5.6,0,88.3,10.9,8.4,1,3.42,6.9,0,5,8.7,2,1,10,94,,1,0
102156,24,2,2.4,1,85.4,10.0,4.7,0,4.0,1.0,0,4,7.5,9,4,10,97,,1,1
102157,24,1,5.0,1,60.9,6.0,7.8,0,4.0,6.2,0,3,11.2,1,8,7,100,,3,0
102158,19,2,5.4,1,95.7,7.0,6.4,1,4.0,5.9,0,1,12.9,6,1,10,99,,1,1
102159,22,2,2.2,1,97.7,6.8,5.6,1,3.62,9.1,0,4,11.4,10,8,7,94,,0,0
102160,23,0,3.4,1,47.0,4.1,5.9,1,3.41,8.1,0,0,7.8,5,9,6,81,,2,1
102161,24,2,5.1,0,55.9,4.9,6.0,0,4.0,2.7,0,4,12.8,9,6,9,100,,1,1
102162,21,1,3.22,1,66.0,9.1,7.3,0,4.0,4.4,0,4,8.8,5,6,9,94,,0,1
102163,16,0,3.4,1,77.1,7.1,4.8,0,3.29,4.1,0,1,11.5,8,10,5,92,,2,0
102164,18,2,4.0,0,84.5,8.6,3.7,1,4.0,1.8,0,5,5.6,10,8,7,100,,2,1
102165,16,0,5.23,0,69.9,7.9,5.5,1,4.0,7.8,0,2,11.6,7,10,5,100,,0,0
102166,24,0,2.0,1,84.6,6.7,9.6,1,3.6,5.4,0,3,4.8,5,2,10,100,,2,0
102167,22,2,5.9,1,84.3,5.2,5.0,1,3.56,5.3,0,0,12.1,6,2,10,91,,0,1
102168,26,1,2.8,0,90.0,9.2,6.8,1,3.51,4.0,0,4,6.0,3,9,6,89,,1,0
102169,19,1,5.7,0,84.6,8.4,4.5,1,4.0,7.4,0,4,11.9,7,1,10,100,,1,0
102170,25,0,2.8,1,67.5,5.6,3.5,0,3.61,3.3,0,0,11.5,1,6,9,88,,3,1
102171,21,0,3.8,1,61.6,7.7,8.5,1,4.0,3.6,0,3,9.5,4,6,9,100,,2,0
102172,16,0,3.34,1,75.0,8.0,6.8,0,4.0,4.5,0,2,10.5,5,4,10,100,,3,1
102173,18,1,0.0,1,51.2,4.9,8.4,1,2.6,2.6,0,5,3.2,2,2,10,68,,1,0
102174,22,2,4.9,0,45.9,4.2,6.5,0,3.84,5.6,0,1,9.9,8,9,6,95,,2,1
102175,28,1,2.2,0,84.9,4.8,7.4,0,4.0,3.5,0,5,9.7,1,1,10,100,,0,0
102176,28,1,7.3,0,67.2,8.1,2.2,0,4.0,7.2,0,4,13.3,8,10,5,95,,3,1
102177,24,1,6.3,0,40.2,6.3,8.7,0,3.61,2.9,0,2,11.2,3,7,8,94,,1,1
102178,26,0,1.5,1,56.5,4.0,8.3,0,2.88,4.5,0,2,8.5,9,2,10,75,,0,1
102179,24,0,5.9,0,79.6,8.1,9.7,1,3.42,5.4,0,0,8.7,6,2,10,81,,1,1
102180,17,0,4.73,0,86.2,7.3,7.3,0,4.0,4.9,0,2,11.9,7,2,10,100,,1,1
102181,24,2,3.5,1,58.4,7.9,10.0,1,4.0,5.4,0,2,8.9,10,8,7,96,,2,0
102182,22,0,6.6,1,75.8,6.7,7.3,0,3.7,3.5,0,3,9.4,10,3,10,88,,1,1
102183,19,0,3.7,1,58.3,7.7,2.1,1,3.25,8.2,1,2,11.1,6,3,10,80,,2,1
102184,22,2,5.7,0,56.0,6.3,7.4,1,4.0,4.6,0,0,9.5,1,10,5,100,,2,0
102185,26,0,1.3,0,91.4,10.1,5.3,0,4.0,1.0,0,1,5.6,3,10,5,96,,2,1
102186,24,2,5.99,0,87.3,9.2,1.0,1,3.84,4.3,0,0,13.4,5,6,9,99,,3,0
102187,20,0,4.1,1,88.5,7.9,6.8,1,2.76,4.5,0,1,10.4,8,4,10,70,,0,0
102188,18,2,4.1,0,55.6,6.4,5.9,1,2.78,6.2,0,5,10.5,10,8,7,73,,1,1
102189,26,0,1.5,0,49.4,7.5,4.9,1,4.0,2.6,0,3,8.7,6,2,10,93,,1,1
102190,20,1,4.94,1,65.7,9.8,9.5,0,3.06,6.8,0,3,13.4,10,3,10,78,,0,1
102191,25,2,2.7,0,77.4,6.8,8.8,0,4.0,4.8,0,1,6.4,6,2,10,100,,3,1
102192,24,1,4.8,0,53.5,6.4,6.9,0,2.49,5.0,0,2,6.8,6,4,10,63,,2,0
102193,27,2,1.7,0,73.7,5.7,5.0,0,3.45,9.4,0,2,9.1,5,4,10,84,,2,0
102194,18,1,0.6,0,98.3,7.8,2.8,1,3.45,7.9,0,5,8.1,8,6,9,91,,2,1
102195,17,1,5.7,1,75.8,6.1,7.9,1,4.0,6.9,0,1,11.1,9,6,9,100,,3,1
102196,22,1,3.9,0,47.5,5.8,6.4,1,4.0,4.8,0,5,7.7,8,8,7,100,,1,0
102197,21,2,5.59,1,52.5,4.0,7.3,0,2.37,3.1,0,3,8.5,4,2,10,62,,1,0
102198,19,1,7.4,0,77.8,8.0,7.9,0,3.22,4.7,0,4,15.9,6,7,8,91,,3,0
102199,28,2,3.3,1,80.1,8.4,10.0,0,3.88,6.8,0,1,13.1,2,10,5,92,,0,0
102200,19,2,4.75,1,52.6,6.7,6.5,1,3.53,5.1,0,3,11.2,1,3,10,90,,2,1
102201,24,0,0.7,0,58.3,4.0,7.2,1,2.28,6.2,0,2,4.5,10,7,8,64,,2,0
102202,21,0,4.3,1,72.9,6.2,7.9,1,3.3,5.6,0,2,9.2,6,9,6,77,,3,0
102203,25,0,7.2,1,85.4,7.1,8.3,1,3.57,3.8,0,2,12.4,1,5,10,81,,0,1
102204,27,1,2.4,0,98.2,6.4,9.8,1,2.8,6.6,0,1,8.2,5,2,10,63,,3,0
102205,21,2,1.4,1,67.2,9.6,7.4,0,3.8,5.0,0,1,3.2,6,4,10,90,,0,1
102206,23,0,6.0,1,86.8,5.6,6.1,1,3.74,9.2,1,5,13.3,1,3,10,100,,1,0
102207,19,0,4.04,1,69.9,6.0,6.6,1,4.0,7.4,0,2,9.9,1,5,10,97,,0,0
102208,24,0,6.0,1,95.5,8.0,2.1,0,3.26,3.3,0,1,8.6,7,5,10,87,,0,0
102209,17,1,4.0,0,62.1,7.9,8.9,1,2.54,6.5,0,2,7.3,10,1,10,56,,3,0
102210,22,2,4.5,0,59.5,8.0,6.2,0,3.87,7.9,0,5,12.4,3,6,9,100,,2,1
102211,25,0,1.6,0,40.0,7.8,2.3,0,3.2,5.1,0,0,7.9,7,5,10,82,,2,0
102212,18,0,6.0,1,74.3,7.2,7.9,1,3.24,3.9,0,3,11.1,6,3,10,81,,1,0
102213,20,1,2.1,1,76.7,7.3,7.9,1,3.77,7.6,0,0,6.0,8,3,10,83,,2,1
102214,28,1,2.1,1,89.8,7.8,6.2,1,3.0,4.4,0,4,10.9,8,2,10,71,,1,1
102215,20,2,4.02,1,98.5,7.9,9.2,0,3.81,4.3,0,5,5.6,9,3,10,97,,1,1
102216,22,1,3.1,1,97.2,6.1,6.9,0,4.0,6.3,0,1,7.7,9,9,6,96,,2,1
102217,16,2,6.1,0,92.4,10.9,8.8,1,4.0,5.4,0,1,9.9,10,6,9,100,,2,0
102218,16,0,2.2,1,44.1,7.5,4.4,1,4.0,5.2,0,5,6.8,10,10,5,100,,2,1
102219,23,2,4.7,0,75.6,7.4,6.3,0,3.16,3.4,0,2,7.5,2,5,10,76,,2,1
102220,19,1,1.6,1,75.3,6.0,5.1,0,3.06,5.1,0,0,6.7,3,10,5,64,,2,1
102221,24,0,3.7,1,55.0,6.9,7.7,0,4.0,5.7,0,2,12.7,8,5,10,98,,1,0
102222,19,1,0.0,1,45.2,5.8,7.7,1,4.0,7.8,0,0,6.4,7,3,10,98,,3,1
102223,26,2,0.0,1,42.3,6.6,5.5,1,2.74,6.4,0,4,6.9,7,6,9,69,,3,0
102224,19,2,0.0,0,64.6,7.8,5.7,1,3.94,3.3,0,0,3.3,4,3,10,97,,2,0
102225,28,1,1.7,0,63.0,7.7,5.2,0,4.0,7.3,0,0,9.7,6,10,5,98,,1,0
102226,17,0,5.1,1,73.7,5.6,9.3,1,4.0,5.8,0,4,8.1,9,9,6,100,,2,0
102227,17,2,9.2,0,68.5,6.3,5.5,0,3.88,4.2,0,0,14.1,3,9,6,100,,1,0
102228,27,0,4.2,0,48.8,6.3,8.5,1,4.0,4.9,0,4,8.1,5,10,5,100,,2,1
102229,23,0,4.9,1,52.9,6.8,6.6,0,4.0,2.7,0,3,9.8,2,8,7,100,,1,0
102230,24,2,3.0,0,70.7,8.4,7.7,1,4.0,4.4,0,0,8.3,10,3,10,100,,1,1
102231,21,0,5.2,0,49.2,6.8,5.7,0,4.0,5.9,0,3,12.8,7,1,10,100,,3,1
102232,27,2,7.4,1,89.1,4.0,7.9,1,4.0,2.9,0,5,14.6,9,10,5,100,,2,0
102233,16,0,4.9,0,46.1,8.8,9.5,0,4.0,5.8,0,0,13.0,7,8,7,96,,2,1
102234,18,1,1.4,1,88.2,5.8,8.9,1,2.69,6.9,0,5,8.5,6,3,10,66,,2,1
102235,27,1,1.0,0,85.1,9.7,8.7,1,2.73,4.6,0,0,8.3,3,3,10,68,,1,1
102236,27,2,3.05,1,90.0,6.7,4.6,1,3.66,3.4,0,5,9.6,1,2,10,90,,1,1
102237,16,1,3.7,0,56.3,8.2,8.5,1,4.0,4.6,0,3,10.1,10,10,5,100,,2,0
102238,20,2,5.7,0,93.1,6.7,8.4,1,4.0,3.0,0,1,10.5,3,10,5,97,,2,0
102239,27,0,3.2,0,89.9,6.1,7.6,0,4.0,5.8,0,0,7.1,6,1,10,99,,1,0
102240,21,0,1.3,0,95.2,5.7,8.0,1,3.98,7.4,0,0,3.7,8,5,10,99,,1,0
102241,17,1,6.0,1,87.7,6.2,3.1,1,3.01,4.6,0,5,11.1,7,3,10,76,,2,0
102242,25,1,3.1,0,98.6,6.0,7.9,0,2.47,6.4,0,3,11.9,6,5,10,58,,3,0
102243,28,2,1.8,1,63.8,6.6,8.1,0,3.51,7.1,0,2,9.7,10,10,5,82,,3,1
102244,22,2,10.2,0,67.2,7.0,5.5,0,4.0,4.0,0,0,14.5,6,6,9,100,,2,1
102245,21,0,1.9,1,46.8,8.9,8.0,0,2.95,4.7,0,0,9.9,9,4,10,74,,3,0
102246,17,2,7.8,0,89.9,6.2,10.0,1,4.0,4.4,0,3,12.5,6,7,8,100,,1,0
102247,24,0,3.6,0,93.3,6.4,10.0,1,4.0,4.1,0,3,12.8,5,7,8,100,,0,0
102248,24,0,5.7,0,45.5,6.1,4.6,1,3.41,7.1,0,4,9.5,9,8,7,90,,1,0
102249,23,0,3.1,1,86.7,5.7,8.5,0,3.52,5.0,0,4,9.1,4,2,10,99,,3,0
102250,22,1,2.5,0,64.2,4.9,5.5,0,3.54,1.8,0,3,10.1,4,5,10,95,,3,1
102251,21,1,6.3,1,77.4,8.3,6.5,1,4.0,7.6,0,3,10.9,9,7,8,95,,0,1
102252,28,1,5.0,1,51.0,7.2,5.2,0,4.0,3.5,0,4,11.8,7,6,9,100,,2,0
102253,23,1,5.2,0,79.2,6.3,5.6,1,4.0,2.9,0,4,11.3,2,5,10,99,,0,1
102254,20,0,2.4,0,51.3,6.7,7.6,0,3.03,4.5,0,4,6.6,4,7,8,76,,2,1
102255,26,1,0.9,0,48.5,5.8,6.9,0,3.87,4.8,0,4,8.9,1,3,10,93,,1,1
102256,20,0,2.0,1,57.5,8.5,6.7,0,4.0,6.4,0,2,4.0,9,10,5,97,,3,0
102257,28,0,3.8,1,75.3,6.2,8.8,1,3.66,5.8,0,1,11.5,3,1,10,90,,0,0
102258,26,2,3.7,1,99.8,9.5,6.9,1,4.0,8.2,0,1,12.1,8,8,7,100,,2,1
102259,18,1,4.1,1,92.8,5.3,6.9,0,3.08,5.1,0,1,9.7,4,2,10,71,,1,1
102260,24,2,4.3,1,93.1,4.9,8.9,0,3.25,5.0,0,1,9.4,10,7,8,89,,1,1
102261,26,2,2.22,0,68.0,4.6,8.8,0,3.42,4.1,0,5,6.3,8,8,7,80,,2,1
102262,21,0,4.1,0,52.7,6.5,10.0,0,4.0,6.3,0,4,11.7,3,7,8,100,,2,0
102263,20,0,4.1,0,48.1,7.1,7.5,1,4.0,4.7,0,4,11.3,8,6,9,99,,1,1
102264,18,0,2.0,1,69.3,5.4,10.0,1,4.0,3.6,0,2,8.1,5,10,5,98,,2,0
102265,25,2,3.8,1,87.3,8.1,5.0,0,3.09,7.0,0,1,7.1,9,8,7,61,,2,0
102266,18,1,3.82,1,57.5,4.0,7.0,1,3.05,3.2,0,3,9.9,1,2,10,75,,0,1
102267,21,2,5.9,1,67.7,6.2,7.0,0,4.0,2.1,0,2,11.4,8,4,10,100,,2,0
102268,16,1,5.6,0,49.3,6.4,7.6,1,4.0,5.0,0,3,11.4,7,10,5,100,,2,0
102269,24,0,4.6,0,96.1,8.3,4.9,0,3.72,3.7,0,0,7.4,8,5,10,91,,0,1
102270,16,0,6.7,1,86.8,5.3,3.3,1,3.69,6.6,0,3,13.3,4,5,10,82,,2,1
102271,23,0,3.8,0,71.8,8.2,4.8,0,3.68,7.1,0,4,5.5,10,4,10,91,,3,1
102272,17,0,9.95,0,62.2,7.9,5.9,0,4.0,4.5,0,3,15.1,2,4,10,97,,3,1
102273,16,2,5.6,0,70.4,8.5,7.1,0,4.0,3.1,0,5,8.0,9,5,10,98,,0,1
102274,20,0,4.5,1,64.1,8.4,4.9,0,4.0,1.0,0,4,8.9,2,3,10,100,,2,1
102275,18,0,1.5,0,70.3,6.9,2.1,0,4.0,7.4,0,4,6.9,10,6,9,96,,2,0
102276,18,2,2.3,1,59.3,8.0,5.9,1,4.0,4.5,0,0,7.3,2,5,10,100,,1,1
102277,24,2,2.6,0,96.2,8.0,10.0,0,3.65,1.9,0,2,6.5,1,7,8,93,,2,0
102278,24,1,4.26,1,77.0,6.2,6.2,0,4.0,3.9,0,4,10.7,9,6,9,94,,1,0
102279,28,1,6.5,0,96.3,8.0,5.7,0,3.94,4.2,0,0,13.4,8,8,7,100,,1,0
102280,18,1,2.6,0,78.3,6.8,10.0,1,3.91,5.1,0,2,7.0,1,2,10,100,,2,1
102281,24,2,5.89,1,74.8,6.5,8.1,1,4.0,1.2,0,2,10.4,5,5,10,97,,1,1
102282,22,1,1.8,0,58.6,5.3,9.0,1,4.0,3.9,0,4,8.3,5,9,6,94,,1,1
102283,28,1,1.7,1,48.1,9.4,2.9,1,3.97,7.8,0,3,8.8,2,7,8,100,,1,0
102284,23,2,7.77,0,69.4,8.4,6.9,0,3.71,6.0,0,5,14.5,1,8,7,89,,1,1
102285,19,0,2.3,1,89.0,6.8,9.0,0,4.0,5.0,0,2,8.7,9,6,9,89,,2,0
102286,18,1,5.8,1,99.0,5.4,5.2,1,4.0,5.3,0,1,13.7,6,6,9,100,,3,1
102287,16,2,3.6,0,65.0,9.0,9.4,1,3.57,1.4,0,3,12.1,5,4,10,81,,1,1
102288,20,0,3.66,0,54.4,6.9,9.6,0,4.0,6.5,0,5,10.8,1,10,5,92,,2,1
102289,28,0,1.8,0,62.3,5.9,5.3,1,3.06,7.3,0,0,5.4,1,2,10,74,,1,0
102290,23,1,6.97,0,44.7,5.6,9.1,1,3.54,6.3,0,5,12.5,7,1,10,78,,1,0
102291,17,0,3.3,1,97.5,7.0,6.6,0,2.67,7.3,0,3,6.4,10,2,10,76,,3,0
102292,22,1,3.4,0,59.5,7.0,6.7,1,3.52,3.9,0,3,5.9,1,2,10,90,,2,1
102293,20,0,4.45,0,96.9,6.8,10.0,0,2.91,5.7,0,0,7.6,10,2,10,73,,1,0
102294,25,1,3.2,1,78.2,4.0,5.9,0,4.0,4.3,0,4,6.2,3,8,7,100,,2,1
102295,17,1,6.7,1,42.9,6.4,8.5,0,4.0,5.8,0,3,11.7,4,10,5,100,,1,1
102296,18,0,4.0,1,98.7,4.0,5.2,0,3.97,4.9,0,4,13.6,4,1,10,97,,3,1
102297,17,2,3.1,0,40.5,8.2,8.3,0,3.31,4.0,0,5,7.3,8,3,10,83,,1,1
102298,21,2,6.23,1,83.1,6.0,7.2,0,4.0,2.8,0,0,13.0,1,10,5,98,,3,1
102299,28,0,3.4,1,75.9,7.9,7.2,1,3.57,3.6,0,1,8.3,5,8,7,95,,1,0
102300,18,0,3.2,1,96.0,5.7,8.7,0,3.37,5.3,0,5,6.0,8,6,9,84,,2,1
102301,17,0,6.2,1,51.0,8.7,5.3,0,3.32,1.8,0,2,11.4,4,3,10,83,,3,1
102302,17,2,2.5,0,80.1,8.7,3.3,1,4.0,5.8,0,1,9.5,3,6,9,100,,1,1
102303,18,1,2.8,0,65.8,6.2,6.2,0,3.85,4.1,0,4,9.1,4,1,10,94,,0,0
102304,16,2,6.6,0,86.0,10.1,7.4,1,4.0,4.7,0,3,8.1,5,8,7,100,,2,1
102305,28,2,7.0,1,90.6,4.0,5.0,0,4.0,1.0,0,1,10.8,9,9,6,100,,1,1
102306,22,1,6.9,1,69.4,10.6,6.7,0,4.0,3.7,0,4,9.9,9,6,9,100,,2,1
102307,28,2,5.1,1,41.3,6.8,4.6,0,4.0,6.6,0,0,12.1,8,5,10,100,,2,1
102308,21,2,2.11,0,59.0,8.4,6.3,0,4.0,5.3,0,5,10.7,9,4,10,100,,1,0
102309,27,0,10.4,0,80.4,6.0,8.5,1,4.0,3.9,0,5,19.4,8,2,10,98,,2,1
102310,23,1,4.41,1,50.8,7.9,5.7,1,3.94,5.7,0,0,11.6,2,6,9,100,,1,1
102311,26,2,5.6,0,76.7,5.1,6.7,1,3.17,5.3,0,1,14.1,3,7,8,81,,3,0
102312,19,0,4.2,0,82.0,6.3,6.0,0,2.84,6.1,0,2,9.6,2,1,10,75,,1,0
102313,19,1,1.2,0,91.5,6.0,6.1,0,3.85,4.4,0,0,7.3,2,6,9,96,,2,1
102314,26,1,3.5,0,65.0,5.2,9.6,1,4.0,2.6,0,1,7.3,2,10,5,99,,1,0
102315,17,0,4.3,0,73.8,7.8,4.4,0,3.76,2.3,0,0,6.4,7,5,10,84,,2,0
102316,16,2,7.21,0,83.5,8.7,6.6,0,4.0,5.2,0,5,12.2,6,9,6,85,,0,1
102317,22,0,4.9,0,40.4,6.9,10.0,1,2.63,5.2,0,1,10.6,4,3,10,65,,1,1
102318,16,0,5.2,0,49.9,7.1,6.3,0,3.37,3.1,0,2,9.2,6,2,10,84,,0,0
102319,22,0,0.8,1,92.5,6.1,6.1,0,3.7,3.0,0,4,3.5,6,2,10,86,,2,0
102320,16,1,5.5,1,48.7,6.1,9.8,1,4.0,6.1,0,3,12.8,9,10,5,98,,2,0
102321,22,2,3.9,0,68.8,7.4,5.7,1,3.86,3.9,0,0,10.5,6,9,6,97,,1,1
102322,28,0,2.7,0,99.5,5.9,5.1,1,3.11,4.6,0,3,6.8,3,4,10,72,,3,0
102323,16,1,0.2,1,60.1,7.0,5.1,0,2.59,3.9,0,5,5.3,1,2,10,65,,1,1
102324,28,1,4.3,1,41.0,7.1,7.8,1,3.73,1.7,0,5,13.1,6,4,10,97,,2,0
102325,24,1,2.7,1,62.7,5.2,6.5,0,3.93,7.8,0,3,9.4,3,10,5,90,,2,1
102326,22,1,6.8,1,45.7,7.6,6.8,1,4.0,3.1,0,2,12.8,6,6,9,100,,1,0
102327,17,1,6.87,1,77.8,6.8,6.4,0,4.0,7.0,0,3,13.9,7,10,5,100,,1,0
102328,23,1,4.87,1,60.4,7.5,7.7,1,3.58,3.3,0,1,10.8,3,4,10,94,,2,0
102329,18,1,6.9,0,95.0,9.7,10.0,0,3.78,4.5,0,4,13.0,8,3,10,94,,1,1
102330,18,0,4.43,1,69.9,5.9,5.3,0,4.0,5.2,0,2,12.7,1,2,10,98,,3,1
102331,22,1,3.82,1,72.9,7.8,5.5,1,4.0,6.7,0,1,10.9,3,3,10,100,,3,1
102332,27,2,5.07,0,61.4,6.6,3.8,1,4.0,4.4,0,0,9.1,5,4,10,100,,1,1
102333,20,0,4.2,1,96.9,8.6,7.1,0,3.39,5.7,0,1,11.5,8,9,6,90,,1,0
102334,26,2,4.7,0,58.1,6.5,8.5,0,3.37,3.9,0,3,11.2,2,6,9,78,,1,1
102335,27,1,4.2,1,96.5,7.1,3.6,1,4.0,7.7,0,0,10.8,6,5,10,100,,2,1
102336,19,0,4.9,0,54.5,7.9,4.6,0,3.79,5.9,0,1,14.4,7,9,6,92,,1,1
102337,25,1,4.7,1,71.9,8.0,1.4,1,2.95,7.6,0,0,11.5,6,1,10,71,,3,1
102338,20,0,8.2,0,92.5,5.1,7.9,0,4.0,6.3,0,2,13.6,2,5,10,100,,2,0
102339,17,2,3.4,0,60.0,7.7,9.4,1,3.86,5.0,0,1,7.3,3,3,10,100,,3,1
102340,17,1,8.25,1,92.6,5.2,9.3,1,4.0,4.9,0,1,12.3,10,8,7,100,,1,1
102341,24,1,6.7,0,59.7,9.1,8.7,0,4.0,5.1,0,5,14.7,7,3,10,97,,1,1
102342,17,1,6.05,0,74.9,9.1,6.0,0,4.0,7.6,0,2,13.3,6,7,8,100,,2,1
102343,24,1,3.6,1,46.0,6.9,4.1,0,4.0,6.7,0,0,11.4,6,6,9,100,,2,1
102344,21,2,6.4,1,87.6,5.6,6.0,0,3.25,7.2,0,3,14.5,7,7,8,81,,2,0
102345,26,2,4.6,0,92.1,8.7,9.4,0,4.0,5.9,0,5,11.8,8,1,10,100,,3,0
102346,18,1,6.71,1,42.8,6.3,8.1,1,4.0,4.0,0,1,12.4,2,6,9,96,,2,0
102347,20,2,3.1,1,69.3,9.1,8.1,0,4.0,6.1,0,5,6.6,6,7,8,100,,1,1
102348,19,0,7.1,1,68.3,6.6,8.8,0,4.0,2.9,0,4,14.6,2,6,9,100,,1,1
102349,20,1,2.6,0,73.3,5.4,7.1,0,2.62,3.1,0,5,10.0,8,2,10,67,,2,1
102350,17,1,4.8,0,64.4,8.0,8.1,1,3.07,5.8,0,4,9.7,6,2,10,75,,2,1
102351,24,1,4.8,0,68.0,6.1,5.5,1,4.0,7.1,0,1,9.9,8,10,5,100,,2,0
102352,28,2,5.56,1,85.0,6.8,8.6,1,4.0,6.8,0,1,13.5,9,6,9,94,,1,1
102353,21,0,3.3,0,66.2,7.2,5.3,1,4.0,4.7,0,5,8.7,3,10,5,98,,3,1
102354,24,2,4.0,0,72.9,6.3,6.8,1,4.0,2.3,0,4,7.7,4,9,6,96,,2,1
102355,24,1,1.9,0,77.1,6.7,9.6,1,2.45,6.1,0,1,6.0,10,1,10,61,,1,1
102356,23,2,6.7,0,97.5,7.4,8.5,1,4.0,6.9,0,3,13.0,8,9,6,95,,1,1
102357,21,2,5.0,1,87.7,5.4,6.7,1,3.22,2.9,0,2,9.2,3,3,10,80,,2,0
102358,18,0,5.19,1,52.9,6.2,6.2,1,3.87,7.4,0,4,12.6,9,5,10,90,,2,0
102359,23,1,5.54,0,44.8,6.9,6.8,1,4.0,4.9,0,2,13.3,5,8,7,100,,1,0
102360,24,2,2.5,0,70.9,5.9,3.3,0,4.0,1.2,0,0,8.0,4,8,7,94,,2,1
102361,22,2,8.08,1,94.3,7.2,4.2,0,4.0,2.6,0,4,16.4,4,4,10,98,,0,1
102362,16,1,3.6,1,67.8,9.2,5.7,0,2.87,6.4,0,0,10.8,3,1,10,64,,2,1
102363,25,2,3.5,1,43.3,9.1,2.5,0,4.0,2.4,0,3,8.6,2,8,7,100,,1,1
102364,23,0,2.4,0,87.1,8.3,4.8,1,3.24,8.2,0,1,8.3,7,8,7,82,,0,0
102365,20,2,2.6,1,87.4,6.9,10.0,1,2.9,5.7,0,2,10.5,4,1,10,83,,2,1
102366,20,1,7.7,0,86.3,8.8,7.9,1,4.0,3.1,0,3,12.0,10,8,7,97,,1,1
102367,24,1,4.5,1,73.7,8.7,6.6,0,4.0,3.2,0,2,7.4,9,2,10,100,,1,0
102368,24,0,3.8,0,60.6,5.8,8.6,0,4.0,2.2,0,4,6.5,6,6,9,100,,2,1
102369,27,1,4.2,1,69.1,5.5,5.2,0,4.0,1.0,0,5,9.8,2,6,9,99,,3,0
102370,26,1,5.8,1,66.3,8.1,6.7,0,4.0,3.4,0,2,11.8,3,8,7,100,,2,1
102371,19,2,1.3,0,86.9,6.9,4.8,0,3.42,8.3,0,4,6.4,7,5,10,80,,1,0
102372,17,0,4.1,0,86.9,6.1,8.0,1,4.0,6.5,0,1,14.5,8,9,6,93,,1,1
102373,23,2,4.3,0,49.7,6.1,4.8,1,4.0,4.9,0,3,9.9,5,6,9,100,,2,1
102374,18,0,5.3,1,64.5,8.3,7.8,0,4.0,6.0,0,3,11.8,10,10,5,93,,1,0
102375,17,1,6.2,1,94.7,5.7,5.1,1,2.83,7.4,0,0,12.4,10,1,10,74,,1,0
102376,18,0,5.1,1,76.5,7.3,7.3,0,4.0,2.5,0,1,11.7,9,5,10,100,,1,0
102377,24,0,5.95,1,49.2,6.7,9.6,0,3.23,2.2,0,0,14.0,7,7,8,82,,2,0
102378,23,1,6.0,1,71.8,5.7,7.7,1,4.0,4.5,0,2,15.0,10,7,8,100,,2,1
102379,17,2,4.4,0,72.4,4.4,10.0,0,2.72,6.2,0,3,10.6,10,4,10,64,,2,0
102380,21,1,0.8,0,77.0,5.0,6.9,1,2.81,7.2,0,2,6.3,3,3,10,72,,3,1
102381,26,2,1.8,1,48.9,6.7,9.3,1,3.76,6.2,0,0,7.5,8,9,6,91,,1,1
102382,22,1,4.1,0,67.5,6.9,8.6,0,2.65,6.9,0,0,9.2,10,2,10,59,,3,1
102383,20,2,3.5,0,79.9,6.0,3.9,0,4.0,1.0,0,4,11.3,9,5,10,93,,2,1
102384,19,0,4.2,1,51.4,5.9,9.0,1,3.73,7.0,0,5,8.7,1,6,9,98,,1,1
102385,28,0,4.8,1,72.5,7.0,8.0,0,3.64,3.0,0,3,12.2,4,2,10,96,,3,0
102386,17,1,2.2,1,65.6,7.0,8.2,0,3.12,3.9,0,2,10.3,7,6,9,78,,2,1
102387,27,0,4.2,1,41.4,6.4,5.7,0,4.0,8.4,0,2,11.9,6,9,6,96,,1,1
102388,22,0,8.4,1,67.2,7.8,7.0,0,4.0,4.6,0,2,14.0,3,7,8,100,,1,0
102389,18,0,1.0,1,42.3,8.6,3.9,1,4.0,3.4,0,2,6.7,5,10,5,100,,1,0
102390,27,2,1.5,1,70.1,8.0,7.0,1,3.13,2.6,0,4,5.0,1,7,8,75,,3,0
102391,23,2,4.52,1,68.0,5.7,5.9,1,3.56,4.7,0,1,12.8,5,5,10,89,,1,1
102392,23,2,2.7,0,48.0,7.0,7.9,1,4.0,4.1,0,0,9.4,4,6,9,97,,3,1
102393,25,0,6.2,1,85.8,7.6,5.8,0,3.84,3.5,0,4,9.4,8,8,7,100,,1,0
102394,19,0,3.0,0,97.6,4.7,5.0,1,2.57,3.7,0,3,10.7,4,5,10,69,,1,1
102395,20,1,3.4,1,95.1,6.7,8.9,0,2.61,5.9,0,4,10.5,4,3,10,70,,1,1
102396,20,2,0.8,1,55.8,4.4,7.6,0,2.35,5.8,0,0,2.6,3,6,9,47,,2,1
102397,17,2,4.7,0,55.6,6.1,5.3,0,2.38,9.5,1,3,8.5,3,1,10,53,,1,0
102398,17,1,6.8,1,76.5,8.7,8.9,0,4.0,5.9,0,2,11.4,1,9,6,100,,2,1
102399,26,0,0.3,0,67.6,6.5,6.6,1,4.0,4.0,0,5,7.3,4,10,5,92,,1,1
102400,22,2,2.91,1,96.8,6.0,10.0,0,2.22,3.4,0,3,8.3,6,2,10,55,,3,0
102401,23,1,8.18,1,53.0,8.8,6.4,1,4.0,4.8,0,3,11.2,3,6,9,100,,3,0
102402,19,2,5.6,1,54.9,11.0,9.0,1,3.33,6.0,0,3,10.8,5,2,10,80,,1,0
102403,17,1,8.38,0,89.2,6.3,7.0,0,3.8,8.0,0,5,12.8,1,1,10,97,,2,0
102404,24,0,4.9,0,90.5,7.4,6.6,1,2.75,6.2,0,1,9.0,10,3,10,74,,3,1
102405,18,0,6.1,0,50.5,4.3,5.8,0,4.0,1.5,0,5,8.8,10,9,6,93,,2,1
102406,27,1,4.2,0,62.5,6.1,8.8,0,3.82,6.0,0,3,7.9,6,6,9,99,,1,0
102407,23,2,3.3,1,91.4,7.0,7.3,0,4.0,4.8,0,5,10.1,6,9,6,100,,2,0
102408,23,2,0.9,0,67.6,8.1,4.3,0,3.76,7.7,0,0,5.0,2,6,9,93,,2,0
102409,23,0,2.3,0,90.0,8.5,3.1,0,4.0,6.8,0,1,5.9,3,7,8,100,,1,1
102410,26,0,4.5,0,76.6,4.8,6.7,1,4.0,5.6,0,2,9.5,3,7,8,99,,1,1
102411,27,0,5.22,1,61.9,8.2,6.1,1,3.89,6.3,0,4,9.3,4,1,10,96,,1,0
102412,28,2,1.38,0,52.6,5.8,3.3,0,4.0,5.4,0,1,6.0,7,8,7,100,,1,0
102413,21,1,4.9,0,40.2,4.0,7.8,0,4.0,1.8,0,0,7.1,4,5,10,100,,0,0
102414,21,0,6.0,0,51.5,7.4,10.0,0,3.92,6.6,0,0,13.5,2,5,10,100,,1,1
102415,28,0,5.6,0,83.2,8.8,9.0,0,4.0,3.0,0,1,8.8,2,9,6,100,,1,1
102416,21,1,4.8,0,78.4,8.5,7.7,0,2.66,6.2,0,5,9.9,4,1,10,65,,1,1
102417,23,1,11.59,1,73.9,7.7,6.0,0,4.0,7.3,0,2,17.3,7,9,6,100,,1,0
102418,28,1,3.9,1,92.5,7.3,4.4,1,3.3,5.1,0,1,8.6,6,9,6,88,,2,1
102419,28,1,3.1,1,51.3,5.9,9.3,1,4.0,4.9,0,0,10.4,4,9,6,97,,3,1
102420,18,1,2.6,1,83.8,5.1,6.9,1,4.0,4.0,0,5,8.7,10,10,5,100,,1,0
102421,26,0,2.2,0,72.5,7.6,7.7,1,2.72,7.9,0,2,6.6,7,2,10,72,,1,0
102422,18,2,6.6,1,80.0,7.9,7.6,0,3.72,4.0,0,1,13.9,7,6,9,97,,1,0
102423,22,0,3.2,1,53.3,4.8,4.9,0,2.7,3.1,0,1,8.9,6,2,10,70,,3,1
102424,16,2,2.2,0,50.1,6.7,6.3,1,2.25,4.6,0,3,8.9,4,4,10,59,,2,0
102425,23,2,5.3,1,78.4,9.5,10.0,0,4.0,3.3,0,4,13.9,9,4,10,100,,1,1
102426,22,0,5.2,0,64.2,7.5,7.0,0,4.0,6.2,0,5,5.7,9,3,10,98,,2,0
102427,17,2,3.5,1,44.6,6.2,5.6,1,4.0,5.6,0,3,9.6,5,10,5,94,,1,0
102428,20,1,3.4,0,91.1,7.2,8.3,1,4.0,6.5,0,2,4.8,4,8,7,100,,0,1
102429,23,2,2.5,1,93.3,8.4,6.2,1,4.0,4.3,0,3,8.2,6,5,10,100,,1,1
102430,28,1,2.55,1,89.5,9.6,7.4,1,3.17,3.3,0,5,11.7,6,5,10,81,,1,0
102431,24,1,2.7,0,44.6,4.0,5.6,0,4.0,4.8,0,0,9.3,5,10,5,95,,2,1
102432,27,0,1.6,1,43.5,7.0,6.5,1,4.0,1.0,0,4,7.3,3,10,5,100,,2,1
102433,23,1,3.7,0,64.3,6.8,5.3,0,4.0,9.5,0,3,7.7,9,6,9,100,,2,0
102434,24,2,4.8,1,47.6,6.6,4.0,0,4.0,7.9,0,5,9.5,7,2,10,93,,2,1
102435,19,0,4.7,0,57.1,4.8,8.6,1,3.42,1.0,0,3,10.2,3,1,10,87,,2,0
102436,21,0,6.5,0,93.1,6.5,6.2,1,4.0,5.1,0,2,12.3,3,2,10,99,,2,1
102437,26,2,4.2,0,84.4,7.7,8.8,1,4.0,3.9,0,0,10.8,1,2,10,100,,2,0
102438,17,1,6.3,1,82.4,8.0,6.7,0,4.0,7.1,0,3,13.3,4,10,5,95,,0,1
102439,25,0,4.2,1,73.7,8.2,3.8,1,3.14,5.5,0,0,5.8,8,4,10,82,,2,1
102440,20,0,6.5,1,40.7,5.1,8.1,0,2.93,5.6,0,1,8.7,5,3,10,77,,3,1
102441,17,2,7.3,0,95.1,6.6,8.0,1,4.0,4.3,0,0,16.1,3,8,7,100,,2,0
102442,25,0,4.0,1,45.5,5.8,9.7,1,3.51,3.0,0,1,8.2,5,8,7,92,,2,1
102443,24,2,3.3,1,86.2,6.1,6.4,1,3.0,4.6,0,0,8.9,5,2,10,76,,0,1
102444,21,2,4.2,1,87.6,7.1,9.4,1,4.0,6.7,0,3,8.2,9,10,5,95,,3,1
102445,27,1,4.3,1,81.3,6.0,4.6,1,4.0,9.1,0,5,10.7,1,9,6,94,,3,1
102446,18,1,4.34,0,99.1,6.9,6.1,1,4.0,1.0,0,4,10.4,6,5,10,100,,3,1
102447,20,2,4.4,1,73.5,8.6,8.8,0,3.77,2.0,0,1,6.6,7,4,10,95,,1,1
102448,19,2,4.7,1,72.6,9.0,6.9,1,4.0,2.0,0,0,7.1,3,8,7,100,,3,0
102449,24,2,2.7,0,75.1,6.4,4.4,1,3.59,6.5,0,5,7.1,3,5,10,93,,0,1
102450,22,2,4.6,1,72.9,7.1,6.9,1,3.23,8.6,0,1,13.4,9,6,9,77,,2,1
102451,21,2,2.8,0,81.8,6.9,8.0,1,4.0,9.2,0,0,6.6,7,9,6,100,,2,1
102452,26,2,2.85,1,63.8,7.4,7.3,0,4.0,3.4,0,0,7.9,6,10,5,91,,3,1
102453,17,2,7.7,0,46.0,5.5,8.6,1,3.17,5.6,0,0,16.1,8,4,10,80,,2,1
102454,21,0,2.2,0,87.8,7.7,7.4,0,3.18,3.9,0,5,11.1,1,1,10,80,,2,1
102455,21,2,6.65,0,98.9,6.2,7.1,1,3.96,5.4,0,5,10.6,5,3,10,100,,3,1
102456,16,2,3.7,0,96.4,6.3,10.0,1,4.0,5.5,0,5,8.5,8,10,5,100,,2,1
102457,19,2,5.8,1,92.0,8.4,8.4,0,3.31,5.3,0,4,13.0,5,4,10,75,,2,0
102458,24,2,4.2,0,48.6,6.4,8.9,0,3.45,10.0,1,0,9.9,9,2,10,92,,0,1
102459,17,2,0.5,0,70.4,6.9,3.2,0,4.0,5.0,0,2,6.5,1,6,9,100,,2,0
102460,16,2,4.2,1,69.4,4.0,6.1,1,2.58,7.5,0,4,9.5,2,5,10,70,,0,0
102461,20,0,5.0,1,68.9,6.0,7.7,0,3.11,5.8,0,2,7.2,3,8,7,87,,3,1
102462,21,2,4.3,0,83.2,5.2,9.9,0,3.9,2.1,0,3,7.9,2,5,10,100,,3,1
102463,26,0,0.0,0,89.6,9.0,8.9,0,2.51,5.9,0,2,8.5,3,2,10,60,,0,1
102464,20,0,2.5,0,94.1,5.6,7.0,1,4.0,5.1,0,4,8.5,8,2,10,100,,2,1
102465,18,1,2.1,0,86.1,7.3,8.5,0,4.0,6.8,0,0,4.8,8,5,10,99,,1,1
102466,23,0,4.8,0,57.5,8.6,8.2,1,4.0,2.5,0,2,9.7,1,10,5,97,,1,1
102467,18,2,4.8,1,81.0,6.7,6.7,1,3.57,7.3,0,4,11.0,8,4,10,93,,2,0
102468,19,0,5.99,0,56.8,7.8,3.0,0,2.98,8.4,0,0,12.5,6,4,10,84,,1,1
102469,27,0,6.8,0,84.1,8.8,6.1,1,3.88,5.1,0,1,14.6,2,10,5,87,,1,0
102470,17,2,3.3,0,93.5,5.7,5.6,0,4.0,5.6,0,1,7.7,7,10,5,100,,2,1
102471,23,0,4.1,1,82.5,7.1,6.7,0,4.0,4.3,0,1,10.4,2,8,7,100,,0,0
102472,25,1,1.17,0,95.7,7.8,5.0,1,3.87,4.5,0,0,6.0,4,5,10,100,,2,1
102473,16,2,4.3,0,91.3,7.8,8.8,0,4.0,1.7,0,3,13.2,9,8,7,100,,1,0
102474,19,2,3.0,0,87.4,7.0,8.4,0,3.58,4.8,0,4,7.6,5,1,10,92,,3,1
102475,19,2,7.1,1,75.8,7.9,4.2,1,3.55,8.5,0,4,12.3,10,9,6,84,,2,0
102476,18,0,5.9,0,50.3,8.6,10.0,0,3.07,6.4,0,5,10.6,7,7,8,73,,2,1
102477,21,2,7.6,0,51.8,7.2,5.0,1,3.41,4.4,0,3,11.6,9,5,10,84,,1,0
102478,25,1,5.7,0,97.1,6.5,6.7,0,3.75,5.6,0,3,12.4,6,5,10,93,,1,1
102479,27,0,0.2,0,53.9,6.5,5.6,0,3.19,7.1,0,5,3.4,2,8,7,80,,3,1
102480,16,1,3.5,1,59.2,4.7,5.5,1,2.58,7.5,0,5,6.5,2,3,10,60,,2,1
102481,17,1,5.1,1,60.0,10.1,6.5,0,3.63,3.9,0,4,10.2,6,2,10,85,,1,0
102482,24,1,6.8,0,43.6,6.2,4.7,1,3.35,5.0,0,1,14.2,2,5,10,93,,3,0
102483,28,1,2.0,0,73.1,8.8,7.7,0,3.06,3.1,0,0,6.0,1,5,10,69,,0,1
102484,19,2,1.6,0,48.5,5.6,4.2,1,3.12,3.2,0,5,6.5,1,6,9,77,,2,1
102485,27,2,0.0,1,52.2,7.6,10.0,0,3.88,2.3,0,5,5.0,5,2,10,100,,1,1
102486,22,2,4.5,0,61.9,7.0,4.7,1,3.91,7.6,0,1,12.4,5,9,6,86,,1,1
102487,17,1,5.5,0,46.5,5.4,7.5,0,3.01,1.3,0,4,9.0,4,2,10,71,,1,0
102488,23,2,3.8,0,94.6,5.8,5.1,0,3.17,5.7,0,3,7.9,8,3,10,83,,0,1
102489,28,0,4.0,1,95.7,7.3,8.0,1,2.58,7.5,0,1,11.2,10,3,10,64,,2,1
102490,18,1,2.6,0,69.8,5.7,7.2,1,2.88,5.6,0,1,8.5,7,3,10,79,,2,1
102491,25,0,2.64,1,68.4,8.8,2.5,0,4.0,4.0,0,5,9.3,8,7,8,100,,3,1
102492,17,1,4.7,0,63.9,6.4,7.2,0,4.0,5.0,0,1,11.3,8,9,6,98,,2,1
102493,20,1,5.83,1,59.2,5.5,8.4,1,4.0,7.0,0,5,9.0,1,9,6,100,,1,1
102494,28,2,5.53,1,86.0,7.4,5.9,0,4.0,2.2,0,0,13.2,3,7,8,94,,2,1
102495,21,2,4.7,1,59.8,7.4,7.1,1,2.93,3.2,0,1,9.3,4,4,10,68,,2,0
102496,25,0,3.7,0,48.6,6.5,10.0,1,4.0,4.3,0,5,11.0,6,9,6,97,,1,0
102497,16,0,6.03,1,58.1,9.6,4.4,0,2.93,3.7,0,5,11.5,1,3,10,75,,1,1
102498,17,0,5.8,1,96.4,8.5,3.9,0,3.86,2.3,0,1,12.2,8,4,10,93,,2,1
102499,26,1,4.6,1,94.0,10.6,7.3,0,3.22,6.5,0,0,13.1,2,5,10,82,,2,0
102500,20,1,3.1,0,63.0,9.8,4.1,0,3.75,6.0,0,2,10.4,10,5,10,96,,3,1
102501,19,1,0.6,0,68.6,7.0,7.1,1,3.26,4.9,0,5,8.4,5,7,8,89,,3,1
102502,28,0,5.0,0,98.5,6.4,6.7,1,3.8,5.0,0,5,8.7,3,4,10,98,,2,0
102503,17,1,1.0,0,94.7,6.0,5.0,1,3.25,4.0,0,3,6.5,6,7,8,81,,2,1
102504,27,2,4.75,0,56.2,9.8,2.5,1,3.31,3.9,0,5,8.1,5,1,10,76,,2,0
102505,26,0,5.9,1,58.3,7.6,4.7,0,4.0,4.2,0,4,10.7,1,6,9,100,,0,0
102506,27,0,1.7,0,58.3,7.5,8.6,0,4.0,3.2,0,5,9.1,8,9,6,100,,2,1
102507,23,2,6.0,1,76.6,6.4,8.4,1,4.0,4.9,0,0,13.5,9,2,10,100,,3,1
102508,18,0,1.9,1,70.2,5.5,5.7,1,2.97,8.4,1,3,9.0,7,3,10,72,,3,1
102509,25,1,3.5,0,92.8,6.4,5.5,1,4.0,5.2,0,5,11.0,2,7,8,100,,2,0
102510,18,2,1.2,0,96.7,8.3,7.9,1,3.91,1.0,0,0,6.5,5,4,10,100,,1,0
102511,20,0,3.0,1,87.3,7.5,4.8,0,3.82,9.0,0,0,5.5,7,7,8,100,,0,1
102512,25,0,6.8,0,43.4,7.2,9.0,1,4.0,6.2,0,4,9.3,7,7,8,100,,1,1
102513,26,2,5.7,0,97.3,6.9,7.4,0,3.26,8.3,0,4,14.3,9,4,10,76,,3,1
102514,19,1,2.4,0,72.8,8.4,4.2,0,3.26,4.2,0,5,4.2,7,2,10,82,,2,1
102515,17,0,1.02,0,80.6,6.9,5.9,1,2.3,4.1,0,4,7.9,8,4,10,57,,2,1
102516,23,2,5.9,0,90.4,4.5,7.5,1,3.93,6.5,0,5,12.4,8,5,10,89,,2,1
102517,24,2,3.8,0,62.4,7.0,4.9,0,4.0,2.3,0,5,8.1,8,4,10,99,,2,1
102518,23,2,6.5,1,87.0,7.7,4.4,1,4.0,5.5,0,3,10.8,10,2,10,100,,2,1
102519,19,2,5.4,0,80.5,7.6,7.6,0,4.0,2.5,0,2,11.7,1,10,5,98,,2,1
102520,17,1,4.6,0,66.0,4.9,5.9,1,3.34,3.5,0,1,9.4,3,8,7,84,,2,0
102521,22,1,4.9,1,65.8,4.2,9.2,0,3.7,6.0,0,5,14.4,3,7,8,99,,3,0
102522,20,2,5.2,1,81.1,7.2,9.1,1,3.07,3.3,0,3,14.6,7,1,10,71,,1,1
102523,26,2,5.5,0,72.0,7.8,2.6,1,4.0,3.8,0,2,11.2,3,3,10,100,,3,1
102524,27,2,3.6,0,96.7,4.6,6.7,0,4.0,5.2,0,0,6.6,9,8,7,100,,3,0
102525,20,2,3.2,0,42.4,10.2,5.3,1,4.0,7.1,0,5,5.5,4,7,8,98,,2,1
102526,26,2,2.86,0,72.6,6.1,6.5,0,4.0,3.9,0,3,9.2,2,4,10,100,,0,1
102527,19,2,1.1,0,55.6,6.8,6.6,1,3.19,2.9,0,2,8.1,8,10,5,77,,1,1
102528,28,1,8.3,0,75.0,6.7,8.6,0,3.42,6.3,0,1,11.0,2,10,5,92,,1,0
102529,18,1,2.5,1,77.2,6.0,8.2,0,3.54,4.5,0,3,8.4,1,10,5,82,,3,1
102530,18,2,7.29,1,85.9,7.9,7.5,0,3.57,6.3,0,4,12.2,7,8,7,93,,3,1
102531,22,0,6.5,1,49.6,8.5,6.1,0,4.0,2.5,0,3,13.8,5,5,10,100,,0,1
102532,22,1,2.0,1,84.9,7.9,4.5,1,3.98,8.0,0,5,9.5,10,2,10,100,,1,1
102533,23,1,3.3,0,96.4,6.7,6.9,1,3.66,4.8,0,1,8.9,4,6,9,91,,3,1
102534,18,0,4.3,0,69.5,5.5,7.9,0,3.9,3.0,0,5,11.0,10,3,10,100,,1,1
102535,25,2,6.98,0,94.7,4.1,9.4,1,4.0,5.0,0,3,10.5,3,3,10,100,,3,1
102536,18,1,5.58,1,72.2,6.0,8.4,1,3.54,3.4,0,3,8.2,6,4,10,76,,2,0
102537,19,1,1.9,1,48.4,5.8,6.8,0,3.12,2.3,0,3,8.3,7,9,6,80,,3,0
102538,26,2,3.8,0,90.5,5.6,7.9,1,2.94,7.4,0,5,9.5,4,9,6,67,,2,0
102539,23,2,3.0,0,50.5,4.0,5.5,0,3.57,5.9,0,0,5.3,6,2,10,92,,1,0
102540,23,1,3.29,0,81.9,7.3,6.6,0,3.47,6.0,0,4,10.6,3,6,9,95,,1,1
102541,28,2,6.18,0,87.6,6.5,7.2,1,3.85,6.0,0,1,12.5,10,8,7,100,,3,1
102542,17,0,1.6,0,60.5,8.0,5.1,1,3.82,5.9,0,3,2.4,10,3,10,90,,1,1
102543,17,2,6.56,0,43.7,4.0,4.9,0,4.0,2.2,0,2,14.7,4,10,5,99,,2,1
102544,24,2,1.7,1,54.1,8.5,2.8,0,3.03,8.5,0,2,11.1,10,6,9,66,,2,0
102545,22,2,1.6,0,68.9,7.0,7.4,1,3.31,5.8,0,0,7.9,4,10,5,83,,3,0
102546,27,0,3.1,0,92.4,5.3,5.2,0,4.0,4.2,0,2,11.1,10,7,8,100,,1,1
102547,16,0,2.0,1,44.4,6.4,5.9,0,3.89,3.8,0,1,8.6,3,2,10,97,,2,1
102548,16,2,3.87,0,44.2,5.6,6.3,0,4.0,2.3,0,0,7.2,7,5,10,95,,1,1
102549,28,0,1.7,0,75.2,7.5,7.5,1,3.16,3.2,0,1,4.6,4,3,10,79,,2,0
102550,19,0,6.2,1,47.1,5.1,8.2,1,2.36,5.8,0,3,10.5,2,4,10,53,,2,1
102551,17,2,2.61,1,75.4,4.0,7.9,0,2.93,3.2,0,5,7.3,9,9,6,70,,0,0
102552,22,0,7.8,0,83.7,7.1,6.2,0,3.26,8.1,1,5,9.7,7,3,10,80,,3,1
102553,16,1,6.2,0,72.1,6.0,7.4,1,3.88,6.0,0,3,10.3,5,7,8,100,,1,0
102554,16,2,3.0,0,65.7,7.1,7.7,1,2.75,1.0,0,4,6.5,9,5,10,71,,2,1
102555,23,0,2.5,1,77.3,7.6,9.0,1,3.73,4.5,0,4,3.6,5,9,6,90,,2,0
102556,20,0,3.8,0,94.8,8.3,3.0,0,2.94,5.0,0,4,12.4,5,1,10,63,,2,1
102557,16,0,6.37,0,86.6,8.2,6.0,1,3.22,8.7,1,0,7.3,5,3,10,87,,0,1
102558,26,2,3.3,0,53.6,8.2,6.0,0,4.0,1.8,0,4,6.7,2,9,6,100,,3,1
102559,21,1,4.6,1,46.3,5.2,8.6,0,3.11,4.0,0,4,10.8,5,4,10,74,,1,0
102560,24,0,7.5,1,74.1,6.1,8.2,0,3.33,3.0,0,2,11.1,4,8,7,91,,2,0
102561,16,2,3.6,0,98.1,6.6,3.2,1,2.62,10.0,1,4,6.3,8,1,10,69,,0,1
102562,16,2,1.7,0,61.7,6.4,7.1,1,2.36,5.6,0,5,4.2,1,2,10,66,,2,1
102563,19,0,4.5,0,77.7,8.9,3.5,1,2.58,5.8,0,3,7.5,1,7,8,66,,3,0
102564,22,0,2.8,1,55.7,6.8,5.7,0,3.57,4.1,0,5,7.2,7,3,10,92,,1,1
102565,28,1,1.72,1,93.3,9.1,4.2,1,3.88,9.3,0,3,6.4,10,9,6,80,,1,1
102566,16,2,6.0,0,79.8,5.2,6.0,0,3.11,6.0,0,1,8.9,1,2,10,76,,0,1
102567,25,1,5.1,0,83.3,5.9,5.7,0,4.0,1.0,0,0,8.6,6,9,6,97,,3,0
102568,19,1,2.5,1,69.5,7.5,6.7,1,3.67,5.5,0,0,9.6,6,6,9,89,,1,0
102569,27,0,4.3,1,89.6,7.4,9.1,0,4.0,1.8,0,4,8.4,1,9,6,97,,3,1
102570,17,1,4.7,0,40.4,8.1,6.2,0,4.0,2.6,0,2,8.2,6,7,8,100,,1,0
102571,19,0,4.6,1,62.5,6.2,5.1,1,4.0,2.4,0,0,9.8,6,10,5,100,,2,1
102572,17,1,5.2,0,44.7,4.6,7.2,1,3.53,4.1,0,3,11.9,5,8,7,88,,2,0
102573,17,0,7.29,0,61.0,7.0,6.6,1,4.0,6.9,0,4,12.0,10,8,7,95,,0,0
102574,24,0,1.8,1,58.4,8.1,5.4,0,4.0,6.2,0,4,6.4,5,7,8,98,,2,0
102575,17,1,7.18,1,96.3,7.6,1.0,1,4.0,2.9,0,4,12.4,7,9,6,93,,2,1
102576,18,1,3.0,0,61.7,6.0,7.2,1,4.0,4.2,0,5,5.6,7,9,6,96,,2,0
102577,19,1,2.3,1,97.0,9.2,5.8,0,3.28,3.1,0,3,8.4,2,8,7,82,,2,1
102578,21,2,7.2,0,60.1,7.2,5.9,0,4.0,3.6,0,3,12.0,3,9,6,100,,3,0
102579,16,1,4.4,0,52.0,5.7,8.7,0,3.46,6.2,0,0,14.0,6,2,10,84,,2,1
102580,28,0,3.7,1,86.9,6.9,10.0,0,4.0,3.0,0,4,10.9,2,10,5,91,,1,0
102581,22,0,4.3,1,60.0,8.1,6.9,1,4.0,3.7,0,3,13.1,2,7,8,99,,2,0
102582,23,1,3.7,0,48.8,8.3,4.0,0,4.0,6.2,0,0,9.7,5,1,10,94,,1,1
102583,26,0,4.08,0,52.0,10.6,4.1,1,4.0,6.6,0,3,13.3,6,2,10,99,,1,0
102584,21,0,4.6,0,81.2,7.2,10.0,0,4.0,3.6,0,5,10.8,7,10,5,100,,2,0
102585,26,2,2.4,1,50.4,7.0,7.4,1,4.0,5.1,0,5,4.8,10,4,10,99,,2,0
102586,23,0,6.06,1,52.2,7.0,8.5,0,4.0,5.3,0,1,10.2,10,9,6,99,,2,1
102587,23,1,6.96,0,59.4,7.3,6.2,0,3.41,5.5,0,3,10.8,1,9,6,80,,2,1
102588,24,1,6.9,1,94.6,6.9,8.6,0,4.0,4.3,0,3,11.9,8,10,5,97,,1,1
102589,18,1,4.5,1,93.6,8.1,8.3,0,4.0,5.3,0,0,7.0,5,4,10,88,,2,0
102590,16,1,5.3,0,41.4,8.5,6.6,1,4.0,3.8,0,1,12.6,9,2,10,100,,2,0
102591,16,0,7.09,1,81.1,7.5,7.0,1,4.0,5.8,0,5,12.6,6,9,6,100,,0,0
102592,27,0,5.2,0,58.2,9.0,6.9,1,4.0,1.1,0,3,12.7,8,5,10,100,,3,0
102593,22,1,3.5,0,90.0,4.9,6.1,1,3.97,7.1,0,3,7.7,8,7,8,100,,1,1
102594,25,2,1.9,0,87.0,4.3,7.9,1,4.0,2.1,0,2,7.0,3,5,10,98,,2,1
102595,16,2,5.2,0,94.4,9.2,6.5,0,3.03,6.6,0,0,12.2,4,2,10,68,,3,1
102596,20,0,6.9,1,80.8,8.1,5.1,1,3.8,3.6,0,3,11.8,2,5,10,92,,2,0
102597,26,2,6.79,0,50.4,4.9,7.2,0,4.0,3.1,0,2,12.7,5,3,10,100,,1,1
102598,26,2,0.5,1,56.8,7.3,10.0,1,3.85,3.7,0,5,4.5,3,5,10,99,,1,0
102599,27,2,3.4,0,63.1,4.0,5.5,0,4.0,4.7,0,2,9.6,10,10,5,99,,0,0
102600,22,0,0.6,0,58.2,7.2,6.3,0,2.18,4.1,0,3,9.9,5,1,10,63,,2,0
102601,27,0,7.1,1,57.0,9.4,10.0,1,4.0,3.9,0,4,9.2,1,1,10,100,,1,0
102602,19,0,3.3,0,74.6,4.3,5.8,0,3.97,3.4,0,3,10.4,9,4,10,98,,1,1
102603,21,1,5.6,1,83.5,6.4,7.8,1,3.69,5.5,0,0,8.9,3,1,10,89,,2,0
102604,19,1,0.7,0,76.5,7.2,6.7,0,3.91,6.3,0,0,7.4,6,6,9,90,,1,0
102605,24,1,6.69,1,56.1,8.5,7.3,1,4.0,5.3,0,2,8.6,8,10,5,100,,2,1
102606,24,1,4.03,0,61.0,5.3,6.9,0,3.21,3.1,0,5,5.1,10,10,5,82,,2,0
102607,17,1,4.78,1,95.3,7.0,8.9,1,3.98,3.2,0,0,10.2,6,4,10,100,,1,0
102608,17,0,5.6,1,77.1,8.4,4.7,1,3.54,6.3,0,1,10.3,8,5,10,88,,2,1
102609,27,1,1.0,1,60.2,6.2,7.6,0,2.72,6.9,0,5,5.3,4,9,6,68,,1,1
102610,21,2,7.2,0,63.2,5.7,7.6,1,4.0,8.6,0,5,12.1,7,8,7,100,,3,1
102611,24,0,6.9,0,76.5,6.2,8.6,0,4.0,4.2,0,5,10.6,4,10,5,100,,0,1
102612,28,1,1.4,0,56.9,4.3,6.0,0,3.67,6.1,0,1,2.8,5,9,6,85,,0,1
102613,25,2,4.3,0,80.0,7.6,4.4,1,3.98,6.7,0,1,9.0,1,7,8,94,,2,1
102614,19,2,3.96,0,79.8,8.0,6.1,0,4.0,5.5,0,4,10.4,9,7,8,100,,1,1
102615,20,2,0.0,0,97.1,7.6,5.8,0,2.99,1.3,0,4,6.3,2,4,10,73,,2,0
102616,17,1,1.1,0,46.6,6.5,7.9,1,3.94,4.1,0,5,8.0,9,3,10,100,,1,1
102617,18,0,10.43,0,46.6,7.8,7.8,0,4.0,5.2,0,0,17.9,5,8,7,95,,1,0
102618,24,1,6.1,0,62.6,6.3,3.9,0,3.65,7.1,0,1,12.8,3,1,10,100,,1,0
102619,28,2,4.6,0,50.4,6.7,5.5,1,4.0,6.3,0,2,6.1,2,10,5,100,,1,0
102620,18,1,2.2,0,90.5,4.0,5.1,0,4.0,1.8,0,4,8.0,5,9,6,100,,1,1
102621,17,1,1.3,0,48.8,6.7,7.6,1,4.0,3.0,0,3,3.9,2,10,5,100,,2,0
102622,28,0,6.9,0,87.8,7.0,8.4,1,4.0,3.5,0,1,14.6,5,8,7,100,,3,0
102623,24,0,3.2,1,98.0,8.0,6.7,0,3.7,6.0,0,0,9.3,6,9,6,88,,1,0
102624,23,1,4.6,0,88.3,7.6,8.7,1,4.0,3.9,0,5,13.8,2,8,7,98,,1,0
102625,25,0,0.0,1,79.6,6.2,10.0,1,2.37,4.9,0,2,7.1,6,4,10,65,,2,1
102626,26,0,5.1,1,95.5,7.3,3.9,1,3.67,9.4,0,0,6.9,6,4,10,84,,0,1
102627,21,1,3.6,0,69.3,7.5,7.4,0,3.57,1.5,0,0,9.6,8,1,10,89,,1,1
102628,22,1,6.1,0,79.6,7.8,4.4,0,3.39,6.7,0,0,9.9,10,1,10,88,,2,1
102629,23,1,5.5,0,95.9,8.2,7.0,0,4.0,5.3,0,3,9.1,3,7,8,97,,2,1
102630,21,2,0.2,0,64.5,7.7,8.9,1,3.3,5.4,0,4,8.4,5,6,9,80,,1,1
102631,19,1,8.1,0,77.0,6.5,6.4,0,4.0,1.0,0,5,14.0,6,8,7,100,,2,0
102632,27,1,9.0,1,79.2,9.0,7.3,1,4.0,1.0,0,4,12.7,7,1,10,100,,2,0
102633,17,1,4.9,1,56.6,8.0,6.8,1,2.79,5.0,0,5,7.6,4,3,10,71,,2,0
102634,17,2,3.5,1,44.3,5.8,10.0,1,2.65,6.3,0,4,8.1,7,3,10,74,,2,0
102635,24,2,4.3,0,87.3,9.4,2.6,0,4.0,6.0,0,5,6.5,5,10,5,100,,2,0
102636,23,1,1.9,0,81.4,6.0,8.0,1,3.22,1.0,0,2,5.1,6,10,5,82,,1,1
102637,26,1,3.7,0,86.4,8.2,10.0,1,2.99,5.9,0,5,10.5,2,2,10,84,,0,0
102638,28,1,1.2,1,62.1,9.7,5.4,0,4.0,4.9,0,2,8.7,10,7,8,98,,0,0
102639,25,0,3.1,0,61.6,7.2,6.8,1,3.86,3.7,0,5,9.2,7,7,8,94,,3,0
102640,18,0,2.6,1,99.8,4.5,7.7,1,3.08,4.5,0,0,8.8,10,10,5,80,,2,0
102641,26,2,6.3,1,65.0,8.3,10.0,0,4.0,2.6,0,5,13.9,5,7,8,100,,2,0
102642,20,1,5.3,1,55.4,4.6,6.5,0,4.0,6.2,0,5,7.4,3,2,10,95,,3,1
102643,22,1,3.5,0,66.3,5.7,5.2,0,4.0,6.3,0,1,7.0,8,6,9,93,,2,1
102644,18,0,0.9,0,45.4,8.5,9.9,0,3.5,4.2,0,5,8.2,9,6,9,80,,2,0
102645,20,2,4.5,1,48.5,8.0,2.0,0,3.97,7.2,0,5,11.5,7,8,7,100,,2,1
102646,27,2,0.0,1,80.0,9.9,8.7,1,2.43,5.3,0,0,7.1,7,4,10,58,,1,0
102647,20,2,5.3,1,40.5,7.2,6.5,0,3.2,5.5,0,3,13.9,8,7,8,83,,3,0
102648,22,1,3.17,1,74.4,5.3,5.2,0,2.7,2.1,0,0,7.6,7,7,8,72,,2,0
102649,24,1,3.0,0,50.0,8.1,10.0,1,3.33,6.4,0,5,5.9,9,10,5,91,,1,0
102650,18,1,7.0,1,76.1,6.8,6.9,1,4.0,3.0,0,5,8.4,4,8,7,100,,1,0
102651,27,2,5.5,1,51.6,6.1,6.1,1,4.0,5.2,0,2,13.7,2,4,10,100,,3,0
102652,18,2,4.9,0,85.1,5.9,6.7,0,3.71,1.9,0,1,9.7,6,9,6,97,,1,0
102653,26,1,7.8,0,68.2,5.7,6.2,1,4.0,5.4,0,1,15.5,3,2,10,100,,0,1
102654,17,1,2.79,1,71.0,5.5,4.9,1,3.16,6.4,0,4,7.8,10,9,6,80,,2,1
102655,18,2,4.5,1,50.8,8.5,5.8,1,3.68,3.9,0,4,14.5,9,1,10,96,,3,1
102656,22,2,4.37,0,56.3,5.6,10.0,0,4.0,2.3,0,2,13.4,8,1,10,100,,2,0
102657,20,1,2.0,1,78.8,6.3,9.3,1,3.4,5.3,0,4,10.8,10,7,8,89,,3,1
102658,27,1,5.7,1,79.1,8.8,5.1,0,3.85,4.2,0,0,11.9,4,5,10,95,,3,1
102659,17,0,2.9,0,68.2,6.6,9.4,1,2.78,6.5,0,1,7.8,2,2,10,65,,3,1
102660,26,0,3.1,1,41.4,6.4,6.5,0,2.95,8.9,1,5,8.6,7,1,10,78,,2,1
102661,27,2,2.4,1,87.8,8.4,9.1,0,4.0,6.1,0,0,9.1,1,9,6,100,,2,0
102662,19,0,0.0,0,43.2,7.5,6.2,0,3.61,3.4,0,3,2.3,4,4,10,95,,1,0
102663,27,1,1.6,0,93.7,5.3,7.9,0,3.3,6.7,0,1,5.3,6,9,6,82,,0,1
102664,19,1,4.04,0,45.4,8.0,6.5,0,2.41,4.6,0,4,7.9,8,3,10,57,,2,0
102665,24,1,7.1,0,97.3,7.3,6.1,0,4.0,5.0,0,5,11.2,2,10,5,95,,0,1
102666,19,0,3.7,0,59.0,7.7,5.2,1,2.62,8.7,0,2,10.6,5,6,9,59,,2,0
102667,26,2,4.9,1,59.9,6.6,6.8,1,3.55,4.0,0,5,7.8,8,4,10,91,,1,0
102668,16,0,4.3,0,63.9,8.1,5.3,0,2.58,3.3,0,0,8.1,8,6,9,69,,1,1
102669,20,1,4.87,0,74.3,7.3,8.0,0,4.0,2.8,0,0,14.1,3,8,7,98,,3,0
102670,28,2,2.2,0,71.2,8.3,5.4,1,2.96,1.6,0,2,7.7,7,3,10,67,,2,0
102671,28,2,7.2,0,48.7,6.3,6.4,0,3.79,5.2,0,4,14.3,6,5,10,87,,2,1
102672,16,0,5.0,0,79.7,7.3,10.0,0,4.0,6.1,0,1,13.3,3,5,10,100,,2,1
102673,27,0,4.6,1,54.0,8.1,7.4,0,4.0,7.6,0,5,10.1,3,1,10,95,,2,1
102674,24,2,5.94,0,86.9,7.8,10.0,1,2.91,4.6,0,5,11.8,9,1,10,78,,1,0
102675,22,0,1.5,0,81.3,6.6,6.6,0,2.56,8.1,0,5,7.9,3,5,10,67,,2,0
102676,22,1,5.65,0,62.5,7.8,4.6,0,4.0,6.6,0,1,13.7,3,3,10,100,,2,0
102677,27,2,4.0,1,53.0,8.0,7.2,1,3.48,5.2,0,1,12.1,9,6,9,90,,1,0
102678,23,1,3.4,1,76.0,9.6,7.7,1,3.74,4.2,0,2,8.3,3,2,10,100,,1,1
102679,26,1,3.3,0,96.6,6.2,7.2,1,2.9,5.3,0,2,8.8,7,4,10,66,,2,1
102680,28,1,3.5,0,88.9,6.9,7.0,0,3.82,5.0,0,5,13.8,3,1,10,93,,1,0
102681,23,1,2.0,1,62.7,7.8,9.9,1,3.75,5.0,0,4,7.7,2,7,8,99,,3,1
102682,20,0,6.2,1,58.6,8.1,7.6,1,4.0,1.0,0,4,9.9,8,4,10,99,,3,0
102683,23,2,6.0,1,65.7,8.3,7.7,1,4.0,2.2,0,5,8.8,5,6,9,100,,1,1
102684,26,1,5.8,0,73.0,7.7,4.5,1,4.0,4.4,0,1,11.8,6,7,8,100,,2,1
102685,25,1,3.1,1,76.7,7.7,8.1,0,3.11,5.9,0,5,8.0,9,9,6,96,,3,0
102686,18,1,3.8,1,72.2,7.0,5.3,1,4.0,3.6,0,4,5.1,10,6,9,100,,3,0
102687,28,0,6.72,0,44.3,6.0,7.8,0,4.0,3.5,0,1,10.9,10,5,10,100,,1,1
102688,18,2,0.0,0,40.2,4.0,5.3,0,2.78,2.5,0,5,8.7,6,1,10,74,,1,1
102689,22,2,3.7,0,60.9,6.8,6.3,1,4.0,5.4,0,3,14.1,10,5,10,98,,0,0
102690,22,0,6.9,1,44.7,5.3,5.8,0,3.85,5.5,0,0,14.7,8,6,9,99,,2,1
102691,20,0,0.8,1,92.2,8.3,7.3,0,3.35,3.7,0,3,6.8,7,2,10,84,,1,0
102692,28,0,4.1,0,65.3,7.4,6.6,1,4.0,3.0,0,5,7.3,7,10,5,100,,2,1
102693,22,1,6.1,0,100.0,6.4,10.0,1,4.0,5.0,0,3,9.5,8,5,10,97,,2,1
102694,27,1,4.81,0,65.7,5.7,5.1,0,3.33,3.8,0,2,10.2,10,9,6,82,,3,1
102695,22,0,5.4,0,79.7,8.5,8.1,1,4.0,4.9,0,5,11.2,7,7,8,98,,1,0
102696,18,1,2.7,0,95.9,7.6,8.2,0,3.01,6.8,0,3,8.6,8,3,10,77,,1,0
102697,22,1,5.9,0,49.5,6.3,8.2,0,3.36,3.0,0,5,9.2,5,10,5,70,,3,1
102698,20,2,8.04,0,70.8,4.8,6.4,0,4.0,3.1,0,1,12.4,4,9,6,100,,1,1
102699,26,1,5.3,0,45.2,4.7,8.5,0,2.93,7.0,0,4,11.7,7,1,10,73,,3,0
102700,24,2,6.5,1,52.8,6.1,8.1,1,3.33,6.0,0,3,13.6,1,5,10,84,,1,1
102701,26,2,2.9,1,57.4,5.3,7.3,1,3.94,7.1,0,5,7.8,9,1,10,100,,3,0
102702,25,2,3.2,0,67.5,6.4,10.0,0,2.98,7.1,0,5,6.4,5,5,10,81,,2,1
102703,23,1,5.4,1,89.8,6.6,5.8,0,2.92,8.4,0,0,11.2,4,7,8,75,,1,1
102704,22,1,5.5,1,63.7,8.2,7.8,1,4.0,4.6,0,1,13.4,1,1,10,100,,2,1
102705,20,1,4.75,1,45.3,7.0,6.6,1,4.0,6.5,0,3,7.6,8,5,10,100,,3,1
102706,16,0,5.0,0,93.4,4.0,7.5,1,2.84,7.6,0,5,10.9,7,10,5,74,,1,1
102707,25,0,4.21,0,95.2,5.2,6.9,0,4.0,6.5,0,0,11.0,7,4,10,97,,1,0
102708,16,2,4.2,1,66.5,6.7,6.8,1,3.89,4.0,0,1,11.6,2,7,8,98,,2,0
102709,27,2,3.6,1,88.8,7.3,10.0,0,3.28,7.0,0,0,6.5,7,9,6,78,,3,1
102710,20,1,5.2,0,65.7,5.9,7.7,0,3.3,4.9,0,0,10.5,10,4,10,91,,1,1
102711,19,2,2.2,0,41.8,7.4,5.1,0,3.55,3.1,0,1,8.9,5,3,10,89,,0,1
102712,17,1,3.1,1,40.4,8.5,8.2,1,3.94,4.3,0,1,10.2,9,1,10,93,,0,1
102713,25,1,7.8,0,76.1,7.7,9.1,0,4.0,4.7,0,1,12.1,9,10,5,97,,1,1
102714,28,2,4.0,0,70.2,8.2,1.9,1,2.92,6.9,0,1,12.3,9,1,10,82,,0,1
102715,25,1,6.2,0,45.9,7.9,5.8,1,4.0,2.8,0,0,9.8,8,7,8,100,,2,1
102716,24,0,6.95,0,41.8,4.0,8.0,0,4.0,3.0,0,0,12.3,7,3,10,100,,2,0
102717,18,0,2.0,0,53.1,5.9,8.9,0,3.22,2.8,0,2,8.5,3,5,10,81,,2,1
102718,23,2,2.3,0,87.4,7.6,5.6,1,3.0,6.0,0,2,5.4,1,9,6,72,,2,0
102719,25,0,0.0,1,81.9,8.5,4.2,1,3.96,3.8,0,4,6.6,2,2,10,100,,1,0
102720,27,0,6.77,1,71.4,7.3,6.8,1,4.0,6.5,0,4,9.5,8,9,6,97,,2,0
102721,17,2,1.1,0,79.7,6.0,4.3,0,4.0,2.3,0,0,5.2,10,8,7,100,,2,1
102722,28,2,4.2,1,80.2,8.6,4.7,1,3.66,5.0,0,2,10.5,9,7,8,85,,3,1
102723,26,1,5.8,0,90.4,6.4,8.8,1,4.0,6.8,0,1,8.2,5,5,10,96,,2,1
102724,16,2,1.7,0,89.0,6.6,6.4,1,4.0,2.9,0,0,5.6,9,3,10,97,,1,1
102725,28,0,5.1,1,77.7,6.9,3.1,1,3.72,2.8,0,1,11.2,7,3,10,94,,2,1
102726,25,1,2.6,0,95.3,8.0,7.0,0,4.0,6.0,0,2,9.9,1,2,10,100,,1,1
102727,23,0,4.2,0,91.2,7.6,4.0,0,3.49,5.2,0,3,7.4,2,2,10,89,,3,1
102728,28,0,4.1,0,74.5,4.0,10.0,1,3.02,2.8,0,3,8.2,3,2,10,79,,2,0
102729,27,1,0.4,1,93.3,8.6,5.6,0,4.0,2.0,0,3,2.6,7,4,10,99,,2,1
102730,26,0,0.2,0,100.0,7.9,5.5,1,3.12,4.8,0,4,4.9,1,6,9,83,,2,1
102731,18,1,4.6,1,48.8,6.6,6.2,1,3.15,1.5,0,3,12.4,9,2,10,81,,0,1
102732,27,2,3.7,1,66.8,5.7,5.1,0,4.0,2.5,0,5,7.3,5,6,9,89,,2,0
102733,19,1,2.9,0,59.2,5.9,7.3,1,3.83,6.5,0,0,10.6,8,1,10,95,,2,0
102734,28,0,6.3,0,88.7,6.5,9.0,0,4.0,4.1,0,0,14.3,5,10,5,100,,1,1
102735,27,0,5.22,0,60.5,6.4,8.3,0,2.93,5.2,0,3,10.4,6,4,10,66,,2,0
102736,27,2,3.3,0,94.5,6.0,5.0,1,4.0,1.6,0,1,9.2,4,7,8,100,,3,1
102737,21,2,0.5,1,41.3,7.7,6.8,0,3.59,5.3,0,3,5.8,2,4,10,83,,1,1
102738,23,2,5.4,1,46.7,6.0,9.2,0,3.06,7.4,0,5,9.4,5,8,7,80,,1,1
102739,27,0,5.23,0,44.5,7.3,6.9,1,3.39,3.3,0,1,12.1,10,2,10,89,,3,0
102740,24,1,2.3,0,84.3,9.1,9.0,1,3.59,5.6,0,1,7.9,5,4,10,88,,0,0
102741,22,0,2.24,0,83.8,6.5,7.2,0,3.23,4.9,0,3,10.6,9,9,6,79,,1,1
102742,21,2,5.0,0,95.9,9.2,5.1,1,2.83,8.3,1,4,9.5,7,3,10,68,,2,0
102743,19,0,3.78,1,50.6,8.6,9.0,1,3.42,6.3,0,1,9.7,3,9,6,78,,2,1
102744,18,2,1.5,1,98.7,9.9,9.7,0,2.93,4.5,0,0,4.7,1,6,9,70,,3,1
102745,16,1,1.6,1,77.8,7.3,5.0,1,2.79,6.3,0,0,11.3,4,7,8,71,,1,1
102746,23,2,6.5,1,47.0,7.4,10.0,1,3.02,5.1,0,5,11.0,2,2,10,78,,3,0
102747,20,1,8.3,0,63.7,5.8,6.9,1,4.0,7.4,0,4,14.4,1,10,5,98,,1,1
102748,17,0,3.8,0,87.3,8.2,6.3,1,4.0,6.0,0,1,7.0,1,10,5,100,,2,0
102749,21,2,5.27,0,85.9,7.1,6.8,0,4.0,5.8,0,4,11.0,6,1,10,96,,1,1
102750,19,0,8.7,1,46.0,4.3,8.4,0,3.75,6.2,0,3,14.8,2,8,7,93,,2,1
102751,22,1,3.2,1,54.0,6.5,8.2,0,2.72,6.6,0,3,3.9,2,6,9,77,,3,1
102752,26,2,3.4,0,97.9,9.8,6.1,1,4.0,6.8,0,1,8.5,4,10,5,100,,1,1
102753,22,1,5.1,1,97.0,7.1,7.6,1,4.0,2.4,0,3,10.5,10,10,5,98,,1,0
102754,17,1,4.8,1,70.1,4.7,8.5,0,4.0,3.9,0,1,11.7,10,8,7,100,,2,0
102755,16,2,3.45,0,41.6,6.1,5.6,1,3.92,4.8,0,0,11.9,7,7,8,100,,2,1
102756,28,1,3.0,1,50.4,7.9,8.6,0,4.0,3.7,0,4,7.0,2,8,7,97,,1,0
102757,26,0,4.1,1,56.9,8.6,9.8,0,4.0,9.0,1,5,10.1,6,1,10,98,,3,1
102758,20,2,7.5,1,40.6,9.0,8.1,0,3.02,5.9,0,0,13.3,9,3,10,78,,2,1
102759,18,2,0.78,1,58.8,4.0,7.7,0,3.68,6.1,0,4,7.9,10,8,7,93,,1,0
102760,23,1,4.7,0,88.4,5.5,6.6,0,4.0,6.3,0,1,7.0,6,8,7,100,,3,0
102761,27,0,4.8,0,90.0,5.8,1.8,0,3.54,8.3,1,3,13.8,8,2,10,88,,1,1
102762,21,2,3.9,1,58.4,7.9,5.6,0,2.89,3.3,0,3,9.3,9,6,9,74,,3,1
102763,23,1,3.9,0,85.6,7.8,7.9,0,4.0,6.4,0,1,8.0,8,4,10,100,,1,1
102764,23,1,2.43,1,58.6,8.0,2.6,0,3.81,10.0,1,4,7.3,7,1,10,91,,1,1
102765,22,1,4.0,1,92.0,8.3,9.0,1,4.0,1.1,0,2,12.5,9,5,10,98,,2,0
102766,24,0,6.14,1,49.6,8.5,6.8,1,4.0,3.1,0,2,9.2,10,9,6,96,,2,0
102767,17,0,3.1,1,88.2,6.6,3.6,1,4.0,4.5,0,1,9.3,9,3,10,93,,2,0
102768,28,1,5.2,1,89.1,6.1,6.8,1,3.09,7.0,0,1,9.3,9,4,10,70,,0,1
102769,18,0,0.0,1,42.5,8.7,5.7,0,3.31,6.0,0,4,6.6,2,8,7,78,,1,1
102770,25,0,5.1,1,98.1,6.7,9.8,1,4.0,2.1,0,0,11.8,2,3,10,99,,2,1
102771,22,2,5.07,0,47.6,4.8,3.4,1,4.0,3.3,0,0,12.0,4,10,5,100,,3,1
102772,21,2,2.5,1,90.5,8.4,3.8,0,3.54,3.1,0,2,10.3,1,1,10,91,,2,1
102773,23,1,6.7,1,48.2,9.4,7.2,0,4.0,2.0,0,4,9.9,1,6,9,91,,1,1
102774,16,1,4.8,1,59.5,8.0,6.0,0,4.0,6.1,0,5,7.9,3,8,7,100,,2,1
102775,21,1,4.8,1,79.4,7.6,9.4,1,3.84,6.2,0,3,10.2,1,1,10,98,,2,0
102776,18,2,3.4,1,98.0,8.2,6.4,1,4.0,6.5,0,2,11.0,5,8,7,100,,1,0
102777,23,1,4.2,1,50.8,11.3,8.7,1,3.08,4.1,0,2,9.3,7,2,10,84,,2,0
102778,26,1,3.9,1,56.8,7.0,8.9,1,3.52,4.4,0,1,11.6,7,4,10,80,,2,0
102779,24,2,2.4,1,76.7,6.6,8.1,1,2.79,3.5,0,5,10.0,6,2,10,70,,1,0
102780,25,0,1.9,0,72.0,6.1,7.1,1,2.72,1.1,0,4,6.4,8,4,10,68,,2,1
102781,19,1,6.15,0,90.4,4.9,7.1,1,4.0,7.4,0,1,11.8,8,2,10,96,,2,1
102782,19,0,4.9,0,83.7,8.5,6.5,0,3.09,2.5,0,3,9.5,4,3,10,86,,3,1
102783,19,2,0.0,0,53.8,7.4,9.3,1,4.0,2.3,0,4,9.0,10,7,8,100,,2,0
102784,27,2,5.3,0,47.7,6.5,6.0,0,4.0,5.9,0,1,10.3,4,9,6,100,,2,0
102785,18,0,4.0,1,90.6,7.0,6.1,0,4.0,6.8,0,4,9.3,6,4,10,97,,1,0
102786,17,1,0.6,0,95.5,8.2,5.3,0,3.84,5.4,0,3,7.4,4,10,5,100,,2,0
102787,25,1,4.94,1,91.5,6.6,8.5,0,4.0,7.6,0,0,8.7,4,5,10,100,,0,0
102788,21,1,6.3,1,84.3,7.5,7.2,1,4.0,5.4,0,1,12.2,1,10,5,94,,1,1
102789,17,1,6.1,1,73.8,4.4,8.1,1,4.0,3.0,0,3,10.3,3,1,10,100,,1,1
102790,26,1,8.19,1,63.0,8.7,8.4,0,4.0,2.6,0,2,13.1,8,2,10,100,,2,0
102791,16,0,5.6,1,70.9,5.1,6.4,1,3.59,8.9,0,3,10.2,10,4,10,87,,2,0
102792,27,2,2.9,1,71.8,6.0,4.1,1,2.33,4.8,0,4,9.3,8,1,10,59,,2,0
102793,21,0,8.0,1,56.4,6.3,8.7,1,2.92,3.4,0,2,14.8,5,3,10,72,,2,0
102794,26,0,4.7,1,77.9,8.2,4.2,0,3.64,9.1,0,1,8.6,5,4,10,83,,2,1
102795,25,2,2.8,1,89.6,4.0,6.9,1,4.0,4.8,0,3,8.6,5,9,6,98,,1,1
102796,26,2,7.4,1,62.7,4.0,7.4,1,4.0,4.4,0,1,13.0,3,7,8,98,,2,1
102797,23,0,3.2,0,80.1,7.5,5.1,0,3.51,4.3,0,1,7.1,2,4,10,79,,0,1
102798,27,2,3.6,1,97.3,9.0,7.6,0,3.29,6.4,0,3,6.5,8,1,10,92,,2,1
102799,23,2,4.0,1,67.8,7.3,5.6,1,3.01,3.6,0,4,7.9,2,3,10,72,,1,0
102800,24,0,6.26,0,57.1,6.6,7.5,0,4.0,5.5,0,3,8.5,7,8,7,95,,2,0
102801,18,2,3.4,0,90.5,8.0,3.6,0,4.0,3.6,0,3,9.4,2,5,10,100,,2,1
102802,28,2,4.6,1,63.9,6.7,5.8,1,4.0,2.0,0,1,9.3,2,3,10,99,,2,1
102803,26,1,1.9,0,66.7,6.8,6.6,1,3.13,4.5,0,3,7.0,9,1,10,78,,1,0
102804,27,2,3.34,0,98.7,6.4,7.7,0,4.0,5.0,0,3,7.1,7,2,10,100,,2,0
102805,25,2,3.1,0,83.1,7.1,5.4,1,3.7,1.4,0,2,11.2,10,1,10,96,,2,1
102806,16,2,4.3,0,59.4,6.9,7.6,1,3.18,3.3,0,2,10.4,5,4,10,83,,0,1
102807,28,2,6.14,0,61.7,5.7,6.2,0,4.0,5.5,0,4,10.7,8,10,5,90,,1,1
102808,27,1,5.2,1,55.9,9.2,6.9,1,3.75,4.2,0,3,9.9,5,8,7,90,,0,1
102809,21,1,1.99,1,81.4,5.8,6.7,1,3.46,3.3,0,1,6.1,7,6,9,89,,2,0
102810,21,0,0.8,1,94.4,8.8,7.2,1,3.17,4.3,0,4,4.5,3,9,6,83,,1,0
102811,23,2,3.5,1,94.5,7.0,6.5,0,3.94,5.3,0,2,6.2,3,8,7,100,,1,0
102812,17,1,0.8,1,78.0,5.5,2.6,1,2.77,4.3,0,3,5.0,4,2,10,69,,0,0
102813,24,1,2.7,0,47.3,5.7,8.8,1,3.79,5.9,0,4,6.7,2,2,10,89,,2,1
102814,27,0,4.3,0,92.3,8.2,8.1,1,4.0,5.7,0,5,9.4,5,6,9,100,,0,1
102815,28,2,1.6,0,90.0,7.6,4.1,1,3.45,3.8,0,3,7.0,1,10,5,89,,3,1
102816,26,2,5.7,1,72.4,6.9,7.4,1,4.0,6.0,0,5,13.8,3,9,6,100,,0,1
102817,26,2,0.2,0,78.6,9.3,3.3,0,4.0,7.3,0,3,4.2,6,4,10,100,,0,1
102818,26,0,3.71,1,81.9,8.7,7.1,0,4.0,1.3,0,5,9.6,2,9,6,100,,2,1
102819,18,2,6.97,1,64.1,7.0,6.8,1,3.85,6.0,0,0,11.8,2,9,6,91,,3,0
102820,25,1,4.0,1,69.0,5.8,6.5,0,3.23,4.8,0,3,12.9,2,4,10,87,,3,1
102821,26,2,2.5,0,47.3,9.7,10.0,1,2.92,2.0,0,4,8.1,1,1,10,79,,0,1
102822,24,1,4.0,0,92.1,6.0,10.0,1,4.0,6.7,0,4,12.1,3,1,10,100,,1,1
102823,19,2,4.0,0,63.1,9.1,8.4,1,4.0,3.7,0,5,10.7,4,8,7,100,,2,1
102824,21,0,5.98,0,43.8,5.1,5.2,1,4.0,6.2,0,0,11.2,5,6,9,94,,0,1
102825,16,1,1.9,0,100.0,9.0,9.0,0,3.84,2.7,0,2,6.3,7,6,9,97,,2,1
102826,23,0,6.18,0,90.9,6.9,8.2,0,3.02,4.2,0,4,11.0,3,5,10,72,,2,1
102827,27,2,3.3,1,48.9,9.5,9.4,1,2.6,4.6,0,4,8.4,5,2,10,63,,2,0
102828,20,1,5.74,0,93.2,8.5,4.8,0,4.0,4.1,0,4,12.1,3,5,10,100,,3,1
102829,19,0,2.2,0,81.7,6.3,8.7,0,3.63,5.6,0,0,8.7,8,9,6,87,,1,0
102830,27,1,2.5,0,70.8,5.1,9.0,0,3.63,5.7,0,1,6.9,2,2,10,91,,2,1
102831,21,2,3.5,0,95.9,7.8,9.1,0,4.0,1.5,0,3,8.3,3,4,10,100,,2,1
102832,16,2,6.5,0,70.8,7.4,6.1,0,4.0,4.7,0,2,12.7,2,8,7,100,,2,0
102833,27,1,6.0,1,98.1,8.0,7.6,1,4.0,5.2,0,1,12.9,1,5,10,97,,2,1
102834,19,0,4.5,0,67.5,5.7,8.9,1,3.77,5.9,0,3,12.7,7,10,5,100,,3,1
102835,23,1,3.0,0,99.9,9.4,5.6,1,4.0,2.8,0,0,6.9,3,2,10,94,,3,1
102836,25,0,4.4,1,65.9,6.2,6.4,1,4.0,3.8,0,5,9.5,9,5,10,100,,2,1
102837,17,1,6.67,1,69.0,5.5,6.2,1,4.0,5.6,0,1,9.6,10,3,10,91,,2,1
102838,26,0,3.3,1,59.0,7.1,8.8,1,3.9,3.3,0,4,9.9,7,2,10,94,,2,0
102839,27,1,1.2,0,53.7,5.0,8.2,0,2.93,4.1,0,0,9.5,3,7,8,68,,2,1
102840,20,1,2.6,1,48.5,6.8,6.3,0,2.57,5.8,0,2,9.5,5,8,7,81,,1,1
102841,22,0,2.52,1,60.0,8.0,6.0,1,4.0,5.5,0,0,9.3,1,10,5,100,,2,0
102842,22,2,6.3,0,68.5,9.7,7.8,0,4.0,1.1,0,2,11.4,3,3,10,100,,2,1
102843,22,2,5.1,1,87.8,8.3,6.4,0,2.64,6.4,0,0,14.0,2,1,10,60,,2,0
102844,22,0,3.6,0,90.2,6.1,7.8,0,3.25,3.8,0,3,10.7,8,6,9,84,,1,0
102845,26,1,3.1,1,64.0,6.2,8.6,0,2.7,2.2,0,1,9.8,10,2,10,69,,2,0
102846,27,1,2.5,0,93.4,7.3,7.4,0,4.0,5.5,0,5,4.7,9,1,10,96,,2,1
102847,24,0,7.62,0,99.2,9.5,4.7,1,4.0,2.5,0,3,12.1,9,8,7,100,,1,1
102848,28,1,4.5,0,59.0,5.8,9.3,1,4.0,3.2,0,4,8.8,5,3,10,100,,2,1
102849,17,2,5.3,1,64.9,5.3,8.2,0,4.0,5.0,0,4,10.1,9,6,9,99,,2,0
102850,24,0,4.6,1,62.2,7.4,9.1,1,3.48,6.5,0,2,9.7,8,2,10,89,,3,1
102851,18,2,4.4,0,95.7,9.5,8.1,0,4.0,8.0,0,5,13.0,1,6,9,100,,1,1
102852,27,0,4.8,1,96.7,7.1,5.2,0,4.0,6.5,0,4,8.1,3,10,5,100,,0,0
102853,27,2,6.4,0,57.0,6.5,7.2,1,3.4,5.6,0,4,7.6,1,9,6,79,,1,0
102854,22,1,2.7,0,55.5,4.6,8.1,0,4.0,6.9,0,4,6.8,3,2,10,100,,3,1
102855,28,0,6.99,0,69.8,6.2,8.6,0,3.61,2.8,0,2,10.7,10,2,10,88,,2,1
102856,25,2,2.9,0,89.3,9.5,6.4,1,4.0,5.3,0,0,9.2,6,2,10,100,,2,1
102857,24,0,1.12,1,83.9,8.5,7.9,1,2.97,8.1,0,5,7.2,1,9,6,80,,1,1
102858,18,2,4.3,0,96.3,6.6,5.7,1,3.26,4.6,0,5,8.8,2,8,7,75,,2,0
102859,26,0,5.1,0,62.5,6.8,7.7,1,4.0,4.9,0,3,12.0,6,4,10,91,,2,1
102860,25,2,5.4,0,65.9,7.1,6.1,1,3.84,6.8,0,2,12.7,4,1,10,100,,3,0
102861,17,0,2.2,0,43.7,7.0,7.2,1,3.51,3.2,0,0,9.3,3,5,10,95,,1,1
102862,21,0,3.1,0,46.1,6.4,5.4,0,2.67,9.3,0,4,11.1,3,7,8,58,,3,1
102863,23,1,7.0,0,51.7,5.6,8.4,0,3.69,3.6,0,3,13.4,4,1,10,97,,1,1
102864,20,0,5.1,0,41.7,11.6,8.5,1,3.86,7.8,0,0,9.9,10,2,10,96,,1,1
102865,20,0,3.7,1,92.3,4.7,6.5,1,3.5,3.4,0,4,7.3,1,8,7,92,,3,1
102866,22,1,4.4,1,66.0,5.4,6.2,1,4.0,4.2,0,4,7.7,1,1,10,100,,2,1
102867,27,0,3.96,0,55.5,6.3,7.9,1,3.11,5.0,0,3,12.5,5,4,10,72,,3,0
102868,20,2,1.7,1,70.2,8.7,6.0,0,3.18,2.7,0,1,6.4,7,5,10,73,,3,1
102869,18,0,1.9,0,47.3,6.9,9.4,0,2.77,4.5,0,2,3.9,7,3,10,63,,2,1
102870,21,0,1.0,1,52.7,7.3,5.3,1,2.94,3.3,0,0,6.5,2,4,10,75,,1,1
102871,18,1,7.2,0,48.9,8.9,3.9,0,3.6,8.3,0,1,12.3,4,4,10,87,,2,0
102872,26,2,2.24,1,42.2,7.8,7.6,0,3.51,4.0,0,5,3.1,1,9,6,86,,2,1
102873,17,0,4.6,0,56.1,8.3,6.3,1,2.71,5.3,0,1,12.5,10,3,10,56,,2,1
102874,18,0,5.0,0,42.4,7.2,8.8,1,4.0,5.0,0,3,9.9,3,8,7,98,,2,1
102875,16,1,1.1,1,70.8,4.3,7.6,0,3.85,4.4,0,5,5.2,8,9,6,100,,3,1
102876,23,1,6.0,0,93.4,5.7,6.6,1,3.67,3.0,0,3,8.7,7,8,7,91,,3,1
102877,17,2,6.4,0,98.4,10.1,10.0,0,4.0,2.3,0,4,9.7,9,4,10,100,,2,0
102878,21,2,1.8,0,47.3,7.6,6.8,0,4.0,2.0,0,1,8.6,1,9,6,99,,2,1
102879,18,1,6.4,0,76.0,4.8,6.9,0,4.0,5.7,0,1,9.4,6,3,10,89,,2,1
102880,16,2,2.8,1,48.0,6.7,6.2,0,3.8,3.2,0,2,6.0,4,7,8,90,,2,0
102881,24,2,3.2,0,96.0,6.2,8.7,1,3.96,4.0,0,0,7.6,7,1,10,100,,3,1
102882,24,2,4.9,0,86.7,10.4,6.3,0,3.68,6.0,0,0,10.2,7,4,10,93,,2,1
102883,16,2,4.0,1,53.2,9.0,5.1,0,3.62,3.5,0,5,10.1,3,8,7,93,,3,1
102884,17,2,0.0,1,42.1,5.2,7.5,1,2.32,4.5,0,4,3.2,8,1,10,56,,2,0
102885,21,1,5.6,0,78.4,7.8,7.4,0,4.0,3.1,0,5,10.8,1,9,6,100,,2,0
102886,16,1,3.93,1,78.8,5.8,6.9,0,4.0,3.1,0,1,8.4,2,3,10,100,,2,0
102887,16,2,4.7,0,52.6,5.5,6.9,0,3.73,1.0,0,3,14.1,5,1,10,94,,2,1
102888,24,1,5.4,1,84.9,8.8,5.3,1,3.38,8.6,1,2,12.1,7,3,10,83,,2,1
102889,26,0,5.4,1,43.9,6.0,9.6,0,4.0,6.1,0,3,7.5,2,2,10,100,,1,0
102890,20,0,2.8,1,88.9,7.2,8.5,1,3.59,6.7,0,4,4.8,10,3,10,82,,1,1
102891,19,1,3.6,1,99.2,8.5,5.0,1,3.58,5.6,0,0,10.1,1,2,10,90,,2,0
102892,21,0,2.7,0,58.5,4.4,6.7,1,2.32,5.4,0,5,9.8,3,2,10,59,,1,0
102893,27,2,0.97,1,70.7,6.3,7.3,1,4.0,2.5,0,2,10.3,2,7,8,95,,2,1
102894,24,1,3.1,0,60.1,9.1,7.1,0,4.0,4.0,0,4,8.7,7,5,10,100,,3,0
102895,22,1,2.85,0,65.8,8.3,7.9,0,2.54,6.3,0,1,4.8,3,5,10,58,,3,1
102896,24,1,3.78,0,86.0,5.8,3.5,1,4.0,4.9,0,4,7.2,1,4,10,97,,2,0
102897,17,2,4.4,0,77.7,7.5,4.3,1,3.76,3.9,0,4,6.8,10,9,6,90,,1,1
102898,25,0,6.99,0,68.5,6.8,7.3,0,4.0,5.0,0,3,15.4,1,6,9,100,,2,0
102899,20,1,2.0,1,95.4,8.2,7.0,1,3.05,3.6,0,3,7.8,6,4,10,77,,2,1
102900,27,1,6.0,0,97.4,5.4,6.2,0,3.92,2.1,0,3,14.5,10,7,8,97,,1,1
102901,18,1,1.9,0,64.5,7.8,4.8,1,3.82,4.0,0,5,8.0,3,1,10,100,,1,1
102902,21,0,3.5,0,91.5,7.0,7.0,1,3.06,3.7,0,4,8.9,4,4,10,83,,1,1
102903,20,0,4.0,1,72.7,11.0,9.5,1,3.17,1.8,0,5,9.8,9,4,10,78,,2,0
102904,21,0,4.1,1,87.0,9.0,5.9,0,4.0,4.2,0,1,7.7,2,10,5,96,,1,1
102905,27,1,4.6,0,96.6,5.0,7.1,1,3.71,8.9,0,3,10.6,4,4,10,96,,1,0
102906,19,2,5.5,0,74.1,8.3,6.7,1,2.77,6.6,0,2,14.4,9,1,10,75,,3,0
102907,22,0,4.2,0,43.6,5.4,6.5,1,3.95,8.2,0,4,6.7,1,5,10,100,,2,1
102908,20,2,2.7,0,86.8,9.1,4.9,1,4.0,5.4,0,4,10.2,1,4,10,95,,0,1
102909,17,2,1.55,0,84.6,5.7,5.3,1,2.7,4.6,0,4,5.5,3,6,9,63,,1,0
102910,16,1,5.1,1,66.0,10.6,7.9,1,4.0,6.1,0,3,11.3,10,5,10,95,,2,1
102911,18,0,5.97,0,52.0,7.2,9.5,0,4.0,4.6,0,5,12.3,4,5,10,92,,0,1
102912,28,1,4.27,1,63.3,7.6,7.2,0,3.87,5.6,0,4,8.2,4,10,5,100,,2,0
102913,16,2,5.5,0,94.6,8.9,8.9,1,3.46,6.1,0,4,11.6,2,8,7,82,,1,0
102914,19,0,5.6,0,62.0,7.2,5.4,1,3.68,3.8,0,2,8.9,4,6,9,98,,1,0
102915,20,1,6.26,0,58.3,6.2,5.0,0,3.83,5.2,0,5,12.6,6,4,10,98,,1,0
102916,22,0,4.3,1,55.7,5.9,7.2,1,3.44,6.1,0,2,6.9,6,1,10,87,,1,0
102917,21,1,2.7,1,43.9,6.7,4.9,1,3.09,3.2,0,0,9.7,10,5,10,85,,3,0
102918,18,2,3.83,1,93.4,4.2,5.0,0,4.0,5.0,0,2,10.8,9,10,5,100,,2,1
102919,24,1,1.7,1,60.9,6.3,6.1,0,3.03,5.7,0,1,3.9,4,2,10,80,,3,0
102920,22,0,5.4,0,82.1,8.8,4.8,1,3.84,5.6,0,2,10.3,5,8,7,97,,2,1
102921,16,2,7.3,1,71.2,6.0,3.3,1,2.73,3.3,0,4,9.7,7,1,10,72,,2,0
102922,23,1,2.7,1,65.2,8.2,4.4,1,3.43,7.6,0,1,8.2,4,9,6,90,,1,1
102923,27,1,4.3,0,44.3,6.4,6.0,0,3.74,6.4,0,5,7.3,5,5,10,100,,2,1
102924,28,1,3.0,1,71.5,5.2,7.2,1,2.37,6.3,0,2,9.2,8,1,10,54,,3,1
102925,18,1,4.7,1,60.2,8.5,8.5,0,3.42,4.0,0,3,11.2,7,4,10,81,,0,0
102926,27,0,5.5,0,63.8,8.3,7.6,0,4.0,4.1,0,0,10.3,4,9,6,95,,2,0
102927,25,1,3.5,1,93.3,6.8,1.7,0,3.37,6.8,0,2,7.4,3,4,10,87,,1,0
102928,17,1,6.5,0,79.4,5.8,6.3,0,3.89,1.0,0,5,10.6,6,8,7,95,,3,0
102929,19,1,2.9,1,71.0,8.5,9.4,1,3.54,2.0,0,0,7.5,2,8,7,92,,2,1
102930,28,0,4.2,1,64.1,7.9,7.8,1,2.86,5.2,0,4,8.4,8,3,10,77,,3,1
102931,27,0,2.1,1,56.9,6.5,6.5,1,3.18,7.0,0,4,8.1,5,10,5,84,,0,0
102932,28,1,4.4,0,79.3,7.6,7.7,0,3.5,6.1,0,1,14.3,7,1,10,91,,3,1
102933,24,0,4.6,0,67.8,9.7,7.7,0,3.57,6.4,0,1,13.3,6,6,9,94,,0,0
102934,18,1,7.49,0,60.9,4.0,4.9,0,4.0,5.6,0,3,16.6,4,5,10,100,,1,1
102935,27,1,0.0,0,97.5,5.6,5.0,0,2.96,3.4,0,2,4.5,7,8,7,70,,1,1
102936,28,1,2.9,0,67.3,7.2,7.4,1,3.57,7.1,0,3,9.7,3,5,10,93,,1,1
102937,25,1,6.4,0,52.1,4.0,5.8,1,4.0,5.7,0,4,16.4,2,4,10,98,,1,0
102938,23,2,4.4,0,53.8,6.4,6.6,1,3.7,6.4,0,0,9.3,4,8,7,91,,2,1
102939,21,0,5.0,0,55.9,5.9,4.7,1,4.0,6.6,0,3,10.8,7,8,7,100,,2,1
102940,20,0,6.6,1,99.1,9.2,7.6,0,4.0,6.0,0,2,14.9,8,4,10,100,,3,1
102941,17,0,5.0,1,76.9,7.4,5.7,0,4.0,6.6,0,2,10.0,3,6,9,94,,2,1
102942,21,0,1.0,0,87.2,9.7,9.9,1,3.17,3.4,0,3,6.8,1,4,10,80,,1,1
102943,17,1,6.37,1,42.7,5.7,3.4,1,3.43,5.5,0,3,12.1,9,9,6,94,,0,0
102944,18,2,3.6,0,86.2,6.2,6.1,0,3.6,5.3,0,1,8.2,7,9,6,91,,2,0
102945,19,0,0.7,0,67.8,12.0,6.8,1,4.0,3.0,0,3,4.4,6,7,8,100,,2,1
102946,27,1,2.9,0,91.3,4.5,6.7,1,4.0,8.6,0,4,6.5,8,9,6,93,,2,0
102947,16,1,3.52,1,61.9,6.3,4.2,1,3.67,2.0,0,3,4.4,8,9,6,84,,2,0
102948,18,2,1.2,1,92.5,7.0,6.0,0,3.32,5.9,0,2,4.0,7,2,10,86,,0,0
102949,22,2,4.99,1,44.9,7.6,7.7,1,4.0,8.6,1,1,10.4,2,2,10,95,,2,1
102950,23,1,3.2,0,79.6,5.8,6.1,1,3.22,7.4,0,4,6.5,10,6,9,88,,2,0
102951,18,1,1.7,0,89.2,7.3,5.2,1,2.88,8.3,0,4,9.6,3,7,8,69,,2,0
102952,16,1,0.1,0,67.5,6.6,5.6,1,3.17,4.9,0,4,7.3,2,3,10,70,,0,1
102953,25,0,4.8,0,49.1,6.1,6.7,0,4.0,5.0,0,5,10.1,2,4,10,90,,1,1
102954,27,1,5.6,1,80.6,6.3,7.1,1,4.0,6.5,0,3,14.0,9,4,10,98,,3,0
102955,21,1,2.7,1,54.8,5.8,8.9,1,4.0,5.2,0,1,8.9,7,8,7,100,,2,1
102956,20,0,3.1,0,99.9,5.8,7.3,1,2.86,4.6,0,2,9.1,1,7,8,73,,2,1
102957,26,1,4.8,0,83.6,7.4,10.0,0,4.0,4.8,0,4,9.6,7,10,5,100,,1,1
102958,27,0,3.6,1,63.8,10.2,4.3,1,3.95,4.6,0,5,11.2,3,10,5,99,,2,1
102959,16,1,1.4,1,45.8,7.9,5.9,1,2.47,5.0,0,2,4.6,1,1,10,65,,1,1
102960,22,1,5.1,0,90.2,6.6,10.0,0,2.9,5.8,0,3,10.9,3,4,10,69,,1,1
102961,20,1,2.4,1,62.7,5.5,8.6,0,3.79,4.4,0,4,7.9,1,4,10,97,,2,1
102962,23,2,4.3,1,80.7,8.8,6.3,0,3.61,5.1,0,0,8.5,5,4,10,83,,2,0
102963,16,2,3.8,0,62.6,5.7,6.3,1,3.33,2.1,0,0,7.5,8,9,6,82,,1,1
102964,19,1,2.8,1,49.6,6.9,6.2,0,2.79,4.5,0,4,10.9,5,5,10,66,,1,1
102965,27,0,4.3,0,61.8,5.5,5.5,1,2.59,7.9,0,1,12.2,6,2,10,61,,2,1
102966,18,1,4.4,0,95.5,8.1,6.2,0,3.59,8.1,0,2,9.5,7,9,6,88,,1,1
102967,27,1,0.0,0,83.4,8.1,6.2,1,2.88,9.5,0,3,6.7,3,10,5,68,,1,1
102968,22,0,2.9,1,85.2,7.4,7.5,0,3.51,7.9,0,4,8.9,6,10,5,94,,2,1
102969,18,1,3.9,0,85.0,7.0,6.9,1,3.39,3.9,0,5,11.2,8,7,8,93,,2,0
102970,25,0,3.8,1,81.1,8.1,5.5,1,4.0,4.6,0,3,8.3,10,5,10,100,,3,1
102971,26,1,1.3,0,46.3,5.7,8.8,0,4.0,5.8,0,0,8.3,4,4,10,100,,2,0
102972,20,0,5.2,0,44.7,8.5,5.3,0,3.02,7.2,0,1,12.1,8,5,10,70,,1,1
102973,22,0,5.69,1,59.5,7.1,7.2,0,4.0,5.5,0,0,10.9,7,5,10,100,,3,0
102974,22,2,4.41,0,58.8,8.7,6.2,1,4.0,8.5,0,5,9.4,1,7,8,98,,1,0
102975,16,2,2.7,1,64.5,8.7,8.1,1,4.0,8.3,1,3,10.8,2,3,10,100,,2,0
102976,19,1,7.43,0,97.7,7.6,8.1,1,2.97,6.0,0,3,14.6,3,1,10,76,,1,0
102977,23,1,2.44,0,49.6,6.9,4.6,0,4.0,5.5,0,5,7.0,2,5,10,100,,2,1
102978,21,2,3.6,1,60.3,4.5,6.3,1,3.09,2.1,0,4,9.8,4,3,10,79,,3,1
102979,24,2,4.7,1,73.9,6.1,7.2,1,3.61,2.7,0,3,10.2,10,8,7,89,,2,1
102980,28,2,6.5,0,85.0,4.3,7.9,0,4.0,4.5,0,3,12.6,2,10,5,100,,2,1
102981,21,2,4.1,1,50.9,6.3,7.6,0,2.96,2.3,0,2,13.5,10,8,7,80,,3,1
102982,18,2,3.1,1,92.2,5.7,7.2,0,4.0,4.9,0,3,9.9,4,3,10,97,,0,0
102983,17,1,7.98,1,90.2,6.0,5.3,1,3.29,4.0,0,2,12.1,3,7,8,82,,1,1
102984,27,2,3.07,1,44.2,5.5,5.0,1,2.77,8.8,1,5,10.5,1,2,10,77,,3,1
102985,25,0,6.5,1,91.1,7.7,7.1,0,3.41,8.7,0,0,10.9,5,6,9,93,,2,0
102986,22,0,0.6,0,78.0,7.7,5.8,0,2.97,7.0,0,4,5.8,10,3,10,73,,2,1
102987,20,0,3.9,0,66.8,6.0,4.4,1,4.0,3.2,0,5,10.3,2,9,6,100,,2,0
102988,22,0,3.2,1,80.3,6.1,6.0,0,2.54,7.7,0,0,10.0,6,7,8,64,,1,1
102989,19,2,5.5,0,75.5,7.4,9.2,1,3.56,3.5,0,1,12.9,8,6,9,90,,0,1
102990,18,1,5.8,0,63.9,6.9,7.9,0,4.0,3.8,0,3,8.9,5,3,10,91,,1,0
102991,17,2,6.5,1,89.7,6.4,8.6,0,4.0,3.6,0,5,9.2,2,5,10,95,,1,1
102992,19,2,4.73,0,44.4,9.1,7.8,0,4.0,6.0,0,1,10.0,5,10,5,100,,2,0
102993,28,1,4.4,1,69.4,5.7,7.7,0,3.28,5.7,0,3,10.4,8,6,9,86,,1,1
102994,23,1,4.3,0,60.6,7.0,9.2,0,3.42,4.9,0,3,9.8,4,4,10,92,,2,0
102995,17,0,6.8,1,93.3,6.6,7.0,0,3.43,3.3,0,0,10.3,8,7,8,94,,1,0
102996,25,1,2.8,0,80.2,7.2,6.6,1,3.73,5.9,0,3,11.0,3,5,10,96,,1,0
102997,25,2,5.2,1,94.6,10.5,9.1,0,3.49,6.5,0,2,9.7,2,8,7,89,,1,1
102998,18,0,5.0,0,48.0,6.3,7.3,0,4.0,1.9,0,4,8.0,4,10,5,93,,2,1
102999,27,2,6.6,1,72.0,4.6,8.2,0,4.0,5.8,0,4,13.4,7,7,8,100,,1,1
103000,22,0,3.6,0,65.0,8.0,9.1,1,3.39,5.3,0,3,8.4,8,8,7,90,,2,0
103001,16,1,2.7,1,86.7,4.0,6.0,1,3.65,5.2,0,3,10.3,2,1,10,93,,1,1
103002,18,1,2.5,0,41.9,4.0,7.4,1,3.81,3.4,0,2,5.2,6,4,10,89,,1,1
103003,24,0,3.83,1,96.6,5.4,7.1,1,2.83,6.6,0,2,9.0,6,3,10,67,,3,0
103004,21,2,4.2,1,87.7,7.4,7.9,0,4.0,1.0,0,1,13.2,4,4,10,97,,1,0
103005,18,1,3.8,1,47.3,5.3,9.1,0,3.0,7.3,0,3,9.2,9,1,10,81,,3,0
103006,23,2,2.1,1,67.3,7.9,7.4,1,2.7,6.0,0,1,8.0,1,4,10,61,,3,1
103007,23,2,4.9,0,63.7,6.2,6.8,1,3.54,3.1,0,1,11.8,5,6,9,100,,2,1
103008,21,1,6.59,0,48.1,10.6,7.2,1,4.0,6.0,0,3,12.0,3,10,5,100,,2,1
103009,21,1,1.71,1,77.9,4.8,4.5,1,2.6,3.7,0,0,8.3,9,2,10,61,,2,0
103010,19,1,4.7,0,92.7,7.5,5.1,0,3.63,6.2,0,1,7.3,1,5,10,94,,3,1
103011,16,1,4.5,1,59.5,6.4,3.3,0,4.0,6.4,0,0,9.8,9,7,8,100,,2,1
103012,20,1,4.1,0,64.8,4.0,7.6,0,3.04,5.0,0,5,7.4,7,4,10,76,,1,1
103013,19,2,4.8,0,86.5,7.9,6.2,0,2.99,2.7,0,4,7.4,5,4,10,74,,0,1
103014,24,2,4.6,1,72.1,8.5,8.1,0,3.61,6.2,0,4,10.2,9,9,6,82,,1,0
103015,28,0,2.7,1,91.7,8.4,6.8,1,4.0,1.6,0,1,12.4,5,9,6,96,,1,0
103016,17,2,2.3,1,80.0,6.9,7.0,0,4.0,2.9,0,4,7.5,3,2,10,92,,1,1
103017,17,1,3.8,1,47.3,4.2,8.7,0,3.1,7.4,0,2,12.2,4,6,9,82,,2,1
103018,27,2,2.6,1,58.9,9.5,2.3,0,3.69,2.6,0,5,8.3,9,5,10,90,,2,0
103019,23,0,3.74,1,46.5,6.6,6.7,0,3.97,5.3,0,4,8.6,1,3,10,95,,2,1
103020,22,2,3.1,1,44.4,5.7,7.5,1,3.99,6.1,0,0,9.1,3,3,10,100,,1,1
103021,19,2,3.0,0,69.0,7.6,7.3,1,3.48,6.5,0,4,7.6,6,10,5,81,,0,0
103022,23,2,4.3,0,71.8,8.7,5.1,0,4.0,6.2,0,1,8.6,4,8,7,93,,2,1
103023,27,0,2.4,1,69.0,5.7,6.1,0,3.59,5.1,0,4,9.0,3,9,6,92,,2,0
103024,21,2,4.1,1,54.4,6.3,4.9,0,3.06,7.2,0,2,9.4,2,5,10,85,,2,1
103025,28,0,2.9,0,98.7,7.4,5.5,1,3.48,5.5,0,4,6.8,5,2,10,86,,1,1
103026,19,0,2.0,1,76.0,7.4,7.2,1,4.0,5.3,0,5,8.1,4,7,8,100,,2,0
103027,16,1,6.0,1,85.8,7.0,6.1,1,4.0,2.3,0,3,13.0,1,1,10,100,,2,1
103028,16,2,5.47,1,78.6,6.8,7.0,0,3.23,1.0,0,4,7.9,6,3,10,82,,2,1
103029,22,2,4.1,0,78.8,5.7,6.2,1,3.76,5.0,0,1,11.3,10,7,8,100,,0,1
103030,22,2,9.1,0,94.9,6.7,5.7,1,4.0,6.4,0,5,17.2,4,2,10,100,,3,1
103031,23,2,7.23,0,56.7,5.2,8.9,0,4.0,6.1,0,4,15.3,2,1,10,96,,1,1
103032,25,1,1.9,0,85.6,4.0,6.3,1,4.0,8.5,0,3,8.5,8,7,8,100,,1,1
103033,25,2,5.2,1,46.4,7.0,5.3,1,3.22,8.7,0,5,9.0,2,4,10,85,,2,1
103034,18,2,2.5,0,69.7,6.5,5.5,1,4.0,7.6,0,0,11.1,1,5,10,100,,2,1
103035,22,1,4.7,0,75.8,7.6,9.0,0,3.04,6.9,0,4,8.6,9,3,10,74,,0,1
103036,17,1,0.1,1,76.8,9.1,6.4,0,3.48,7.7,0,3,9.0,7,5,10,82,,2,1
103037,26,1,4.66,1,51.0,9.1,5.9,1,3.92,3.0,0,1,10.1,6,8,7,87,,2,1
103038,28,2,2.3,1,69.2,5.9,6.2,0,4.0,4.9,0,4,10.8,9,8,7,100,,2,1
103039,19,2,3.1,1,61.2,8.5,4.7,1,4.0,4.5,0,4,7.9,7,8,7,100,,2,0
103040,27,2,6.8,1,45.3,9.9,8.5,1,3.87,1.9,0,1,8.9,1,1,10,100,,0,0
103041,20,2,2.7,0,53.1,8.6,7.1,1,4.0,4.3,0,3,9.1,1,2,10,100,,2,0
103042,26,2,4.5,0,85.4,8.4,7.5,0,3.7,2.3,0,5,11.2,3,6,9,90,,1,1
103043,26,2,4.64,1,69.8,8.2,6.6,0,4.0,5.2,0,4,9.5,3,6,9,92,,2,1
103044,22,2,1.7,1,42.4,6.6,8.1,1,2.02,6.6,0,2,6.1,1,2,10,53,,0,1
103045,20,1,4.7,1,94.1,7.7,8.1,0,3.99,5.0,0,2,9.1,8,5,10,100,,2,1
103046,16,1,4.3,1,96.8,8.0,10.0,0,3.65,1.4,0,3,12.5,2,8,7,79,,2,1
103047,27,0,4.5,0,98.6,8.5,6.0,1,4.0,3.4,0,0,9.7,2,9,6,99,,3,0
103048,21,1,7.9,0,70.6,4.3,8.1,0,4.0,3.9,0,3,13.8,2,4,10,100,,1,0
103049,28,1,4.3,0,65.1,7.2,6.2,1,3.4,8.3,1,5,10.4,6,1,10,93,,1,1
103050,19,1,7.1,0,64.0,7.7,6.3,0,4.0,4.8,0,3,14.5,4,3,10,100,,1,0
103051,17,0,0.0,1,68.0,5.7,6.7,1,4.0,1.7,0,3,5.9,3,3,10,100,,0,1
103052,21,2,6.72,0,41.1,8.4,6.2,1,4.0,2.5,0,1,15.2,7,1,10,93,,2,1
103053,23,1,5.5,1,87.4,7.5,4.2,1,4.0,4.1,0,3,12.0,5,5,10,94,,3,0
103054,17,1,2.7,1,88.0,7.2,8.8,0,4.0,2.3,0,0,6.8,5,4,10,94,,1,1
103055,26,2,5.1,0,76.8,6.0,1.9,0,3.09,5.2,0,5,9.6,8,3,10,78,,2,1
103056,27,1,6.71,1,52.4,5.8,6.0,0,3.74,6.9,0,0,10.9,8,6,9,94,,2,1
103057,16,1,5.8,1,43.9,7.3,8.5,1,3.53,8.5,0,5,13.0,10,10,5,88,,1,0
103058,22,0,4.4,0,93.8,4.4,5.4,1,3.1,1.7,0,4,7.4,10,2,10,82,,1,0
103059,28,0,6.92,0,58.0,5.6,6.5,0,4.0,5.9,0,0,12.7,7,7,8,100,,3,1
103060,23,0,7.9,1,67.7,8.1,6.2,0,4.0,5.5,0,2,13.7,7,4,10,100,,1,1
103061,28,0,0.88,0,69.5,8.0,7.3,0,3.56,5.4,0,2,9.3,3,6,9,87,,2,1
103062,18,1,5.01,1,47.9,7.9,3.4,1,3.94,8.6,0,2,7.7,1,5,10,100,,1,1
103063,19,2,1.9,1,78.9,7.8,10.0,0,3.87,6.4,0,2,3.5,4,2,10,96,,2,1
103064,27,0,2.1,0,96.0,8.9,8.1,1,4.0,4.9,0,0,9.6,9,3,10,100,,1,1
103065,24,1,1.6,1,61.5,7.4,3.7,0,3.74,4.3,0,4,6.5,9,4,10,98,,1,0
103066,17,2,6.2,1,90.2,7.9,6.4,1,4.0,6.8,0,4,11.7,10,6,9,100,,1,0
103067,23,0,3.3,1,61.6,7.0,10.0,1,3.42,5.7,0,4,9.5,10,9,6,77,,0,1
103068,28,1,1.0,1,55.8,8.5,4.9,1,3.52,6.3,0,5,6.9,5,10,5,88,,3,0
103069,21,1,4.0,1,71.7,6.9,10.0,0,3.8,6.9,0,1,8.7,3,10,5,99,,2,1
103070,19,0,6.62,0,49.4,4.1,5.9,1,4.0,5.2,0,0,13.8,6,9,6,94,,2,1
103071,24,0,1.8,1,77.4,5.2,3.6,1,2.72,9.4,1,4,12.0,5,1,10,66,,3,1
103072,21,0,5.8,1,48.1,5.4,5.7,0,2.91,5.8,0,1,10.4,9,5,10,66,,1,1
103073,22,1,3.7,0,63.5,7.3,6.1,1,2.9,5.4,0,2,10.2,2,2,10,70,,3,1
103074,27,0,5.0,1,70.0,7.9,4.9,0,3.36,2.5,0,2,10.5,2,7,8,85,,2,1
103075,24,1,7.27,0,64.3,6.0,4.3,1,4.0,4.4,0,2,13.1,9,9,6,97,,2,0
103076,21,1,0.0,0,93.1,7.7,4.9,0,2.45,6.6,0,2,5.3,8,4,10,68,,3,1
103077,17,2,2.2,1,52.9,9.4,5.7,1,4.0,3.1,0,0,5.0,6,7,8,100,,1,1
103078,16,0,4.8,1,40.7,7.6,4.8,0,3.63,3.9,0,3,9.4,2,4,10,95,,1,0
103079,17,2,0.0,1,60.8,5.1,7.4,0,2.77,9.1,1,3,5.8,3,2,10,65,,1,0
103080,26,1,6.2,1,96.1,5.8,3.7,1,3.86,6.3,0,2,11.3,9,1,10,100,,3,1
103081,18,1,4.7,0,63.6,5.7,6.1,0,4.0,7.5,0,3,9.8,6,6,9,100,,0,1
103082,28,2,6.59,0,52.0,8.5,9.5,0,3.83,4.9,0,2,11.2,2,8,7,96,,3,1
103083,25,2,0.0,0,98.6,7.8,4.6,0,3.66,6.8,0,0,2.6,1,1,10,94,,1,1
103084,24,0,0.0,0,49.7,6.5,8.3,1,3.37,1.2,0,5,5.0,1,2,10,83,,2,1
103085,26,2,4.8,0,87.2,4.9,6.7,1,3.34,6.4,0,3,10.7,2,8,7,83,,2,1
103086,25,1,2.93,0,76.0,8.2,6.1,1,4.0,3.7,0,2,5.0,10,9,6,94,,3,1
103087,26,1,3.8,0,86.9,7.3,3.2,1,2.77,8.2,0,3,6.9,3,6,9,68,,1,1
103088,22,1,5.7,1,43.6,6.2,4.5,0,4.0,4.3,0,4,8.7,9,6,9,97,,1,1
103089,27,1,5.5,1,50.6,7.5,8.2,1,4.0,6.2,0,3,8.8,7,5,10,97,,3,0
103090,26,0,5.0,0,72.7,4.4,7.9,1,2.71,8.0,0,4,10.9,8,1,10,70,,3,1
103091,28,0,6.6,0,54.1,8.8,6.3,0,4.0,6.6,0,3,10.4,7,4,10,100,,0,1
103092,18,1,0.1,1,78.2,8.0,7.2,0,2.7,7.2,0,0,5.6,2,9,6,66,,2,0
103093,28,0,2.16,0,64.1,6.8,6.5,1,3.06,3.0,0,1,8.4,4,9,6,77,,1,0
103094,20,2,4.0,0,73.6,6.3,1.0,0,3.86,7.7,0,3,5.8,5,4,10,98,,2,1
103095,20,1,3.1,0,83.1,7.2,7.7,1,4.0,6.2,0,0,5.7,7,4,10,100,,2,1
103096,16,0,1.5,1,69.2,7.7,7.8,0,4.0,6.1,0,2,6.5,10,7,8,100,,2,0
103097,20,2,2.26,0,58.1,7.5,5.5,1,4.0,3.7,0,0,4.6,7,9,6,100,,2,0
103098,24,0,3.1,1,92.0,7.3,4.4,0,3.83,5.6,0,3,10.3,8,9,6,88,,1,0
103099,23,2,3.0,1,41.8,4.0,5.3,0,4.0,3.8,0,2,10.3,2,1,10,100,,2,1
103100,22,2,4.5,1,52.9,6.6,7.6,1,4.0,5.4,0,0,11.1,5,10,5,100,,2,1
103101,23,0,7.5,1,41.5,6.8,3.6,1,3.8,8.7,1,0,14.9,7,3,10,95,,3,0
103102,20,1,2.0,1,95.9,6.2,8.2,0,3.08,7.1,0,0,2.9,2,7,8,73,,2,1
103103,25,2,3.1,0,90.6,4.0,8.0,0,3.74,4.0,0,4,4.8,3,9,6,91,,1,1
103104,22,1,3.7,1,65.2,7.7,9.0,0,3.86,7.6,0,0,11.8,8,4,10,100,,1,0
103105,19,0,3.5,1,80.2,7.5,8.3,1,4.0,4.7,0,1,10.2,8,3,10,100,,2,1
103106,25,1,3.7,0,77.0,5.4,6.2,0,2.79,2.5,0,5,6.7,5,1,10,72,,2,0
103107,24,1,3.0,0,65.6,6.1,6.7,0,4.0,6.2,0,2,10.7,5,10,5,100,,2,0
103108,20,0,3.4,0,96.4,6.4,8.2,0,3.48,4.8,0,5,6.8,5,5,10,85,,1,1
103109,18,2,3.4,1,66.0,7.2,3.4,1,4.0,8.2,0,4,8.4,8,10,5,96,,0,1
103110,22,0,1.5,1,75.0,6.5,8.5,1,4.0,8.3,0,1,6.2,5,9,6,100,,3,0
103111,21,0,4.4,1,72.8,5.3,7.4,1,2.73,5.2,0,2,8.3,2,1,10,61,,3,1
103112,17,1,1.7,0,88.5,6.0,8.9,1,4.0,3.5,0,3,4.6,1,8,7,97,,2,1
103113,24,2,3.0,1,96.5,5.2,9.5,0,2.53,3.6,0,4,8.5,1,2,10,55,,2,1
103114,27,2,3.8,1,83.1,4.5,7.8,1,3.53,5.7,0,2,10.5,6,7,8,92,,3,0
103115,23,1,4.59,1,77.4,6.6,5.9,0,3.53,3.8,0,1,9.8,2,9,6,86,,1,0
103116,17,0,6.1,0,79.1,5.3,8.0,0,4.0,4.2,0,2,15.6,6,1,10,100,,3,1
103117,25,2,0.7,0,72.9,7.7,8.3,1,2.53,4.4,0,2,4.6,4,1,10,64,,0,1
103118,25,2,4.7,1,78.2,6.6,5.1,0,4.0,6.0,0,1,10.6,1,10,5,86,,3,0
103119,25,0,3.9,0,53.4,4.4,3.3,1,3.15,4.9,0,3,8.8,6,5,10,78,,2,0
103120,27,0,3.7,1,55.1,7.6,8.1,0,2.99,5.5,0,4,8.4,3,4,10,77,,2,0
103121,20,1,1.7,1,84.5,5.8,8.5,0,3.82,3.0,0,2,3.7,2,7,8,92,,2,0
103122,25,2,4.4,1,56.3,7.0,8.1,0,2.91,3.6,0,3,11.0,1,2,10,71,,0,1
103123,20,2,0.2,0,81.3,8.0,7.7,0,3.51,6.8,0,0,6.1,10,7,8,82,,1,0
103124,18,2,3.2,1,58.4,8.0,4.4,1,4.0,1.8,0,1,12.7,2,9,6,100,,2,1
103125,22,0,0.9,0,65.7,5.1,9.6,1,2.27,3.8,0,1,4.6,7,4,10,51,,2,1
103126,20,1,1.4,1,68.8,8.0,10.0,0,4.0,1.9,0,1,6.8,5,1,10,100,,1,0
103127,16,2,2.7,0,87.7,6.2,10.0,0,3.91,3.4,0,0,9.4,2,6,9,97,,1,1
103128,24,0,5.32,1,56.5,4.4,5.8,1,3.61,5.1,0,0,13.7,1,8,7,80,,1,1
103129,22,1,2.5,0,49.1,5.6,4.7,1,4.0,6.4,0,3,4.0,10,3,10,100,,2,1
103130,28,0,0.5,0,64.2,7.1,10.0,0,3.99,3.3,0,3,6.0,1,6,9,99,,3,1
103131,25,1,2.5,0,91.6,5.9,7.7,1,3.82,3.2,0,2,9.5,6,10,5,95,,1,0
103132,26,2,5.1,1,91.8,8.1,6.2,0,4.0,4.4,0,5,8.6,1,3,10,96,,1,0
103133,18,0,0.0,0,70.9,6.9,7.6,0,2.43,6.0,0,5,9.6,6,2,10,56,,2,0
103134,19,0,3.04,1,77.5,4.0,5.5,0,2.46,6.8,0,2,7.8,9,7,8,55,,2,0
103135,17,1,3.8,1,60.7,6.1,8.6,0,3.92,1.7,0,5,4.4,3,9,6,96,,2,1
103136,16,2,2.4,1,61.4,6.6,7.5,0,4.0,6.3,0,2,8.5,5,8,7,100,,1,1
103137,21,2,4.6,1,80.5,8.6,5.7,1,3.89,5.5,0,3,9.6,7,2,10,99,,2,0
103138,22,1,4.5,0,91.1,8.6,5.0,0,3.48,1.9,0,1,8.3,2,7,8,80,,1,0
103139,25,1,0.4,1,99.1,8.0,8.1,1,2.0,8.3,1,0,7.7,6,2,10,45,,1,1
103140,23,1,3.6,0,56.4,8.8,3.3,0,2.96,5.2,0,4,10.6,5,7,8,73,,2,0
103141,22,0,2.9,1,47.4,7.9,3.8,0,4.0,5.8,0,4,5.9,6,6,9,100,,2,1
103142,23,2,3.59,1,77.4,5.4,7.2,0,2.42,3.6,0,5,10.8,10,1,10,61,,1,1
103143,23,0,3.1,0,90.8,6.9,5.6,0,3.44,4.0,0,4,8.6,1,9,6,80,,2,1
103144,19,0,4.3,1,94.2,7.5,5.6,1,2.97,4.8,0,2,11.6,1,1,10,73,,1,1
103145,18,0,4.2,1,47.2,6.0,8.4,1,2.93,4.8,0,1,11.9,8,6,9,75,,2,0
103146,27,0,3.09,1,47.8,5.3,4.7,0,4.0,7.1,0,4,10.8,9,9,6,100,,1,1
103147,18,0,5.3,0,50.4,6.9,3.9,0,4.0,3.8,0,3,11.5,2,7,8,100,,1,1
103148,23,1,3.6,0,90.3,6.1,4.8,0,3.33,5.2,0,2,7.4,7,4,10,84,,3,1
103149,24,2,9.3,0,96.1,7.8,7.6,0,4.0,7.5,0,3,18.0,3,2,10,100,,2,1
103150,20,1,4.4,0,41.3,7.7,8.9,1,2.85,3.7,0,3,8.5,10,1,10,68,,2,0
103151,19,2,3.5,1,91.7,6.5,5.8,1,3.54,2.2,0,4,8.4,1,8,7,82,,3,1
103152,23,1,7.2,0,55.1,9.7,10.0,1,3.76,6.5,0,2,10.5,4,10,5,91,,2,0
103153,23,0,3.8,1,53.0,7.7,8.2,0,3.42,5.1,0,3,8.3,4,9,6,89,,2,1
103154,18,1,2.6,1,54.8,5.8,4.3,1,3.31,4.9,0,2,9.5,9,5,10,85,,1,0
103155,24,2,7.7,0,67.5,10.4,3.0,1,4.0,6.4,0,0,12.8,7,10,5,100,,3,1
103156,16,1,4.2,0,59.1,6.2,7.0,0,3.45,9.7,1,4,6.0,8,2,10,81,,1,1
103157,18,1,2.1,1,80.7,7.1,4.2,1,4.0,5.3,0,4,11.3,3,2,10,99,,3,1
103158,22,1,2.2,0,44.0,7.0,6.9,0,4.0,5.9,0,3,4.9,4,6,9,100,,2,1
103159,24,0,4.06,0,69.0,5.4,7.2,1,3.37,6.6,0,2,6.7,7,3,10,85,,2,1
103160,23,0,4.1,1,44.0,8.2,6.2,1,3.32,6.1,0,5,8.5,6,2,10,85,,1,0
103161,16,1,4.9,0,63.1,7.1,7.4,0,3.31,4.0,0,0,11.9,10,2,10,90,,1,0
103162,25,2,2.9,0,78.4,5.8,8.3,1,3.34,1.3,0,2,6.4,2,8,7,82,,2,0
103163,25,2,2.87,0,76.4,8.2,7.0,0,3.99,2.7,0,0,8.4,4,10,5,100,,2,1
103164,23,2,2.6,1,56.7,6.5,4.7,1,4.0,8.3,0,2,9.1,2,9,6,93,,2,1
103165,21,0,4.5,0,51.5,5.9,8.6,0,4.0,5.8,0,5,10.4,4,10,5,100,,2,1
103166,26,1,1.71,1,64.1,8.1,4.9,0,3.33,3.8,0,1,9.2,1,8,7,81,,3,1
103167,20,2,1.6,0,56.6,6.4,4.7,0,3.53,7.0,0,0,4.9,9,1,10,97,,3,1
103168,19,1,0.0,1,88.1,8.0,10.0,0,3.86,4.3,0,3,6.6,2,9,6,100,,2,0
103169,22,0,6.7,0,49.4,6.1,4.8,0,3.64,5.6,0,1,14.5,4,6,9,87,,1,1
103170,25,1,5.56,1,45.0,7.0,6.5,1,3.99,5.5,0,4,14.5,2,2,10,100,,2,0
103171,25,0,4.07,0,47.7,6.7,3.2,0,3.82,9.4,0,2,6.8,1,7,8,97,,3,0
103172,20,0,5.8,0,63.9,7.3,10.0,0,2.84,6.5,0,3,12.8,1,1,10,76,,2,1
103173,21,2,5.7,1,57.8,6.0,1.7,1,3.1,7.7,0,3,12.7,9,6,9,75,,1,0
103174,28,0,3.0,0,45.4,6.3,5.2,1,2.81,6.0,0,0,11.1,9,2,10,78,,2,0
103175,21,0,6.1,1,52.4,6.1,4.7,0,4.0,7.4,0,0,12.9,7,10,5,95,,2,0
103176,28,2,0.3,0,82.9,5.8,7.8,1,2.24,5.5,0,5,5.6,10,4,10,52,,3,1
103177,19,1,0.0,0,47.6,7.7,7.1,0,4.0,6.5,0,3,4.2,9,7,8,99,,2,1
103178,24,1,4.97,1,56.0,8.3,2.9,0,3.06,7.6,0,4,12.1,6,3,10,84,,3,0
103179,24,1,1.6,0,68.2,7.0,8.2,1,3.31,2.6,0,4,9.1,10,8,7,83,,1,0
103180,24,0,4.9,0,68.4,4.0,4.4,0,3.36,8.5,0,3,12.7,10,7,8,88,,3,0
103181,28,0,2.1,1,53.7,9.2,5.3,0,3.34,5.5,0,4,3.3,2,6,9,80,,1,1
103182,27,0,1.3,1,77.4,5.7,4.5,1,4.0,6.1,0,1,6.4,8,2,10,100,,3,1
103183,20,2,3.41,0,89.2,5.7,10.0,0,2.32,5.5,0,3,8.8,5,2,10,51,,3,0
103184,16,1,5.88,0,76.1,6.8,5.7,1,3.45,4.8,0,3,11.8,5,9,6,81,,2,1
103185,16,0,4.1,1,65.9,4.7,9.6,1,2.93,5.2,0,5,8.2,3,2,10,71,,2,1
103186,22,0,3.43,0,65.1,6.1,5.5,0,4.0,7.5,0,4,11.8,1,2,10,100,,3,1
103187,24,0,6.34,1,60.3,6.6,9.4,0,4.0,7.2,0,1,11.9,8,10,5,100,,1,1
103188,18,1,2.0,1,49.1,8.8,4.2,0,2.71,7.3,0,2,6.5,9,4,10,69,,2,0
103189,23,0,6.3,1,68.8,8.0,10.0,0,4.0,3.7,0,3,13.4,4,7,8,100,,3,0
103190,24,1,3.8,1,40.7,9.3,2.7,0,2.97,5.7,0,1,7.1,4,4,10,75,,2,0
103191,24,2,2.8,1,89.4,7.6,7.7,1,3.7,1.0,0,4,4.3,4,6,9,97,,3,0
103192,20,1,11.43,0,89.1,7.7,8.2,0,4.0,5.4,0,5,16.8,7,4,10,100,,2,1
103193,23,0,6.6,1,50.7,8.6,7.0,1,3.22,6.8,0,4,13.1,7,5,10,79,,2,0
103194,26,0,5.57,0,66.8,7.2,5.2,0,3.55,6.1,0,4,9.7,8,5,10,95,,0,1
103195,18,2,5.6,0,81.6,7.1,6.4,0,4.0,1.0,0,4,10.4,3,10,5,96,,1,0
103196,22,2,4.6,0,93.6,4.9,6.7,0,3.54,5.8,0,3,9.2,2,5,10,97,,2,0
103197,19,2,3.6,0,84.9,8.2,7.2,1,3.1,6.5,0,5,6.5,1,1,10,80,,2,1
103198,18,2,3.2,1,65.4,9.3,7.2,0,3.64,7.5,0,5,10.6,1,3,10,93,,1,1
103199,24,1,6.3,0,52.6,8.1,6.1,0,3.17,1.0,0,4,12.6,8,3,10,73,,3,0
103200,22,0,4.1,0,56.7,9.2,5.3,0,3.5,4.3,0,1,5.7,3,8,7,93,,2,1
103201,28,1,4.4,0,61.2,4.6,6.5,1,3.22,4.8,0,4,9.2,5,6,9,79,,1,1
103202,18,2,3.2,0,93.1,6.6,10.0,1,3.75,6.3,0,0,9.6,1,1,10,94,,2,1
103203,19,2,2.7,1,59.7,6.1,2.2,1,4.0,2.9,0,3,9.9,8,7,8,93,,2,0
103204,22,1,4.5,0,83.2,6.9,5.9,0,3.17,5.3,0,5,9.1,9,10,5,78,,3,1
103205,22,2,8.1,0,56.2,7.9,10.0,0,4.0,3.1,0,2,13.2,7,7,8,100,,2,0
103206,16,0,5.1,1,84.5,8.1,4.2,0,4.0,3.4,0,0,7.1,5,10,5,100,,2,1
103207,26,0,3.6,1,82.4,9.2,4.8,0,4.0,3.0,0,3,6.4,8,5,10,100,,2,1
103208,27,2,6.4,1,81.1,10.5,6.8,1,4.0,4.5,0,5,11.2,1,3,10,100,,3,1
103209,26,2,3.3,0,78.2,4.0,7.6,1,4.0,3.9,0,3,6.8,2,6,9,98,,2,1
103210,22,0,6.7,1,65.8,7.3,9.0,0,4.0,2.6,0,0,12.1,6,7,8,100,,1,0
103211,27,1,2.16,0,92.8,6.6,7.4,0,3.62,3.7,0,3,9.5,8,7,8,84,,2,1
103212,17,0,5.3,1,84.3,4.0,5.3,1,4.0,4.9,0,1,11.6,4,9,6,100,,1,1
103213,17,2,4.22,1,91.8,5.7,4.9,0,3.06,4.6,0,2,11.1,2,7,8,69,,3,1
103214,21,0,5.5,1,91.0,6.5,3.8,1,4.0,6.3,0,5,12.9,5,9,6,100,,2,1
103215,19,0,3.8,0,81.0,6.4,10.0,0,2.76,6.1,0,1,7.2,4,6,9,60,,1,1
103216,22,2,2.67,0,99.4,6.4,6.0,0,3.25,5.6,0,0,10.2,6,10,5,81,,1,1
103217,28,1,1.1,1,69.3,4.4,7.7,1,2.63,6.0,0,2,10.1,10,2,10,65,,1,1
103218,26,2,3.9,1,56.0,9.7,9.3,0,4.0,3.3,0,3,10.1,5,9,6,100,,2,1
103219,23,1,3.0,0,41.9,6.4,10.0,1,4.0,3.8,0,3,8.7,4,9,6,100,,2,1
103220,16,1,5.1,0,83.4,7.5,6.2,1,4.0,1.0,0,0,13.4,7,4,10,100,,2,1
103221,19,0,5.49,1,46.5,5.7,6.6,0,3.26,6.0,0,0,10.0,1,4,10,76,,3,1
103222,21,2,4.9,0,99.8,8.6,8.4,0,4.0,4.2,0,3,11.9,4,10,5,95,,3,1
103223,19,2,3.1,1,98.3,7.5,6.4,0,3.42,3.2,0,0,8.9,3,1,10,88,,1,1
103224,19,1,1.7,0,60.9,5.7,7.7,0,3.6,6.3,0,0,8.6,1,3,10,96,,1,0
103225,28,1,4.2,1,72.7,6.6,8.6,0,3.07,7.8,0,2,6.9,2,8,7,78,,2,0
103226,16,2,2.3,1,90.9,6.3,2.6,1,3.68,4.0,0,1,4.1,3,5,10,86,,2,1
103227,21,0,3.2,1,68.1,5.2,7.5,0,4.0,1.0,0,5,8.2,9,10,5,99,,1,0
103228,17,0,7.45,0,43.8,7.3,6.2,0,4.0,4.7,0,4,12.0,10,9,6,100,,1,0
103229,26,1,6.34,0,52.5,8.7,7.9,0,4.0,3.1,0,2,14.8,7,5,10,100,,1,1
103230,28,2,1.95,1,87.7,6.2,6.1,0,4.0,6.6,0,4,8.7,7,1,10,100,,0,1
103231,21,0,0.0,0,94.0,6.4,5.2,1,3.07,8.2,0,3,8.3,4,10,5,70,,3,1
103232,19,1,6.0,1,96.2,6.1,9.4,0,3.39,5.5,0,0,14.2,2,7,8,85,,2,0
103233,16,0,7.6,0,50.7,4.5,6.9,1,4.0,5.9,0,4,13.3,2,4,10,98,,0,1
103234,22,0,6.4,0,93.8,8.1,10.0,1,4.0,3.1,0,2,11.1,9,8,7,97,,1,0
103235,17,2,4.1,1,97.5,6.4,5.0,0,4.0,6.8,0,4,8.2,4,10,5,89,,1,1
103236,18,1,5.4,0,94.1,7.3,4.2,1,2.56,10.0,0,3,8.8,9,6,9,62,,2,1
103237,18,1,5.6,0,55.0,5.8,3.7,0,3.9,6.2,0,5,13.6,3,10,5,98,,2,1
103238,25,2,7.57,0,67.4,8.2,3.5,1,4.0,3.0,0,3,16.3,3,6,9,91,,1,1
103239,20,0,5.0,0,65.0,8.3,7.9,1,3.71,7.0,0,2,10.8,6,10,5,98,,3,0
103240,24,1,9.0,0,80.3,8.0,6.1,1,3.94,3.2,0,2,15.3,4,3,10,94,,2,1
103241,18,1,3.03,0,48.7,6.3,9.0,1,4.0,5.1,0,3,9.5,7,8,7,95,,3,1
103242,27,1,4.9,0,89.0,7.2,8.0,0,4.0,4.8,0,0,9.5,7,8,7,91,,1,1
103243,18,0,4.7,0,99.0,10.9,6.7,0,3.4,1.9,0,0,8.0,1,4,10,88,,1,1
103244,16,2,5.4,1,67.9,7.6,5.1,1,3.45,4.0,0,2,11.1,6,5,10,81,,2,1
103245,18,2,0.0,0,95.2,4.4,4.2,1,2.92,5.9,0,5,3.4,9,4,10,68,,2,0
103246,21,2,5.6,0,58.7,5.7,7.1,0,2.57,7.1,0,5,15.1,5,3,10,73,,1,1
103247,20,1,4.53,1,56.4,9.0,7.1,0,3.54,2.2,0,1,9.2,6,1,10,89,,3,0
103248,19,1,7.3,0,97.2,7.4,6.8,1,3.86,5.9,0,4,13.2,6,2,10,94,,3,1
103249,16,0,5.9,1,65.4,8.3,6.1,0,3.33,3.4,0,2,10.7,2,4,10,90,,1,0
103250,26,1,4.4,0,60.1,5.7,7.8,1,2.31,4.6,0,3,11.7,3,2,10,65,,3,1
103251,28,2,7.1,0,98.2,8.4,9.0,1,4.0,5.0,0,2,12.4,10,7,8,96,,2,1
103252,19,1,2.2,1,92.9,6.6,5.8,0,2.65,4.4,0,5,5.7,2,6,9,64,,0,1
103253,19,1,1.1,1,76.4,6.9,7.2,1,3.3,5.6,0,3,6.8,2,10,5,82,,1,0
103254,18,0,2.2,0,98.3,6.6,5.5,1,2.88,6.7,0,2,4.1,7,1,10,65,,0,0
103255,18,0,3.4,1,91.8,9.1,8.1,0,4.0,6.4,0,3,7.7,2,6,9,100,,0,1
103256,24,0,7.71,0,42.7,7.7,9.5,1,4.0,4.5,0,4,13.7,1,7,8,100,,1,0
103257,17,0,0.4,0,59.8,8.5,8.1,0,2.72,6.4,0,5,9.2,8,6,9,64,,2,0
103258,17,0,3.0,0,80.5,5.3,6.1,0,3.63,6.7,0,5,11.3,9,3,10,93,,1,1
103259,24,2,1.5,1,56.5,6.8,9.0,1,2.6,6.2,0,1,5.7,10,2,10,69,,1,0
103260,26,1,4.1,1,77.4,6.4,6.3,0,4.0,5.5,0,5,9.6,6,10,5,100,,1,0
103261,24,1,5.18,1,82.2,6.2,3.6,1,4.0,3.5,0,4,7.6,3,6,9,100,,1,1
103262,17,0,10.43,1,94.0,5.8,5.5,1,3.35,6.6,0,3,15.2,10,2,10,83,,2,1
103263,21,0,1.7,1,63.1,5.9,8.0,1,2.69,6.1,0,0,8.4,9,3,10,67,,1,1
103264,27,0,4.0,0,57.1,5.6,5.7,1,2.84,5.8,0,2,8.9,7,2,10,70,,2,1
103265,18,0,1.8,0,68.6,6.1,5.8,1,4.0,5.8,0,1,7.1,6,6,9,94,,0,1
103266,17,1,6.0,0,42.8,5.7,7.4,0,4.0,4.0,0,4,15.5,7,9,6,100,,1,1
103267,27,2,4.58,1,58.1,6.2,3.1,1,3.72,10.0,1,0,8.5,4,1,10,92,,3,1
103268,28,1,5.7,0,51.8,7.8,7.5,1,3.48,6.2,0,2,13.6,10,5,10,83,,2,1
103269,20,2,2.5,0,91.6,4.1,6.7,1,4.0,5.3,0,4,7.0,1,8,7,100,,2,1
103270,26,2,3.7,1,58.0,7.6,5.6,0,4.0,7.5,0,0,9.6,10,6,9,100,,0,1
103271,25,0,5.3,0,94.1,8.2,7.4,1,4.0,7.6,0,2,15.0,9,7,8,99,,2,0
103272,27,0,1.4,0,93.3,7.3,7.2,0,3.07,3.6,0,0,4.7,9,10,5,73,,3,0
103273,25,0,3.7,0,69.1,7.3,3.2,0,3.72,4.2,0,3,10.0,7,9,6,91,,1,0
103274,23,2,4.6,1,74.7,5.0,9.0,1,4.0,3.6,0,4,11.1,10,3,10,94,,1,0
103275,20,0,5.3,1,71.5,6.6,6.5,0,3.48,8.2,1,5,8.6,6,3,10,80,,2,1
103276,26,1,4.6,0,84.9,9.4,6.9,1,4.0,6.7,0,5,12.7,10,10,5,100,,0,1
103277,20,1,4.5,0,70.5,5.9,3.9,0,2.71,8.7,0,4,7.2,2,6,9,70,,3,0
103278,28,1,0.9,1,56.6,7.7,6.8,1,4.0,7.1,0,1,5.7,2,6,9,100,,2,1
103279,23,2,0.3,0,85.3,8.2,6.7,1,2.82,9.6,1,5,4.7,5,1,10,70,,1,0
103280,16,1,2.7,0,68.5,5.4,5.3,0,4.0,8.1,0,5,7.1,9,8,7,100,,1,1
103281,24,2,4.28,1,85.3,7.3,10.0,1,2.91,6.6,0,4,8.2,4,5,10,69,,1,1
103282,16,1,4.5,0,50.0,7.1,7.6,1,4.0,1.0,0,5,6.7,3,8,7,89,,1,0
103283,24,1,5.5,1,65.7,6.6,5.5,1,3.75,7.1,0,3,10.5,9,3,10,94,,2,0
103284,18,1,0.8,1,41.4,6.0,8.2,0,2.92,3.8,0,5,5.5,8,1,10,77,,1,1
103285,21,1,4.2,1,46.9,8.2,3.5,1,4.0,5.5,0,1,8.8,9,2,10,98,,1,0
103286,24,1,1.6,1,41.7,7.0,4.6,0,3.21,4.8,0,3,6.7,6,10,5,68,,1,1
103287,16,0,0.0,1,43.6,7.0,7.7,0,3.72,5.0,0,3,5.9,7,1,10,94,,2,0
103288,26,0,5.2,0,76.2,5.8,3.8,0,2.75,6.8,0,1,11.0,2,8,7,63,,1,1
103289,21,1,9.07,0,80.7,9.5,8.9,0,3.87,8.6,0,0,13.2,7,9,6,99,,0,0
103290,23,1,4.9,1,61.3,9.0,10.0,1,4.0,5.4,0,0,7.0,3,1,10,99,,1,0
103291,22,1,5.5,1,87.8,7.9,4.8,1,4.0,7.6,0,0,11.4,2,10,5,100,,1,1
103292,27,1,4.8,0,66.9,7.4,5.4,0,4.0,4.9,0,0,9.3,4,7,8,100,,3,0
103293,28,1,6.1,1,86.9,5.7,6.9,1,4.0,6.9,0,1,13.8,8,1,10,94,,2,1
103294,21,0,4.3,1,50.6,8.7,9.4,0,2.93,6.4,0,3,9.8,2,7,8,85,,1,0
103295,24,0,9.12,0,72.4,6.7,7.4,1,4.0,4.5,0,5,14.9,3,4,10,100,,3,0
103296,19,2,2.7,1,52.9,7.8,5.7,1,3.45,3.5,0,2,10.3,5,2,10,85,,1,1
103297,18,1,2.4,0,84.6,6.7,9.8,1,3.21,2.1,0,0,7.4,5,10,5,79,,2,1
103298,17,1,5.1,0,47.5,7.0,4.7,0,2.83,5.5,0,4,8.5,6,6,9,64,,2,0
103299,23,2,2.5,0,83.2,6.9,9.6,1,3.82,3.5,0,3,6.1,5,6,9,90,,2,1
103300,19,0,4.0,0,81.0,5.2,9.9,1,4.0,6.7,0,2,11.5,7,7,8,100,,2,1
103301,25,1,0.0,0,89.6,6.0,7.4,1,2.61,3.6,0,1,2.2,4,1,10,52,,3,0
103302,19,2,1.7,0,81.1,8.8,5.7,0,3.44,6.4,0,5,8.6,3,2,10,85,,2,0
103303,22,1,4.8,1,85.2,6.4,5.8,0,4.0,3.8,0,5,10.7,2,2,10,92,,1,0
103304,16,0,5.5,1,41.2,7.5,6.9,1,3.11,9.0,0,2,11.1,5,7,8,80,,1,1
103305,16,1,1.1,0,46.6,7.1,4.0,1,3.55,5.6,0,5,4.8,3,8,7,89,,1,1
103306,25,1,8.16,1,86.5,9.4,7.0,1,4.0,5.2,0,4,13.9,10,1,10,96,,2,1
103307,19,0,4.4,1,44.2,9.1,3.8,1,3.24,7.0,0,3,9.6,1,3,10,82,,1,0
103308,25,1,3.6,1,51.1,9.6,7.0,0,3.25,10.0,0,1,12.8,3,8,7,82,,0,1
103309,22,2,3.8,0,87.9,6.0,8.4,1,3.62,1.0,0,3,8.2,6,3,10,85,,2,1
103310,24,0,1.1,0,52.4,6.8,5.6,0,3.99,1.6,0,4,6.8,5,3,10,100,,2,1
103311,28,0,6.5,0,55.7,4.8,2.5,0,2.63,6.0,0,4,13.5,7,5,10,65,,1,0
103312,19,0,3.54,1,70.5,6.5,4.8,1,4.0,5.7,0,5,6.7,3,5,10,100,,1,1
103313,25,0,6.2,1,79.0,9.1,7.2,1,4.0,5.7,0,2,13.5,8,2,10,100,,1,0
103314,23,1,1.8,1,53.9,7.1,5.3,1,3.03,8.7,0,5,11.5,5,10,5,80,,1,0
103315,22,0,3.2,1,57.8,5.2,6.2,1,3.39,7.8,0,4,10.1,6,8,7,93,,2,1
103316,19,1,5.4,1,89.1,7.8,6.7,0,4.0,6.2,0,5,10.2,6,10,5,99,,1,0
103317,19,1,5.6,0,60.8,5.6,5.9,1,3.57,4.7,0,4,13.9,9,3,10,93,,2,0
103318,28,1,1.2,1,48.7,5.0,10.0,0,2.4,4.1,0,4,7.1,10,2,10,72,,1,0
103319,22,2,2.9,0,93.4,9.6,6.1,0,4.0,5.6,0,3,9.6,6,9,6,99,,1,0
103320,16,1,5.0,0,78.7,7.7,5.7,0,4.0,2.8,0,5,10.1,9,6,9,100,,3,0
103321,18,1,4.0,1,93.0,6.8,5.4,0,3.2,5.0,0,0,10.9,4,3,10,81,,2,1
103322,27,0,4.1,1,62.3,7.0,8.5,1,3.77,4.6,0,0,5.7,10,2,10,96,,1,1
103323,26,2,2.8,1,69.3,6.4,7.2,0,3.52,2.5,0,0,5.8,9,8,7,97,,3,0
103324,22,0,2.3,0,77.2,7.0,6.4,1,3.79,3.0,0,5,7.7,1,1,10,100,,1,1
103325,21,2,4.76,1,62.1,11.0,6.8,0,3.55,4.5,0,1,10.6,1,7,8,86,,3,0
103326,18,2,4.13,0,50.2,5.4,9.9,1,3.36,3.8,0,1,8.6,6,1,10,84,,1,1
103327,17,1,3.2,0,98.7,6.0,9.1,0,3.3,5.4,0,1,6.6,6,8,7,82,,3,1
103328,28,1,7.4,1,91.7,7.0,5.9,1,4.0,5.9,0,1,15.6,4,9,6,100,,1,1
103329,18,1,0.5,0,42.9,5.9,8.1,1,2.6,5.4,0,2,6.7,9,8,7,69,,3,1
103330,22,1,3.7,1,63.8,6.3,8.3,0,4.0,4.3,0,2,6.0,2,8,7,98,,2,0
103331,26,2,0.0,0,85.5,7.0,7.6,0,2.45,5.6,0,3,2.9,8,3,10,57,,1,1
103332,19,1,3.8,0,89.2,6.4,6.1,0,2.87,4.9,0,1,7.3,9,2,10,71,,3,1
103333,19,0,4.4,1,78.3,5.1,5.9,1,4.0,5.1,0,5,10.9,6,10,5,96,,1,0
103334,28,0,4.6,0,97.3,8.2,5.3,0,3.32,6.5,0,4,12.9,9,8,7,73,,2,1
103335,26,1,6.6,1,90.6,7.4,4.4,1,4.0,2.4,0,3,15.6,6,7,8,91,,2,1
103336,22,2,5.9,0,82.4,7.8,9.5,1,4.0,4.6,0,1,12.3,5,10,5,100,,2,1
103337,22,0,1.2,0,58.4,4.8,9.2,1,2.45,4.0,0,4,5.7,1,3,10,69,,1,1
103338,27,0,3.5,0,75.7,6.6,5.4,1,3.42,6.7,0,0,11.6,10,10,5,81,,3,0
103339,16,0,5.4,1,58.6,5.2,10.0,1,3.49,5.3,0,1,7.1,10,8,7,80,,2,1
103340,24,1,4.9,1,88.2,7.1,5.3,0,3.23,4.9,0,3,11.3,5,4,10,77,,0,1
103341,19,2,1.0,0,62.3,9.8,6.5,1,3.53,5.6,0,1,8.2,6,10,5,80,,0,0
103342,27,2,2.9,1,82.1,9.0,8.0,0,3.44,5.4,0,4,8.9,9,1,10,100,,2,1
103343,18,2,5.63,0,76.9,8.0,9.0,1,2.85,4.7,0,0,8.6,4,7,8,74,,3,0
103344,17,1,3.5,1,70.0,8.7,6.5,1,3.02,3.4,0,5,10.4,7,3,10,67,,2,0
103345,17,1,6.6,1,77.3,8.0,7.0,0,3.29,5.9,0,0,9.4,2,10,5,84,,1,1
103346,23,1,3.3,0,93.3,6.0,5.4,1,4.0,4.3,0,0,6.6,3,8,7,100,,1,1
103347,16,2,4.3,0,86.3,5.1,5.3,1,2.82,7.2,0,2,11.3,10,4,10,71,,2,0
103348,25,0,1.1,1,62.9,7.0,7.9,0,4.0,6.1,0,3,7.7,7,7,8,100,,1,0
103349,24,2,2.5,1,53.4,7.1,1.1,0,3.77,8.4,0,2,7.5,9,5,10,90,,1,1
103350,28,1,6.4,1,91.9,8.5,3.3,1,4.0,2.4,0,0,9.1,6,5,10,100,,2,1
103351,28,1,3.0,1,78.9,5.4,7.5,1,3.19,4.8,0,4,10.2,4,7,8,78,,1,1
103352,21,1,3.7,1,84.5,9.1,8.4,0,4.0,5.5,0,0,6.3,6,6,9,98,,1,1
103353,27,1,4.5,1,88.2,5.1,6.5,1,4.0,6.6,0,2,13.7,2,7,8,100,,1,1
103354,25,1,5.8,0,88.5,5.7,6.7,1,2.83,8.1,1,5,10.5,4,1,10,74,,2,1
103355,18,2,3.31,0,99.7,5.9,8.7,1,3.53,5.2,0,1,10.8,8,6,9,78,,2,1
103356,17,1,2.7,0,94.7,6.5,8.8,0,4.0,1.0,0,2,6.3,2,7,8,93,,2,1
103357,16,2,3.6,0,80.4,5.4,6.1,1,4.0,4.5,0,2,11.9,1,4,10,95,,2,1
103358,18,0,1.8,0,80.0,5.9,6.8,1,4.0,3.6,0,2,7.8,3,9,6,100,,0,0
103359,16,1,5.6,1,53.6,6.7,6.2,1,3.45,2.8,0,1,11.0,4,3,10,82,,3,1
103360,17,0,6.6,1,97.7,5.8,7.6,1,4.0,4.5,0,1,14.1,6,1,10,93,,2,1
103361,24,1,5.63,0,47.7,4.0,6.1,1,3.29,6.9,0,3,12.4,10,7,8,83,,3,1
103362,17,1,1.5,0,76.4,7.6,8.3,1,3.68,7.8,0,5,9.8,3,4,10,87,,3,1
103363,27,2,9.8,0,52.9,6.5,4.9,0,4.0,6.5,0,4,19.6,3,8,7,100,,2,1
103364,28,2,2.7,0,69.2,5.7,4.2,0,2.74,8.9,1,5,6.0,2,1,10,79,,3,1
103365,20,2,2.6,0,87.6,7.3,5.5,0,2.77,4.2,0,4,7.2,2,5,10,74,,1,1
103366,20,0,8.6,0,98.3,6.7,6.1,0,3.28,4.5,0,2,11.8,5,3,10,80,,1,1
103367,16,0,5.58,1,45.5,4.6,7.0,1,3.58,4.0,0,5,14.5,6,6,9,88,,0,1
103368,16,1,4.2,0,47.7,8.8,10.0,1,3.53,2.3,0,4,10.7,10,6,9,84,,2,0
103369,23,2,1.3,0,64.9,4.0,6.9,0,3.6,1.0,0,2,9.2,8,5,10,94,,2,0
103370,17,0,4.9,0,74.5,7.1,10.0,0,3.11,4.3,0,5,12.9,7,5,10,79,,3,1
103371,25,0,7.5,1,93.0,6.1,5.0,0,3.59,7.8,0,5,14.0,6,4,10,91,,2,1
103372,17,0,7.2,0,61.0,5.6,8.5,0,4.0,4.6,0,4,11.2,5,8,7,100,,2,0
103373,20,2,2.41,0,99.4,4.5,7.3,0,2.86,4.8,0,1,6.2,2,5,10,78,,3,1
103374,27,2,4.0,0,53.4,10.0,8.7,0,3.62,1.1,0,4,6.7,9,8,7,95,,2,1
103375,24,2,2.8,1,49.1,8.1,3.5,1,2.81,7.9,0,4,8.3,5,1,10,74,,1,1
103376,16,2,3.03,1,47.6,5.6,6.4,0,3.7,5.3,0,5,6.2,7,9,6,89,,3,0
103377,16,0,5.1,0,72.3,4.7,7.9,0,4.0,6.5,0,1,10.7,5,7,8,91,,2,1
103378,16,2,1.2,1,48.0,9.4,4.1,0,2.98,8.3,0,3,9.9,5,8,7,78,,2,0
103379,20,2,3.5,1,87.2,8.0,9.6,0,3.82,3.8,0,1,7.8,1,10,5,97,,2,1
103380,24,1,0.0,1,87.9,6.2,4.2,0,3.53,5.4,0,4,3.2,9,8,7,95,,0,0
103381,23,0,6.7,0,48.2,7.4,5.9,0,4.0,4.1,0,5,15.6,2,10,5,97,,1,0
103382,25,2,1.5,0,81.8,7.8,7.2,1,4.0,3.8,0,0,7.5,5,10,5,96,,1,0
103383,27,0,5.82,1,69.6,6.3,7.5,1,3.99,4.5,0,1,14.3,7,7,8,100,,1,1
103384,28,0,4.2,1,77.3,6.7,5.8,0,3.61,4.1,0,0,13.5,2,5,10,93,,3,1
103385,16,1,5.2,0,42.7,6.9,6.7,0,3.93,6.2,0,0,8.6,9,3,10,87,,2,1
103386,18,2,4.6,0,93.0,5.5,9.0,1,4.0,3.2,0,4,11.1,1,9,6,95,,0,1
103387,17,2,0.0,0,92.8,8.0,6.7,1,3.59,5.8,0,3,5.7,1,1,10,91,,1,0
103388,21,2,3.7,0,99.6,6.0,9.0,0,3.23,3.1,0,0,6.3,5,8,7,88,,2,0
103389,21,1,6.3,0,73.6,8.6,6.4,1,4.0,1.6,0,3,10.7,1,10,5,100,,1,1
103390,18,0,2.4,1,51.5,9.0,7.1,1,4.0,4.0,0,0,5.1,7,7,8,100,,0,0
103391,21,0,4.0,1,68.8,5.8,7.4,0,4.0,6.1,0,1,11.6,1,9,6,90,,1,1
103392,23,2,1.9,0,92.0,8.7,9.0,1,2.74,6.2,0,3,6.9,2,4,10,77,,2,1
103393,27,1,1.8,1,55.2,6.1,5.3,1,4.0,3.4,0,1,11.3,5,7,8,96,,3,0
103394,22,2,2.6,0,100.0,7.9,7.6,1,4.0,3.5,0,4,7.3,9,1,10,100,,3,1
103395,24,2,5.2,0,93.4,7.5,7.0,0,3.13,6.0,0,5,12.0,4,1,10,80,,2,1
103396,16,0,4.9,1,97.9,7.4,4.2,1,3.08,7.3,0,5,11.9,4,3,10,76,,2,1
103397,26,0,7.7,1,88.5,6.4,8.2,1,4.0,4.9,0,4,14.2,7,10,5,97,,2,0
103398,17,2,1.65,0,70.0,8.6,4.8,0,4.0,4.3,0,1,11.3,1,10,5,99,,1,1
103399,18,2,5.2,1,82.6,6.8,6.1,1,4.0,3.8,0,0,12.5,3,3,10,99,,1,0
103400,24,0,3.62,0,74.7,4.8,5.4,1,4.0,4.4,0,2,7.4,4,8,7,100,,0,0
103401,23,2,4.0,0,77.0,7.1,10.0,0,4.0,6.9,0,0,6.6,4,10,5,97,,0,0
103402,16,0,4.33,0,42.1,4.6,5.2,1,4.0,4.1,0,2,9.4,8,4,10,97,,1,1
103403,16,0,5.9,1,91.3,4.6,7.2,0,4.0,5.2,0,4,13.2,2,5,10,100,,2,1
103404,19,1,4.6,1,67.7,8.2,7.3,0,3.99,6.4,0,5,7.7,3,9,6,100,,1,0
103405,28,2,3.5,0,76.2,10.0,8.4,0,3.44,3.7,0,1,10.1,1,9,6,80,,1,1
103406,24,2,2.7,0,52.4,4.3,9.8,1,4.0,3.8,0,0,9.0,2,5,10,100,,2,1
103407,16,2,6.9,0,64.8,6.4,5.2,0,3.68,4.5,0,2,11.5,9,10,5,88,,2,0
103408,22,0,2.9,0,88.5,9.7,4.6,0,4.0,8.3,0,4,8.3,6,8,7,100,,0,0
103409,20,2,3.28,1,41.7,8.3,7.8,1,3.62,5.9,0,1,4.5,7,7,8,95,,2,1
103410,19,1,2.5,1,48.7,6.2,5.7,1,3.28,6.5,0,1,7.9,8,4,10,78,,2,0
103411,23,0,4.8,0,78.6,7.2,6.4,1,3.35,5.0,0,5,8.8,7,9,6,85,,1,0
103412,17,0,1.4,0,98.4,5.8,8.2,0,3.04,6.4,0,4,6.3,7,2,10,82,,3,1
103413,19,2,5.5,0,67.8,5.9,5.6,0,3.5,5.7,0,2,10.0,7,6,9,77,,0,1
103414,25,1,6.2,1,65.0,7.2,8.9,0,3.44,6.1,0,2,14.9,3,10,5,82,,2,1
103415,17,1,4.7,0,50.9,6.1,7.7,1,3.31,7.0,0,1,8.7,9,8,7,84,,1,0
103416,25,2,5.92,1,54.1,8.0,7.2,1,4.0,7.8,0,4,9.8,9,7,8,93,,1,1
103417,21,2,2.5,0,52.5,4.0,5.5,0,2.61,8.3,0,5,5.8,6,8,7,61,,1,1
103418,27,1,1.9,1,91.5,7.2,9.1,0,4.0,7.1,0,5,9.2,1,8,7,97,,2,0
103419,21,0,3.3,1,48.8,9.6,4.8,1,3.21,5.5,0,4,7.5,1,8,7,75,,2,0
103420,19,1,3.8,0,65.9,7.6,8.9,1,3.58,2.7,0,4,12.4,6,10,5,91,,3,0
103421,22,1,1.6,0,54.5,6.5,8.0,0,2.43,4.9,0,5,6.5,2,2,10,64,,2,1
103422,21,2,2.9,1,44.1,6.0,6.2,0,2.9,4.8,0,0,8.2,4,6,9,81,,3,1
103423,23,1,0.7,0,99.3,6.3,5.8,0,3.68,8.6,1,2,5.5,5,1,10,97,,1,1
103424,26,1,1.2,0,58.2,7.7,3.4,1,4.0,7.2,0,4,5.3,3,8,7,97,,1,1
103425,28,1,3.7,0,50.2,5.7,8.9,0,3.58,1.4,0,3,8.1,2,7,8,87,,1,1
103426,26,2,5.4,0,69.1,7.8,3.3,1,3.45,6.4,0,1,8.4,10,9,6,76,,3,1
103427,24,1,8.1,0,52.8,5.8,8.7,1,3.54,2.9,0,2,14.2,3,4,10,98,,1,1
103428,20,1,1.9,1,42.7,8.3,6.9,0,3.89,2.9,0,0,6.5,3,10,5,96,,3,0
103429,25,2,1.4,1,54.6,6.3,8.9,1,3.01,6.6,0,2,6.1,7,2,10,84,,0,1
103430,21,0,5.76,0,58.4,6.6,7.7,0,4.0,2.4,0,1,14.5,5,10,5,100,,3,1
103431,28,2,4.3,0,67.4,4.5,5.1,1,2.51,7.6,0,1,12.3,9,6,9,67,,2,0
103432,19,1,1.5,0,48.2,6.0,9.0,1,2.84,7.7,0,0,4.4,1,9,6,68,,2,0
103433,22,1,5.3,0,45.0,9.8,6.4,1,4.0,8.7,1,3,11.1,9,2,10,88,,3,1
103434,16,0,3.5,1,70.0,7.4,3.3,0,4.0,5.1,0,5,9.6,1,10,5,98,,3,0
103435,27,1,5.37,0,94.1,8.5,10.0,1,2.71,5.3,0,0,11.3,9,3,10,73,,3,1
103436,19,0,4.3,0,44.2,4.6,6.7,1,3.59,6.4,0,4,11.3,4,7,8,95,,2,1
103437,21,2,5.0,1,55.1,5.6,4.4,0,2.91,2.3,0,5,11.3,10,4,10,70,,3,1
103438,22,2,1.3,1,62.6,7.4,7.4,1,3.52,4.2,0,3,6.4,3,4,10,88,,2,0
103439,26,2,4.5,0,50.8,7.3,8.8,1,3.1,2.3,0,4,14.3,5,5,10,77,,3,0
103440,23,1,5.2,1,90.1,9.1,5.2,0,3.15,4.9,0,3,11.8,9,5,10,77,,2,1
103441,19,2,2.7,1,51.4,8.0,5.2,1,4.0,3.8,0,0,9.8,5,3,10,97,,2,1
103442,24,2,8.6,0,64.6,4.0,6.8,1,4.0,7.2,0,3,13.7,7,10,5,94,,2,1
103443,21,0,4.1,1,68.5,9.0,5.0,0,3.01,5.2,0,3,9.5,10,7,8,81,,2,1
103444,17,1,1.9,0,51.3,8.1,6.7,1,4.0,3.1,0,3,8.6,2,8,7,100,,2,0
103445,22,2,5.8,0,58.9,5.7,6.3,1,3.53,3.8,0,5,13.4,8,9,6,94,,2,1
103446,24,1,0.3,0,60.5,7.4,1.0,0,4.0,5.9,0,4,6.4,3,8,7,96,,1,1
103447,25,2,7.3,0,57.5,8.0,6.2,1,4.0,3.2,0,4,12.4,7,9,6,100,,2,1
103448,20,0,7.71,0,70.9,7.1,6.6,0,4.0,5.1,0,2,13.1,2,6,9,92,,2,1
103449,22,1,6.4,0,86.4,6.2,9.0,0,4.0,7.0,0,4,11.2,4,8,7,100,,3,1
103450,23,2,3.1,1,93.5,9.2,6.3,0,4.0,3.7,0,5,8.5,1,7,8,99,,2,0
103451,17,2,5.9,0,88.0,4.0,7.1,0,3.19,5.7,0,0,11.3,8,3,10,69,,2,1
103452,25,1,5.1,1,56.9,9.3,7.4,1,4.0,8.3,0,2,8.5,1,10,5,90,,1,0
103453,23,1,1.8,0,73.7,9.2,3.3,1,3.7,4.9,0,4,9.1,7,8,7,96,,3,1
103454,21,0,7.9,0,98.9,7.1,10.0,1,4.0,3.2,0,4,15.2,2,10,5,100,,0,1
103455,27,0,3.1,0,93.3,5.9,7.8,1,3.98,5.2,0,2,10.2,3,8,7,100,,3,1
103456,17,0,8.0,1,48.3,7.2,8.0,0,3.88,2.2,0,1,11.5,7,7,8,96,,2,1
103457,27,0,1.4,0,75.6,8.3,7.0,1,3.69,6.6,0,5,8.2,1,9,6,92,,1,1
103458,22,2,3.9,1,88.6,5.9,5.9,1,3.9,7.6,0,2,12.2,7,7,8,99,,3,1
103459,17,1,4.5,1,77.0,7.5,8.1,0,3.06,5.7,0,4,12.7,2,1,10,78,,1,0
103460,24,0,4.81,0,73.1,7.5,8.7,1,3.51,5.1,0,5,14.6,4,8,7,92,,1,1
103461,17,2,2.4,1,87.4,7.1,2.7,1,4.0,1.0,0,2,4.4,4,5,10,98,,1,1
103462,16,0,7.8,1,96.7,9.2,6.0,1,4.0,7.4,0,2,13.9,6,10,5,100,,3,1
103463,22,2,5.5,0,53.4,9.3,6.7,1,3.03,5.1,0,2,12.2,3,6,9,74,,2,1
103464,27,1,2.4,1,97.2,6.2,6.9,1,4.0,4.2,0,0,10.3,2,7,8,100,,3,1
103465,27,0,3.6,0,40.6,8.0,10.0,1,3.0,4.9,0,2,13.3,1,5,10,72,,1,1
103466,22,1,3.0,1,77.3,4.7,9.6,0,4.0,2.2,0,0,9.3,8,3,10,100,,0,1
103467,18,1,1.9,0,66.7,6.3,6.2,0,4.0,5.7,0,5,3.6,2,6,9,98,,2,0
103468,18,2,6.2,1,69.5,8.4,10.0,0,4.0,2.3,0,4,11.1,3,7,8,99,,2,1
103469,23,2,4.5,1,68.8,6.2,5.1,1,3.38,3.6,0,1,9.0,4,9,6,82,,2,1
103470,26,0,2.91,1,41.6,6.0,6.6,0,4.0,2.8,0,2,10.2,5,5,10,100,,2,1
103471,22,2,1.8,1,77.3,4.5,5.2,0,4.0,4.7,0,2,7.6,10,7,8,100,,1,0
103472,26,0,3.6,0,75.7,6.1,7.7,1,4.0,6.6,0,2,9.6,3,8,7,100,,0,1
103473,24,2,6.6,1,48.3,8.1,5.9,1,4.0,5.9,0,2,12.4,6,4,10,100,,2,0
103474,25,0,6.2,0,79.5,6.9,8.6,0,3.45,5.3,0,0,10.8,2,7,8,90,,1,1
103475,21,1,4.3,0,57.0,8.4,5.8,0,3.49,1.0,0,0,8.7,5,9,6,89,,3,1
103476,21,1,5.1,0,50.0,4.0,8.5,1,3.29,6.4,0,2,7.1,10,6,9,92,,3,1
103477,21,2,7.6,0,64.7,4.4,3.9,1,3.85,5.1,0,2,11.7,4,9,6,99,,3,0
103478,25,0,3.9,0,92.4,10.4,8.4,1,4.0,3.3,0,0,8.2,2,9,6,100,,1,0
103479,22,2,4.8,1,65.1,7.0,7.7,1,4.0,4.1,0,1,11.8,6,2,10,100,,1,1
103480,20,0,4.9,1,98.3,6.2,8.2,1,2.64,6.2,0,4,6.2,4,1,10,74,,2,1
103481,17,2,2.5,0,81.6,6.6,8.8,0,3.62,4.3,0,1,8.9,2,3,10,83,,2,1
103482,26,0,2.1,1,75.5,6.7,1.7,0,4.0,4.2,0,2,6.9,3,8,7,100,,3,1
103483,20,0,3.0,0,93.4,8.5,4.3,1,4.0,4.7,0,2,11.4,6,9,6,100,,3,0
103484,17,0,4.8,1,40.7,4.0,9.4,0,2.64,7.1,0,0,12.1,10,3,10,63,,1,1
103485,21,2,2.7,1,56.5,5.4,10.0,1,2.77,3.8,0,5,8.1,6,4,10,60,,3,1
103486,23,2,3.4,1,93.5,8.2,4.6,0,3.35,4.7,0,2,8.0,5,10,5,79,,1,1
103487,28,2,7.8,0,92.2,6.0,6.1,1,4.0,5.4,0,3,15.3,6,9,6,95,,3,1
103488,22,0,4.1,0,55.2,6.2,6.9,0,3.45,5.0,0,3,12.6,10,6,9,92,,2,0
103489,18,2,7.3,0,47.6,8.9,1.6,0,4.0,4.6,0,4,14.8,1,3,10,97,,2,1
103490,23,0,6.1,0,70.1,6.6,6.8,1,4.0,5.1,0,3,12.8,8,5,10,93,,2,0
103491,22,0,2.5,1,82.5,7.6,5.0,0,3.66,8.3,0,5,10.1,7,8,7,96,,3,1
103492,19,1,6.0,0,86.4,5.7,6.0,1,3.49,8.5,0,3,12.4,8,4,10,85,,2,1
103493,28,0,4.07,0,89.5,8.5,5.8,0,3.77,3.4,0,4,7.1,1,7,8,92,,3,1
103494,20,0,4.9,0,46.4,9.2,8.4,1,4.0,3.6,0,4,11.1,8,8,7,100,,1,1
103495,28,0,5.4,1,80.3,10.1,6.4,1,3.54,8.5,1,0,10.9,10,1,10,93,,3,0
103496,18,2,6.0,0,45.9,5.4,4.8,0,3.63,3.1,0,0,12.6,6,3,10,93,,3,0
103497,18,0,1.5,1,72.7,8.9,3.4,0,3.89,5.2,0,4,6.6,6,7,8,97,,2,1
103498,20,0,4.0,0,70.7,7.4,5.0,0,2.97,5.4,0,4,8.3,2,1,10,71,,3,1
103499,22,0,7.0,0,85.3,6.6,2.9,0,4.0,7.5,0,0,12.9,10,9,6,100,,1,0
103500,19,1,4.5,0,56.7,7.4,5.3,1,4.0,7.2,0,5,11.7,2,3,10,98,,3,0
103501,22,1,2.7,0,84.9,5.2,7.7,1,4.0,3.5,0,4,8.5,6,10,5,100,,1,1
103502,27,1,8.3,1,97.1,7.6,6.3,0,4.0,3.6,0,4,10.8,10,8,7,100,,2,1
103503,23,1,2.0,0,52.2,7.3,3.4,1,2.49,8.3,1,2,7.9,8,2,10,56,,2,0
103504,27,0,2.74,1,67.0,9.9,5.9,0,3.66,1.0,0,5,7.3,8,2,10,91,,2,0
103505,28,0,4.3,1,64.4,5.2,7.3,0,3.03,2.8,0,3,10.3,9,4,10,79,,2,0
103506,17,1,6.47,1,60.4,6.8,5.1,1,3.67,3.4,0,1,13.4,10,7,8,93,,1,0
103507,19,0,4.6,1,81.6,4.0,4.4,0,4.0,5.4,0,2,8.9,5,4,10,100,,3,1
103508,26,0,2.7,1,56.7,8.0,9.5,0,3.44,6.5,0,5,10.2,2,1,10,84,,0,1
103509,18,2,6.5,0,91.1,7.8,7.7,1,4.0,7.5,0,4,14.5,6,9,6,100,,2,1
103510,18,1,4.3,1,75.8,5.3,8.2,1,4.0,7.3,0,3,11.5,4,2,10,100,,3,1
103511,28,2,2.4,0,93.5,6.4,6.4,1,3.46,3.6,0,2,8.4,8,9,6,83,,3,1
103512,27,0,5.3,0,41.0,6.7,5.3,1,3.48,7.0,0,3,10.9,1,3,10,91,,2,1
103513,26,1,8.3,1,46.2,6.4,6.8,1,4.0,6.3,0,4,14.2,6,6,9,100,,2,1
103514,17,1,3.8,1,68.7,6.0,9.0,1,2.43,5.6,0,0,13.3,1,3,10,56,,2,0
103515,16,1,2.8,1,81.9,6.7,7.8,0,3.75,4.1,0,0,7.0,4,6,9,100,,2,1
103516,25,1,8.4,0,40.1,5.1,7.4,0,3.6,6.9,0,3,12.6,8,7,8,100,,2,0
103517,22,0,4.72,1,90.9,4.0,3.6,0,3.61,7.5,0,3,11.5,3,8,7,87,,2,0
103518,17,1,9.0,1,49.3,6.6,6.5,1,3.98,7.9,0,2,13.3,4,6,9,95,,2,1
103519,17,2,3.8,1,54.4,6.8,7.0,0,4.0,6.5,0,1,11.0,6,9,6,100,,2,1
103520,20,2,3.5,1,44.5,7.0,6.2,0,4.0,5.9,0,3,8.6,2,2,10,100,,2,1
103521,19,2,4.1,1,79.1,8.3,7.8,1,2.97,6.1,0,0,7.9,8,5,10,76,,2,0
103522,28,1,1.09,0,95.6,7.4,4.8,1,2.98,4.8,0,2,11.0,7,5,10,79,,0,0
103523,25,0,6.1,1,52.6,4.8,8.9,1,3.51,3.7,0,4,12.7,9,2,10,90,,3,1
103524,21,2,4.1,0,69.0,6.2,9.7,0,3.68,6.8,0,2,11.3,9,7,8,85,,3,1
103525,17,1,3.4,0,65.6,4.0,7.5,0,3.2,4.0,0,4,8.0,9,1,10,91,,1,1
103526,17,0,3.2,0,79.1,6.7,6.7,1,2.96,5.3,0,2,6.8,7,2,10,72,,2,1
103527,26,2,3.1,0,86.9,4.9,5.8,1,3.49,5.8,0,0,8.7,1,5,10,84,,2,1
103528,17,2,6.39,0,41.4,6.4,5.1,1,4.0,2.1,0,1,11.9,3,5,10,96,,1,0
103529,25,0,4.6,1,84.7,7.3,8.9,1,2.84,5.5,0,2,11.7,3,8,7,74,,1,0
103530,26,1,2.9,1,60.3,6.3,6.2,1,3.34,1.4,0,0,9.1,10,8,7,91,,0,1
103531,16,1,4.0,0,74.2,7.4,10.0,0,2.71,6.9,0,0,8.7,9,7,8,79,,2,0
103532,23,1,6.7,1,66.1,9.7,6.1,0,4.0,4.1,0,2,11.7,2,5,10,90,,1,0
103533,17,2,2.1,0,56.5,5.9,7.3,1,2.92,3.4,0,1,10.3,8,4,10,71,,1,0
103534,24,1,4.0,0,82.0,6.6,8.4,0,2.9,1.2,0,1,12.0,5,3,10,77,,1,1
103535,27,0,4.3,1,65.6,7.1,8.3,0,3.37,6.3,0,5,11.9,4,9,6,78,,1,1
103536,25,1,0.8,0,52.2,4.5,9.0,1,3.11,2.7,0,4,7.4,10,6,9,88,,2,1
103537,27,2,4.25,1,100.0,7.9,7.4,1,4.0,3.3,0,4,9.9,7,5,10,100,,2,1
103538,24,1,3.52,0,46.4,6.9,6.1,0,3.19,2.1,0,1,9.6,9,8,7,76,,1,1
103539,25,1,4.3,1,41.7,4.7,7.6,1,3.73,4.4,0,2,11.3,2,3,10,89,,2,0
103540,17,1,6.3,1,99.1,4.5,6.9,0,2.89,8.9,0,4,14.3,10,7,8,74,,1,0
103541,24,2,0.8,0,86.1,6.1,7.7,1,3.17,2.7,0,3,3.7,5,5,10,81,,2,1
103542,28,1,4.8,1,97.8,5.5,3.1,0,3.1,7.3,0,0,11.6,6,5,10,85,,1,1
103543,16,0,5.6,1,90.8,4.5,5.0,0,4.0,4.6,0,1,9.6,3,10,5,100,,2,1
103544,18,2,6.2,0,87.6,6.7,5.4,1,3.71,4.8,0,5,11.4,10,3,10,88,,1,1
103545,28,2,0.6,1,88.6,9.7,4.4,1,3.23,6.2,0,0,7.3,2,5,10,83,,2,0
103546,21,2,2.9,0,44.4,6.4,8.0,1,4.0,4.7,0,0,9.5,4,9,6,98,,2,0
103547,27,2,5.3,0,88.0,7.0,6.3,0,4.0,4.7,0,0,12.0,3,4,10,96,,0,0
103548,22,0,5.7,1,82.6,6.4,6.4,1,2.92,1.3,0,1,10.3,6,1,10,76,,2,1
103549,18,0,7.0,0,68.2,7.1,7.7,0,3.81,7.1,0,4,11.3,1,10,5,96,,2,0
103550,23,1,6.3,0,97.4,7.8,7.3,1,3.13,4.1,0,3,8.6,7,7,8,86,,2,1
103551,25,1,6.7,1,92.4,4.2,8.2,0,4.0,5.9,0,5,16.5,3,6,9,100,,1,0
103552,22,2,5.9,0,98.5,7.1,4.1,0,3.07,3.5,0,3,8.3,1,3,10,84,,2,1
103553,23,1,3.7,1,97.2,6.1,7.1,1,2.85,4.1,0,2,9.6,8,3,10,70,,1,1
103554,18,2,4.8,0,73.1,7.7,7.2,0,3.83,4.5,0,1,6.7,2,2,10,100,,2,0
103555,28,1,1.7,0,58.3,9.8,7.3,1,4.0,7.0,0,0,5.8,2,8,7,100,,0,1
103556,21,2,8.4,0,46.8,7.9,6.3,0,4.0,7.5,0,0,11.5,5,4,10,97,,2,0
103557,23,2,3.9,1,83.2,5.6,7.8,0,3.71,6.9,0,0,10.8,2,10,5,99,,0,0
103558,21,2,6.3,0,96.4,6.4,5.2,0,3.95,3.2,0,3,13.2,4,10,5,100,,3,1
103559,18,1,5.07,1,52.7,6.3,5.6,1,2.66,6.6,0,5,8.3,7,6,9,73,,3,1
103560,21,1,3.4,0,83.5,5.9,7.9,1,2.81,3.3,0,0,6.3,5,5,10,72,,3,1
103561,26,2,6.9,1,90.7,9.3,8.4,0,4.0,4.9,0,2,11.9,9,9,6,99,,3,1
103562,27,1,6.3,0,87.7,8.6,4.9,1,4.0,1.0,0,2,12.5,6,2,10,95,,3,1
103563,25,0,5.8,1,50.4,5.2,6.1,1,4.0,8.0,0,5,9.6,6,4,10,96,,3,0
103564,23,0,5.1,0,48.7,4.9,5.8,0,4.0,7.8,0,5,14.5,8,9,6,99,,1,1
103565,27,1,4.7,1,99.2,7.9,2.5,0,3.3,7.4,0,1,8.6,7,6,9,83,,2,0
103566,16,1,4.1,1,48.7,5.5,6.1,1,3.67,3.7,0,4,10.5,4,5,10,100,,0,0
103567,16,1,1.6,0,41.0,6.8,5.6,1,3.07,2.8,0,0,8.6,4,9,6,79,,2,1
103568,25,0,2.7,1,44.7,10.2,9.2,1,4.0,3.3,0,2,5.6,3,2,10,100,,2,0
103569,19,2,3.94,1,81.6,6.1,4.9,0,4.0,4.1,0,5,9.7,5,6,9,96,,3,1
103570,28,1,2.5,0,100.0,7.3,6.6,0,4.0,1.0,0,2,7.4,2,1,10,100,,3,0
103571,18,2,4.8,1,47.6,7.3,6.3,1,3.04,6.8,0,5,8.3,1,5,10,74,,1,0
103572,22,2,2.9,0,66.6,5.5,6.7,1,3.88,5.6,0,0,7.9,6,6,9,94,,2,1
103573,24,1,1.3,0,64.9,10.0,5.8,1,4.0,7.8,0,2,5.7,3,5,10,100,,2,0
103574,21,1,6.6,1,77.9,7.2,6.4,0,4.0,7.6,0,3,15.5,9,1,10,98,,2,0
103575,17,2,6.6,0,75.4,6.4,7.3,0,4.0,3.9,0,4,11.1,5,10,5,98,,2,0
103576,26,0,4.3,1,61.7,6.2,9.0,1,3.29,5.2,0,0,7.4,6,8,7,83,,3,0
103577,20,2,5.0,1,68.4,6.7,8.0,1,4.0,3.3,0,3,12.9,2,2,10,100,,3,0
103578,21,1,3.1,0,49.1,7.8,9.0,1,4.0,4.8,0,4,7.5,10,7,8,100,,1,1
103579,23,2,3.0,0,77.5,7.6,8.5,1,4.0,5.4,0,3,8.7,2,8,7,100,,1,1
103580,22,2,4.0,1,52.1,8.1,3.2,1,3.29,5.1,0,2,6.8,8,5,10,83,,2,1
103581,18,1,4.7,0,58.4,4.0,6.5,0,4.0,5.2,0,5,7.7,1,3,10,100,,2,1
103582,17,0,5.2,0,40.8,9.9,7.5,1,4.0,2.6,0,2,9.0,10,4,10,100,,2,1
103583,28,1,5.2,1,72.7,10.0,5.2,0,4.0,7.3,0,0,11.4,7,10,5,100,,3,1
103584,25,2,4.3,1,56.0,6.1,7.3,0,2.99,6.8,0,5,9.1,6,4,10,72,,1,0
103585,26,1,5.12,1,48.9,5.0,5.3,1,4.0,3.7,0,1,9.3,7,9,6,100,,2,0
103586,19,1,3.83,0,90.4,6.1,8.2,1,4.0,4.5,0,5,8.1,6,2,10,92,,3,1
103587,20,0,1.0,1,47.9,6.8,6.9,1,4.0,2.7,0,4,4.4,1,8,7,100,,2,0
103588,16,0,5.8,0,43.7,8.1,6.4,1,4.0,3.4,0,0,9.5,4,7,8,100,,2,1
103589,22,1,5.3,0,64.2,8.5,6.0,0,4.0,8.3,0,2,10.9,7,5,10,100,,1,1
103590,20,0,2.6,0,94.8,5.9,5.3,1,2.71,1.0,0,4,6.2,2,1,10,69,,1,0
103591,28,0,8.1,1,90.0,8.1,6.6,1,4.0,3.3,0,3,15.0,9,2,10,97,,1,0
103592,23,1,2.9,0,70.4,8.7,7.4,0,4.0,5.8,0,0,9.4,7,6,9,93,,2,0
103593,26,1,5.2,1,65.5,7.0,9.9,0,3.32,7.5,0,1,10.8,5,9,6,82,,2,0
103594,16,2,6.0,1,58.4,6.4,5.2,1,4.0,4.1,0,0,15.0,1,4,10,100,,3,1
103595,26,1,3.3,1,83.0,6.1,7.2,0,4.0,4.2,0,0,8.4,3,2,10,100,,1,0
103596,23,0,5.1,0,43.1,4.4,10.0,0,3.88,5.9,0,0,10.1,7,9,6,100,,1,1
103597,17,0,7.0,1,80.4,9.1,8.2,1,3.38,6.4,0,3,9.5,3,7,8,78,,1,0
103598,23,0,1.5,0,49.4,7.2,6.4,0,3.64,6.0,0,3,5.3,9,6,9,100,,2,1
103599,23,1,4.22,0,46.9,7.0,4.3,0,3.1,5.7,0,1,6.8,6,9,6,84,,3,0
103600,21,1,7.1,1,43.0,8.6,4.8,1,4.0,3.4,0,5,12.7,4,7,8,100,,3,0
103601,23,1,5.6,0,98.6,5.5,9.6,1,4.0,6.5,0,0,14.1,1,5,10,100,,2,1
103602,27,2,9.34,1,55.3,7.3,10.0,0,3.95,5.6,0,1,18.4,5,9,6,99,,0,1
103603,17,2,3.08,1,58.8,7.8,1.7,0,4.0,3.1,0,4,10.8,8,6,9,100,,1,1
103604,23,2,5.1,1,77.8,7.9,6.3,1,4.0,2.3,0,3,9.8,2,8,7,96,,3,0
103605,21,1,4.3,1,49.0,9.1,8.4,1,2.68,4.6,0,0,9.8,8,1,10,71,,2,0
103606,20,0,3.6,0,85.9,6.6,6.2,1,3.34,7.3,0,0,8.9,5,6,9,90,,1,1
103607,23,1,6.2,1,74.5,7.4,7.3,0,3.59,5.0,0,1,13.2,7,4,10,85,,2,0
103608,26,2,2.24,0,50.0,5.6,10.0,0,3.55,1.0,0,3,8.5,7,7,8,95,,0,0
103609,20,0,5.3,0,71.9,7.3,1.8,0,4.0,3.9,0,1,10.7,8,7,8,100,,2,1
103610,26,2,5.2,1,99.4,8.8,7.9,0,3.19,4.1,0,2,10.5,10,6,9,84,,3,1
103611,26,2,1.71,1,75.8,8.2,9.5,0,3.48,4.6,0,0,11.2,9,8,7,84,,0,1
103612,16,2,5.8,1,51.6,6.9,8.4,0,4.0,6.5,0,2,7.7,9,7,8,100,,2,1
103613,25,1,5.9,0,52.0,4.0,10.0,1,3.3,5.5,0,4,7.6,5,2,10,79,,1,0
103614,18,1,7.1,0,57.0,5.4,8.3,1,4.0,7.9,0,4,11.3,9,8,7,100,,3,1
103615,28,1,2.1,1,73.9,5.2,4.0,0,3.97,3.4,0,0,11.2,3,8,7,94,,0,1
103616,20,1,5.9,1,52.1,7.0,9.0,0,4.0,1.0,0,1,9.7,1,7,8,100,,2,0
103617,25,1,4.1,1,83.3,6.2,4.7,0,4.0,3.0,0,2,8.4,2,10,5,100,,1,1
103618,19,1,8.3,0,83.6,7.9,4.8,0,4.0,5.2,0,2,12.9,1,4,10,100,,3,1
103619,19,2,5.8,1,99.3,6.4,5.0,1,3.38,5.9,0,1,10.1,3,7,8,92,,1,1
103620,27,2,2.2,0,99.6,6.6,3.7,0,2.87,5.6,0,2,11.8,10,3,10,74,,2,0
103621,27,1,4.1,0,65.2,8.1,6.8,1,4.0,6.1,0,3,10.9,6,10,5,100,,1,0
103622,16,0,3.9,0,49.1,5.5,4.8,1,3.97,5.5,0,4,11.4,1,7,8,94,,2,0
103623,26,2,3.7,0,85.1,6.2,5.9,0,3.92,3.9,0,0,8.0,2,9,6,94,,1,1
103624,20,0,4.3,1,72.7,4.9,7.8,1,3.33,7.1,0,3,10.4,4,10,5,85,,1,1
103625,20,0,3.6,1,73.0,7.7,5.6,1,2.96,5.2,0,4,10.7,1,1,10,76,,2,1
103626,24,0,1.6,0,99.1,9.0,8.9,0,3.17,4.0,0,0,6.6,9,2,10,80,,3,1
103627,28,1,6.2,1,69.3,6.9,8.5,0,3.38,5.5,0,2,10.3,9,2,10,84,,2,0
103628,17,1,8.13,1,61.7,5.7,7.5,0,4.0,2.7,0,1,13.6,5,4,10,100,,1,0
103629,24,2,4.2,0,46.4,6.3,4.2,0,3.3,7.5,0,1,10.8,2,9,6,87,,2,1
103630,19,1,2.3,1,42.5,5.1,3.4,1,2.71,7.1,0,2,11.2,5,1,10,76,,2,0
103631,19,0,5.7,1,86.2,9.6,7.8,1,3.48,6.3,0,1,9.7,9,7,8,96,,2,1
103632,21,0,5.3,0,60.7,8.5,8.6,1,4.0,1.0,0,1,11.7,6,8,7,92,,1,1
103633,20,0,4.1,0,55.0,7.1,6.2,1,4.0,5.3,0,5,8.6,4,8,7,98,,3,1
103634,23,1,5.2,0,94.3,8.5,8.0,1,2.98,4.9,0,2,10.3,10,4,10,79,,1,1
103635,23,2,0.33,0,81.2,7.8,3.0,1,3.61,4.9,0,5,7.8,4,2,10,91,,1,1
103636,17,2,3.9,0,83.6,5.3,7.8,1,4.0,5.0,0,4,11.2,7,3,10,100,,1,0
103637,28,0,5.6,1,46.5,7.9,7.9,1,2.73,3.7,0,2,11.5,8,2,10,59,,3,0
103638,27,2,3.0,0,45.0,8.6,3.9,1,4.0,6.2,0,2,9.7,4,7,8,97,,3,1
103639,17,2,1.1,1,58.9,6.7,4.6,1,3.65,3.9,0,0,8.0,6,3,10,89,,3,1
103640,20,0,1.9,1,50.7,9.7,6.8,0,4.0,7.3,0,0,8.4,1,9,6,100,,0,1
103641,25,1,4.2,0,94.4,7.9,7.6,1,4.0,2.7,0,2,9.8,3,3,10,90,,2,1
103642,17,2,1.8,0,75.0,10.4,6.0,0,4.0,5.0,0,4,6.2,6,5,10,98,,1,1
103643,23,0,3.3,0,76.8,6.9,9.8,0,4.0,3.2,0,5,10.7,9,10,5,100,,3,1
103644,28,2,5.1,1,59.6,6.2,7.3,0,2.95,5.3,0,4,11.2,2,8,7,72,,2,1
103645,18,1,6.0,1,88.8,4.3,7.2,1,4.0,6.2,0,1,16.1,10,1,10,94,,2,0
103646,24,0,5.1,1,50.1,7.4,2.6,0,3.82,5.1,0,3,9.3,3,10,5,90,,1,0
103647,17,0,6.6,1,85.6,5.1,5.9,0,4.0,1.7,0,5,14.2,7,7,8,98,,2,1
103648,27,1,3.5,1,78.4,4.4,7.4,1,4.0,3.9,0,0,6.4,7,8,7,100,,2,0
103649,19,0,2.1,1,77.3,5.5,7.7,0,3.63,3.9,0,5,5.4,6,8,7,87,,2,1
103650,22,2,6.2,0,93.1,5.9,9.7,1,3.83,3.9,0,3,13.3,9,9,6,98,,2,0
103651,19,0,4.2,0,40.3,9.2,7.8,1,3.6,4.0,0,4,9.8,8,9,6,94,,2,1
103652,23,1,4.69,0,99.3,8.8,6.1,1,4.0,5.4,0,2,11.7,7,7,8,100,,2,1
103653,23,1,2.5,1,85.5,6.4,7.0,0,3.41,5.8,0,5,12.8,1,1,10,81,,3,1
103654,25,0,7.7,1,64.7,7.5,5.5,1,4.0,8.0,0,2,14.4,10,7,8,98,,0,1
103655,19,2,3.9,1,68.1,7.1,4.5,1,2.88,2.9,0,4,13.9,5,3,10,75,,1,0
103656,17,0,2.8,0,96.1,7.9,10.0,0,3.43,6.6,0,2,8.3,1,2,10,85,,2,1
103657,23,2,1.2,1,93.9,6.9,6.8,1,3.25,4.5,0,3,2.8,5,5,10,86,,1,1
103658,16,0,6.44,1,71.8,5.0,10.0,0,3.95,4.3,0,2,13.8,9,3,10,100,,1,1
103659,23,0,2.6,1,71.8,8.4,9.1,0,3.67,2.7,0,5,10.9,8,2,10,90,,1,0
103660,19,2,3.8,1,78.5,5.7,6.6,0,3.71,5.3,0,3,8.9,3,6,9,93,,2,0
103661,23,2,4.2,0,56.3,7.3,9.5,0,4.0,6.3,0,0,9.8,8,4,10,100,,1,0
103662,27,2,2.1,0,99.4,7.9,3.6,1,4.0,2.5,0,4,9.9,6,5,10,95,,2,0
103663,23,0,4.6,1,41.1,8.4,7.0,1,3.48,7.4,0,4,7.3,10,7,8,95,,3,1
103664,24,2,2.5,1,96.8,6.8,5.6,1,3.91,2.3,0,0,6.2,6,8,7,95,,2,1
103665,19,2,0.0,0,88.1,10.2,5.3,1,4.0,2.5,0,2,5.7,10,5,10,100,,2,1
103666,27,0,5.3,1,53.8,6.5,7.8,0,3.98,1.3,0,1,9.0,9,9,6,93,,1,0
103667,21,1,3.8,0,66.0,6.7,8.8,0,3.35,4.7,0,0,9.7,1,6,9,90,,1,0
103668,20,0,4.0,1,94.4,6.3,6.3,0,3.8,5.6,0,1,7.7,9,6,9,92,,1,0
103669,26,0,6.3,0,92.1,6.0,5.9,0,3.95,6.6,0,1,13.6,8,10,5,94,,3,1
103670,28,0,4.3,1,93.6,8.0,5.8,1,3.67,5.1,0,5,10.1,9,9,6,93,,2,1
103671,21,2,10.78,0,67.6,7.4,8.0,1,4.0,1.0,0,5,17.8,3,9,6,95,,0,0
103672,18,2,5.7,1,50.4,4.6,8.5,0,4.0,6.3,0,1,12.1,8,5,10,94,,2,0
103673,17,1,4.5,1,90.9,7.8,7.2,1,3.03,3.9,0,4,11.1,2,6,9,79,,1,0
103674,25,1,3.8,0,62.8,7.1,7.3,0,3.64,5.1,0,2,10.7,3,3,10,91,,2,1
103675,27,2,1.5,1,52.5,5.9,7.4,1,3.22,4.9,0,2,3.6,10,7,8,68,,1,1
103676,22,2,1.7,1,46.9,9.1,5.4,1,2.63,5.0,0,4,7.2,3,4,10,62,,0,0
103677,16,2,2.73,1,82.6,6.8,8.8,1,3.75,7.2,0,0,8.7,10,1,10,93,,1,1
103678,23,1,2.4,0,61.9,8.6,8.7,1,3.71,6.9,0,5,11.5,1,2,10,93,,1,0
103679,21,0,4.9,1,42.2,10.6,8.4,1,4.0,5.6,0,1,11.6,7,6,9,98,,2,1
103680,17,1,2.5,1,64.3,7.3,6.8,1,3.99,6.1,0,2,7.2,6,4,10,100,,2,1
103681,18,2,7.3,0,69.4,5.6,4.1,0,4.0,3.4,0,5,16.6,2,5,10,94,,1,1
103682,20,0,5.3,0,99.6,7.8,4.9,0,3.75,7.3,0,1,11.6,1,6,9,90,,2,0
103683,25,1,0.0,0,64.2,7.8,6.7,1,4.0,2.0,0,5,6.5,10,7,8,99,,0,1
103684,24,0,1.1,1,60.0,6.8,9.6,0,2.45,6.3,0,2,7.3,9,2,10,64,,2,0
103685,17,0,1.7,1,84.9,10.8,4.9,1,4.0,4.2,0,1,8.7,10,8,7,99,,1,1
103686,21,2,4.8,0,70.5,8.8,8.0,1,4.0,1.0,0,2,9.9,9,9,6,97,,1,1
103687,26,2,6.6,1,78.5,6.8,8.3,1,3.31,4.6,0,3,11.8,7,9,6,77,,1,0
103688,21,2,3.84,0,70.6,5.8,4.2,1,3.94,7.8,0,5,8.0,8,1,10,97,,2,0
103689,17,2,1.6,1,58.3,4.3,6.3,1,3.01,8.0,0,2,7.2,6,2,10,79,,3,0
103690,24,0,5.8,0,50.4,5.8,3.0,0,4.0,4.2,0,2,8.6,4,3,10,100,,1,1
103691,19,2,4.3,1,73.0,6.0,2.8,1,3.59,5.4,0,3,8.8,8,5,10,80,,1,1
103692,24,2,3.6,1,74.7,6.0,8.5,0,3.53,4.4,0,1,8.8,1,10,5,89,,1,1
103693,27,1,6.53,0,42.7,5.1,7.3,1,3.23,1.7,0,3,10.4,7,1,10,85,,1,1
103694,24,1,5.7,0,70.2,7.5,6.0,0,2.95,9.9,1,1,11.5,7,1,10,62,,1,1
103695,21,1,3.5,0,74.8,7.6,5.5,1,3.66,4.6,0,1,11.5,6,9,6,97,,1,0
103696,21,0,0.6,0,56.8,4.9,5.4,0,3.41,5.6,0,1,2.9,1,3,10,79,,3,1
103697,20,1,1.9,1,73.5,6.9,5.9,0,3.5,4.5,0,5,8.2,10,2,10,98,,0,0
103698,16,1,9.1,1,65.4,6.3,10.0,1,4.0,3.2,0,5,13.9,10,6,9,100,,2,1
103699,23,0,4.4,1,93.8,6.1,10.0,1,3.7,2.2,0,0,9.6,7,5,10,94,,1,0
103700,19,1,3.7,0,60.2,8.5,8.3,0,4.0,1.7,0,4,8.0,5,9,6,97,,0,0
103701,23,2,2.5,0,69.4,7.9,8.4,1,2.84,8.2,1,3,5.6,4,1,10,61,,2,1
103702,23,2,2.0,0,63.4,6.6,1.5,0,2.83,7.9,0,5,8.6,4,10,5,63,,2,0
103703,16,1,4.4,1,59.6,7.9,6.0,0,2.9,9.1,0,2,11.8,4,10,5,75,,1,0
103704,26,2,3.0,0,50.4,8.1,8.6,0,3.44,3.7,0,5,6.2,1,10,5,86,,0,0
103705,17,0,4.3,1,95.0,7.4,7.8,0,3.96,2.8,0,3,6.3,8,6,9,95,,1,1
103706,17,0,7.27,0,90.3,6.9,7.0,0,4.0,5.2,0,5,11.7,8,2,10,88,,1,0
103707,24,1,5.3,0,71.2,8.9,4.2,1,4.0,4.3,0,2,8.6,4,1,10,99,,3,1
103708,27,2,0.0,0,84.7,7.3,8.4,0,3.44,3.4,0,2,7.3,1,5,10,90,,2,1
103709,22,0,6.9,1,60.7,8.2,5.5,0,4.0,5.4,0,1,9.5,8,9,6,100,,3,1
103710,19,1,1.7,0,58.2,8.1,7.2,1,3.58,4.2,0,1,4.7,10,2,10,95,,1,1
103711,26,2,4.9,0,46.1,8.2,4.4,1,2.89,4.1,0,0,10.9,5,4,10,75,,2,1
103712,19,0,3.8,0,86.7,7.7,6.4,0,2.89,4.3,0,2,8.7,9,2,10,71,,1,1
103713,24,2,1.3,1,73.6,7.2,1.9,1,2.77,6.1,0,4,7.5,4,5,10,66,,3,1
103714,19,1,0.5,1,80.0,6.3,6.9,0,3.92,6.0,0,2,2.3,9,3,10,94,,0,1
103715,27,1,3.5,1,70.5,6.4,7.4,1,2.81,5.4,0,0,7.6,5,7,8,73,,2,1
103716,16,2,7.97,0,64.0,6.1,5.6,1,4.0,1.0,0,0,10.4,3,9,6,100,,1,1
103717,21,1,6.9,1,73.5,7.6,4.5,0,3.95,6.3,0,0,8.3,8,8,7,96,,2,0
103718,18,0,1.3,0,43.0,7.1,6.8,0,3.65,4.3,0,0,9.4,3,8,7,83,,2,1
103719,28,2,0.9,1,97.7,5.7,7.0,1,3.91,4.8,0,5,5.5,3,3,10,95,,2,0
103720,19,2,5.8,1,50.9,6.7,7.8,0,3.61,6.6,0,4,13.6,10,9,6,94,,1,1
103721,20,2,2.6,0,58.4,9.0,2.9,1,4.0,4.2,0,2,9.7,1,10,5,100,,2,0
103722,21,1,2.0,0,80.7,6.9,9.0,1,3.05,5.1,0,4,8.9,10,6,9,68,,2,1
103723,21,0,6.8,1,93.0,6.3,4.3,0,3.73,2.8,0,4,11.0,2,10,5,93,,1,1
103724,17,1,3.8,0,58.9,6.0,7.5,0,3.31,4.1,0,3,6.7,5,2,10,82,,2,0
103725,18,0,6.8,1,56.9,6.4,6.2,0,4.0,4.0,0,0,11.5,2,2,10,100,,3,0
103726,23,0,3.0,0,50.5,9.4,6.4,1,4.0,5.1,0,1,8.9,9,9,6,100,,3,1
103727,28,2,2.5,0,79.8,5.4,7.0,1,4.0,5.7,0,5,5.2,5,9,6,100,,1,0
103728,28,1,3.9,0,98.4,8.6,6.8,0,4.0,3.6,0,3,6.8,10,7,8,100,,3,0
103729,19,1,5.4,1,59.9,6.8,3.6,1,3.36,1.9,0,4,13.2,1,1,10,84,,3,1
103730,19,0,2.1,1,43.4,6.2,9.4,0,4.0,5.7,0,3,8.9,9,5,10,100,,1,0
103731,17,0,8.3,1,52.7,8.4,5.0,1,3.48,2.5,0,1,15.0,8,3,10,85,,2,1
103732,22,1,7.9,0,45.8,5.4,7.9,1,3.58,7.8,0,5,13.9,2,5,10,81,,3,0
103733,17,1,2.9,0,58.4,7.8,5.8,1,3.09,8.1,0,2,5.2,1,5,10,82,,2,0
103734,18,1,4.84,1,62.4,6.9,5.6,0,3.99,6.9,0,0,10.4,6,8,7,100,,1,1
103735,18,2,0.0,0,97.4,6.0,8.3,1,2.92,7.6,0,1,3.7,8,3,10,67,,2,0
103736,19,2,2.6,1,94.8,4.1,4.8,0,3.99,9.9,0,1,6.6,4,6,9,100,,1,0
103737,24,2,3.3,1,80.5,5.6,6.2,1,4.0,3.9,0,2,6.1,10,10,5,99,,1,0
103738,22,2,3.2,1,99.5,8.4,10.0,1,3.46,6.8,0,4,5.3,9,5,10,90,,3,0
103739,21,0,3.6,0,48.6,7.1,7.2,0,4.0,3.1,0,2,11.9,9,9,6,94,,0,1
103740,23,2,2.9,0,43.0,5.4,6.1,1,4.0,1.5,0,1,7.5,9,2,10,97,,3,1
103741,22,2,6.2,1,88.5,8.3,6.4,1,3.48,5.9,0,3,12.1,7,3,10,90,,1,0
103742,22,1,3.9,1,93.9,5.3,6.4,1,3.95,4.4,0,4,7.6,6,5,10,100,,2,0
103743,25,2,3.3,1,56.6,6.8,5.8,1,2.76,3.5,0,5,7.9,4,2,10,70,,2,1
103744,21,1,0.3,1,87.6,7.4,4.6,1,3.45,6.8,0,5,6.9,2,2,10,86,,2,0
103745,23,1,1.9,0,73.0,6.7,3.4,0,4.0,3.5,0,2,8.7,9,3,10,94,,3,0
103746,20,1,3.2,1,69.0,6.3,8.4,0,3.93,6.6,0,3,11.7,6,10,5,100,,3,0
103747,20,2,6.0,0,57.0,7.2,2.9,0,3.23,9.1,1,1,11.9,5,3,10,70,,2,1
103748,24,2,0.0,1,57.4,6.3,7.5,0,2.54,7.1,0,3,2.0,5,4,10,58,,1,1
103749,24,1,8.2,1,71.1,7.9,3.7,1,4.0,4.1,0,4,16.0,10,4,10,100,,2,0
103750,24,0,3.6,1,55.9,7.8,6.5,0,3.28,5.5,0,3,10.8,7,10,5,89,,0,0
103751,20,0,4.4,1,85.6,8.1,6.8,0,3.16,3.8,0,1,8.9,8,6,9,72,,1,1
103752,19,0,0.8,0,86.0,7.1,9.5,0,4.0,5.1,0,0,6.5,4,8,7,93,,1,0
103753,17,2,5.4,1,58.3,7.6,9.9,0,3.82,6.5,0,0,12.2,5,10,5,97,,1,1
103754,19,1,6.7,0,77.7,4.9,8.8,0,4.0,4.6,0,2,10.6,4,1,10,100,,0,1
103755,17,2,1.0,0,64.1,7.3,6.5,0,3.13,2.2,0,2,5.7,5,4,10,81,,0,1
103756,18,2,7.6,0,41.6,10.0,3.4,1,4.0,9.6,0,0,12.2,5,4,10,100,,2,0
103757,25,0,0.9,0,70.5,9.6,6.4,0,4.0,3.2,0,1,8.6,4,4,10,92,,0,1
103758,16,0,6.06,0,80.3,6.8,9.7,1,4.0,5.1,0,2,12.9,5,10,5,100,,1,1
103759,27,2,5.93,0,57.2,6.1,4.2,0,4.0,4.5,0,4,9.4,2,6,9,96,,2,1
103760,28,0,2.76,0,97.2,6.2,8.3,1,4.0,6.9,0,1,9.5,6,7,8,100,,1,0
103761,20,2,3.8,1,76.7,6.8,7.4,0,4.0,3.6,0,3,9.9,3,10,5,100,,0,1
103762,19,2,4.4,1,94.5,6.2,6.2,1,3.88,7.4,0,1,9.0,5,5,10,99,,2,1
103763,28,1,8.46,1,76.6,5.8,4.7,0,3.75,6.1,0,2,14.0,2,10,5,89,,2,0
103764,25,0,4.7,0,96.2,7.0,7.2,0,3.77,3.8,0,0,11.3,5,2,10,93,,3,1
103765,20,1,5.9,1,44.8,8.7,8.0,0,3.61,7.1,0,3,8.3,2,9,6,91,,1,0
103766,19,1,5.69,1,46.9,4.8,5.7,1,4.0,4.5,0,5,10.3,6,2,10,100,,2,0
103767,18,1,2.0,0,88.9,9.1,5.3,0,3.63,5.5,0,4,6.5,5,10,5,87,,1,0
103768,28,2,4.3,1,58.9,7.9,3.1,0,4.0,9.9,0,3,10.0,4,7,8,100,,1,1
103769,25,0,1.4,0,91.9,6.7,5.0,1,2.7,6.3,0,1,5.5,2,3,10,69,,1,1
103770,28,0,7.1,0,80.9,7.4,7.9,1,4.0,5.3,0,5,14.8,9,2,10,100,,2,1
103771,19,2,5.7,0,52.8,4.6,7.5,0,4.0,7.0,0,3,9.2,8,9,6,100,,1,0
103772,27,2,3.5,1,61.7,9.1,5.7,1,4.0,5.3,0,2,6.9,3,9,6,100,,2,1
103773,18,1,4.0,1,49.3,6.7,7.4,0,3.73,5.1,0,5,7.0,5,3,10,94,,3,1
103774,21,1,1.8,1,44.5,6.5,4.5,0,3.7,1.9,0,1,10.2,3,5,10,100,,1,0
103775,22,1,2.2,0,87.4,6.7,4.5,1,2.44,6.7,0,4,8.1,2,1,10,63,,1,0
103776,26,1,4.2,1,64.1,7.6,8.5,0,4.0,5.9,0,4,11.2,9,6,9,100,,2,1
103777,22,2,5.3,1,94.5,7.4,4.6,1,3.65,8.7,0,3,10.2,4,4,10,98,,1,1
103778,17,0,4.1,0,90.9,10.2,5.7,1,2.83,5.7,0,0,11.3,8,2,10,68,,3,0
103779,18,2,2.1,1,96.9,5.7,6.5,0,3.0,6.1,0,2,8.2,3,6,9,76,,3,1
103780,23,0,5.6,1,66.7,7.0,7.5,0,4.0,4.7,0,5,12.5,5,6,9,98,,1,1
103781,19,1,0.0,1,71.2,5.0,7.8,1,3.86,7.2,0,3,5.0,6,10,5,93,,2,0
103782,22,2,3.2,0,73.3,5.6,4.6,1,3.72,6.4,0,5,7.9,2,10,5,95,,2,1
103783,27,1,4.1,0,69.6,6.4,7.4,0,4.0,3.6,0,5,11.2,4,2,10,100,,2,0
103784,26,2,8.1,0,99.1,8.0,6.2,1,3.4,6.3,0,5,14.0,2,1,10,80,,1,0
103785,26,0,5.1,1,52.4,6.2,9.3,0,3.64,6.7,0,5,10.1,7,6,9,90,,0,0
103786,19,2,8.1,1,41.5,8.3,5.6,0,4.0,8.9,0,1,11.4,9,9,6,100,,2,1
103787,19,2,1.6,0,77.7,8.0,4.9,0,3.0,7.0,0,0,6.0,5,8,7,71,,2,0
103788,26,1,4.3,1,63.7,9.1,6.0,1,2.52,6.3,0,5,8.3,4,1,10,56,,3,1
103789,27,0,5.9,0,56.4,8.3,7.7,0,3.33,5.2,0,2,12.5,4,1,10,80,,2,1
103790,17,1,2.9,0,96.2,4.7,6.8,1,3.58,8.1,0,1,8.6,7,7,8,87,,2,0
103791,24,0,6.0,1,66.9,7.6,8.1,0,3.25,6.7,0,3,11.3,6,9,6,73,,3,1
103792,17,0,4.9,0,80.4,7.3,10.0,0,3.08,9.9,1,1,6.8,1,3,10,71,,1,1
103793,21,1,6.8,1,49.6,6.8,5.1,1,4.0,7.1,0,5,10.2,8,9,6,90,,1,1
103794,19,1,4.8,1,91.0,7.3,6.8,1,3.58,6.8,0,5,10.1,5,3,10,88,,2,1
103795,25,1,5.28,1,58.4,4.0,10.0,1,4.0,6.5,0,5,7.8,9,1,10,95,,1,1
103796,28,1,3.2,0,45.5,7.9,6.8,0,2.96,5.8,0,1,5.6,10,2,10,79,,3,1
103797,21,0,8.2,1,52.5,6.3,6.5,0,3.51,2.1,0,4,14.5,10,4,10,95,,2,0
103798,16,0,3.7,1,58.3,9.3,6.2,0,3.88,2.6,0,3,11.9,8,3,10,89,,1,0
103799,18,2,3.0,0,43.7,8.3,8.0,1,3.26,2.2,0,0,5.7,2,10,5,79,,1,1
103800,25,2,5.83,0,52.8,5.3,5.9,0,3.72,3.2,0,0,10.6,3,6,9,89,,2,1
103801,16,1,3.2,0,99.1,5.8,8.4,1,3.05,6.3,0,0,9.0,1,9,6,83,,1,0
103802,22,1,4.0,1,77.6,10.1,2.6,1,2.74,7.5,0,5,10.6,7,2,10,75,,1,0
103803,17,1,1.11,0,69.9,6.0,6.8,1,3.15,5.0,0,1,8.7,1,5,10,80,,2,1
103804,19,0,4.2,1,44.6,9.1,10.0,0,3.98,4.6,0,3,9.0,5,9,6,100,,1,0
103805,20,2,4.2,1,57.5,6.0,7.0,1,4.0,9.0,0,2,12.0,10,8,7,94,,1,1
103806,27,1,2.17,0,46.6,5.3,6.6,1,3.38,5.8,0,2,12.1,6,8,7,85,,2,1
103807,28,1,4.3,1,85.0,6.4,10.0,1,3.14,6.6,0,3,6.5,7,8,7,75,,0,1
103808,16,1,3.9,0,70.4,7.0,2.6,1,3.15,5.4,0,0,13.3,10,1,10,72,,3,1
103809,20,0,4.4,0,87.4,7.5,5.8,0,2.36,7.0,0,4,10.6,9,1,10,57,,1,1
103810,17,1,5.67,0,78.6,7.7,7.3,1,4.0,6.7,0,4,9.9,6,10,5,100,,2,1
103811,23,1,5.8,0,85.1,7.7,5.6,0,3.73,1.0,0,3,13.6,4,7,8,92,,1,1
103812,19,0,1.2,0,88.4,8.4,7.1,0,4.0,4.4,0,2,6.0,9,7,8,99,,1,1
103813,21,1,5.2,0,42.7,8.3,7.4,1,3.57,5.4,0,4,12.2,2,6,9,91,,3,0
103814,16,0,4.8,1,57.5,8.1,6.1,1,3.35,9.3,1,1,12.9,2,3,10,90,,2,0
103815,28,2,2.5,0,93.0,6.1,6.1,0,2.93,4.9,0,2,7.6,3,1,10,74,,1,1
103816,19,1,0.0,1,54.6,4.0,6.2,0,3.65,5.8,0,4,8.6,5,4,10,93,,1,1
103817,26,2,2.65,1,66.8,5.7,9.3,1,3.73,4.5,0,3,6.9,8,6,9,95,,1,1
103818,17,1,1.0,1,59.2,4.0,10.0,0,3.13,4.5,0,5,6.5,1,6,9,78,,2,0
103819,24,2,1.8,1,52.6,6.7,5.6,1,2.85,2.8,0,0,10.1,10,4,10,81,,2,1
103820,26,1,5.9,0,84.6,9.0,6.4,0,4.0,5.2,0,3,10.8,9,2,10,90,,1,1
103821,18,0,2.6,1,92.4,5.5,9.6,0,4.0,3.4,0,1,7.5,2,3,10,100,,1,0
103822,16,0,5.7,1,45.3,6.1,6.0,0,4.0,7.9,0,2,12.0,4,10,5,100,,2,1
103823,28,0,6.13,0,84.5,5.3,9.7,1,4.0,5.9,0,1,11.9,6,3,10,100,,2,1
103824,17,0,2.7,0,60.1,7.2,6.7,0,3.71,8.9,0,1,6.9,1,9,6,95,,1,1
103825,16,1,4.9,0,62.2,9.1,8.5,1,4.0,7.8,0,2,11.3,8,2,10,95,,1,1
103826,17,2,1.0,0,85.4,8.8,4.9,0,3.24,6.4,0,0,4.9,8,9,6,89,,3,1
103827,28,1,2.1,0,97.3,5.7,6.8,1,2.89,4.9,0,5,6.5,7,3,10,77,,2,1
103828,25,2,4.44,0,64.9,7.6,5.8,1,2.83,6.6,0,0,12.5,4,3,10,75,,1,1
103829,21,1,2.25,0,44.0,7.9,9.5,0,3.15,5.3,0,1,7.9,7,9,6,71,,1,1
103830,20,2,3.2,1,90.1,8.1,7.5,1,4.0,6.2,0,0,7.7,9,7,8,91,,3,1
103831,16,2,3.5,0,51.8,5.5,1.0,1,4.0,8.0,0,3,8.8,2,8,7,99,,2,1
103832,26,1,4.3,0,45.2,5.8,8.9,1,3.8,3.3,0,3,12.0,6,9,6,96,,2,1
103833,28,1,6.4,0,57.7,5.9,6.9,0,3.12,4.0,0,3,10.2,1,1,10,77,,0,1
103834,24,0,6.96,1,50.9,7.3,7.8,1,4.0,4.8,0,2,10.8,5,5,10,100,,3,1
103835,20,2,2.7,1,85.7,7.3,8.7,1,2.84,5.7,0,4,11.8,9,1,10,71,,2,1
103836,16,2,5.5,0,63.9,6.7,3.5,1,4.0,4.4,0,0,8.4,5,10,5,93,,1,1
103837,25,0,3.5,0,54.5,9.0,7.5,0,4.0,5.9,0,4,7.3,4,5,10,99,,1,0
103838,25,0,4.4,1,89.4,10.0,7.4,1,4.0,4.1,0,0,9.6,8,9,6,100,,0,1
103839,20,2,5.2,0,76.3,7.4,5.4,0,4.0,5.0,0,4,12.9,9,3,10,96,,2,0
103840,24,0,3.18,0,85.0,7.0,5.9,0,4.0,4.1,0,2,6.1,9,4,10,100,,2,1
103841,23,0,6.8,0,42.4,7.4,6.6,1,4.0,3.7,0,0,12.5,2,5,10,92,,2,0
103842,20,2,2.3,0,72.1,8.2,4.9,1,4.0,2.9,0,1,11.8,7,8,7,100,,2,1
103843,27,1,2.6,1,55.5,7.9,6.0,1,3.91,4.2,0,0,7.5,8,5,10,93,,2,1
103844,20,2,2.9,0,95.8,7.7,6.0,0,4.0,6.8,0,4,7.7,7,7,8,96,,0,1
103845,23,2,4.16,0,71.0,4.3,5.8,0,4.0,3.5,0,0,9.2,9,5,10,97,,1,1
103846,27,1,4.0,1,92.4,6.4,6.6,1,4.0,6.2,0,2,7.7,8,6,9,92,,1,1
103847,18,1,3.0,0,66.0,6.0,5.8,0,3.82,6.1,0,4,11.0,3,3,10,98,,1,1
103848,21,1,3.1,0,41.7,7.2,5.6,1,4.0,5.5,0,0,9.6,9,2,10,100,,3,1
103849,19,0,4.9,0,66.9,6.6,7.4,0,4.0,2.8,0,0,12.9,4,4,10,99,,1,1
103850,18,0,5.7,0,79.2,8.7,6.6,0,3.46,8.9,0,3,12.7,5,9,6,93,,2,0
103851,26,1,3.8,0,91.8,8.5,9.7,1,3.98,6.9,0,2,7.7,2,6,9,94,,3,0
103852,28,2,1.6,1,96.9,5.1,8.3,0,2.81,9.8,0,3,9.0,2,10,5,70,,2,1
103853,24,2,3.85,1,41.4,8.2,8.8,1,3.71,3.8,0,4,8.4,10,1,10,95,,2,0
103854,21,1,3.5,1,65.2,8.9,9.1,1,4.0,9.6,0,2,10.2,4,9,6,100,,1,0
103855,16,1,4.4,1,89.5,6.2,8.4,0,4.0,3.8,0,4,12.8,10,9,6,87,,1,1
103856,24,0,2.8,0,92.5,7.4,5.6,0,3.62,6.0,0,1,5.3,8,1,10,89,,2,1
103857,28,0,1.9,0,79.6,5.7,5.2,1,4.0,2.2,0,5,5.9,8,1,10,100,,1,0
103858,23,1,1.4,1,49.3,6.0,6.7,1,3.89,4.5,0,1,10.1,10,5,10,87,,0,0
103859,17,0,6.2,0,71.1,6.0,7.7,0,3.37,6.7,0,5,12.0,8,6,9,85,,2,1
103860,24,1,7.5,1,45.8,10.4,5.2,0,4.0,1.0,0,0,12.6,6,4,10,100,,3,1
103861,24,1,5.72,0,55.3,8.0,6.3,1,4.0,3.5,0,5,12.3,8,6,9,97,,1,0
103862,27,0,1.9,0,93.7,7.6,6.3,1,3.7,4.4,0,5,4.3,8,1,10,88,,0,1
103863,25,2,4.9,0,46.3,7.4,7.8,1,4.0,2.3,0,0,11.4,6,10,5,100,,1,0
103864,21,2,4.97,0,49.9,7.5,10.0,1,3.23,4.4,0,1,8.4,9,1,10,79,,2,1
103865,20,0,1.3,0,66.2,8.9,6.5,1,3.21,7.3,0,1,5.8,7,7,8,85,,2,0
103866,20,2,5.2,0,53.8,8.6,7.1,0,4.0,7.7,0,5,10.2,6,10,5,100,,0,0
103867,26,2,6.07,0,54.4,6.4,5.5,0,4.0,5.6,0,0,8.9,3,9,6,98,,3,0
103868,19,1,4.8,0,65.7,6.3,5.1,0,4.0,5.4,0,1,10.5,5,9,6,100,,2,1
103869,18,2,2.4,1,56.7,7.5,8.4,1,3.29,4.4,0,0,8.4,1,3,10,88,,2,1
103870,27,0,6.5,1,43.3,8.4,4.2,0,4.0,5.5,0,4,14.3,1,7,8,100,,1,1
103871,24,2,5.2,1,67.7,5.2,6.5,1,4.0,6.3,0,3,11.8,4,9,6,100,,1,1
103872,17,1,4.9,1,44.3,9.1,8.9,0,4.0,3.5,0,5,9.9,5,8,7,96,,3,1
103873,24,0,1.72,1,64.1,7.7,7.4,0,4.0,5.5,0,0,10.1,1,8,7,100,,3,0
103874,21,0,3.5,1,57.5,5.2,9.8,1,3.26,2.2,0,5,8.0,4,1,10,87,,2,1
103875,26,1,6.6,0,96.4,5.3,2.7,1,2.52,7.5,0,3,10.7,8,3,10,69,,2,1
103876,23,1,5.8,0,52.5,6.0,10.0,1,4.0,2.6,0,4,11.1,5,3,10,100,,1,0
103877,23,2,6.6,0,80.2,8.9,5.9,0,4.0,2.2,0,3,13.3,3,8,7,100,,3,1
103878,19,2,5.9,1,86.7,8.2,6.7,1,4.0,3.9,0,3,11.5,1,6,9,100,,2,1
103879,18,2,1.2,0,77.3,8.9,7.1,0,3.99,3.7,0,1,7.4,6,8,7,97,,1,0
103880,25,2,2.2,0,64.6,4.5,2.5,1,2.35,7.4,0,1,7.2,4,2,10,54,,3,1
103881,21,0,0.8,1,43.4,7.0,3.1,0,2.5,6.4,0,2,8.4,3,1,10,66,,1,1
103882,17,2,4.37,0,65.1,7.7,5.2,0,3.67,4.0,0,2,9.9,9,8,7,84,,1,1
103883,25,0,5.6,1,78.7,6.7,9.0,0,4.0,6.4,0,5,10.6,4,2,10,100,,2,0
103884,21,2,6.9,0,63.3,5.4,7.1,1,3.92,3.9,0,3,11.5,5,8,7,99,,2,0
103885,22,2,4.5,0,40.7,7.4,5.5,0,4.0,8.1,1,2,7.1,8,2,10,100,,2,1
103886,19,2,3.38,1,99.9,9.3,8.6,0,4.0,6.8,0,0,6.7,3,10,5,98,,2,0
103887,24,2,4.0,1,83.6,10.5,5.7,1,3.15,8.1,1,4,10.6,5,2,10,80,,1,1
103888,19,1,4.5,0,96.3,4.0,5.5,1,4.0,2.2,0,4,9.6,7,6,9,98,,1,1
103889,21,2,3.2,0,84.3,6.8,8.0,1,3.98,4.2,0,2,4.3,8,3,10,100,,2,0
103890,22,1,0.0,0,40.2,7.5,9.0,1,3.71,4.2,0,5,5.9,8,8,7,92,,1,1
103891,28,2,3.1,0,84.6,6.4,6.4,0,2.88,7.6,0,5,10.4,8,3,10,70,,2,0
103892,27,0,2.2,1,75.3,5.9,6.3,1,3.88,3.5,0,0,7.3,8,4,10,97,,2,0
103893,25,0,6.9,0,60.1,8.1,6.2,0,4.0,3.4,0,5,14.7,5,7,8,100,,3,1
103894,22,0,2.1,0,88.3,5.1,5.8,1,4.0,1.0,0,5,8.4,7,9,6,97,,1,0
103895,16,2,2.77,1,60.2,5.3,7.8,1,3.93,4.7,0,4,6.6,7,5,10,99,,2,1
103896,21,1,5.5,0,44.0,7.2,3.8,1,3.22,4.3,0,0,10.0,5,3,10,78,,3,0
103897,27,2,6.8,1,80.8,8.8,8.8,1,4.0,1.5,0,0,13.7,6,5,10,98,,1,1
103898,27,1,2.6,1,72.6,5.4,9.4,0,3.03,4.6,0,0,6.3,5,4,10,74,,2,1
103899,23,0,1.0,0,98.8,6.7,7.5,0,2.34,4.6,0,1,8.6,2,8,7,54,,1,0
103900,23,2,5.8,1,55.3,8.1,5.9,0,3.47,5.5,0,0,10.3,5,7,8,90,,3,1
103901,16,1,3.2,1,68.6,7.7,5.8,1,4.0,5.2,0,0,8.9,3,10,5,91,,2,1
103902,17,0,2.1,0,77.7,8.5,8.6,1,3.31,2.5,0,2,2.8,9,7,8,86,,3,1
103903,19,2,1.1,1,42.4,7.4,7.9,1,4.0,1.0,0,5,3.3,3,6,9,98,,1,0
103904,27,1,4.2,1,75.4,6.2,5.6,1,4.0,5.4,0,3,11.4,4,10,5,96,,2,1
103905,22,2,2.9,0,69.8,7.2,7.1,1,4.0,8.0,0,5,9.2,3,3,10,100,,2,0
103906,18,2,3.3,1,90.4,9.0,7.0,0,4.0,6.8,0,1,7.9,8,4,10,100,,2,0
103907,22,0,4.8,0,82.7,7.1,8.4,0,3.37,6.3,0,3,10.1,9,7,8,83,,1,1
103908,27,2,3.7,1,90.1,5.8,7.0,1,3.84,6.1,0,2,8.0,3,7,8,89,,1,0
103909,25,1,5.3,1,60.0,6.6,4.5,0,3.65,10.0,1,0,11.8,4,1,10,94,,1,1
103910,24,2,6.7,0,83.5,5.9,5.8,0,4.0,4.9,0,3,11.1,5,4,10,96,,1,0
103911,25,1,3.7,0,55.0,6.9,8.5,0,3.51,6.8,0,5,6.8,3,4,10,92,,2,1
103912,16,0,4.4,0,95.0,7.0,8.9,1,4.0,3.7,0,5,8.5,4,10,5,100,,0,1
103913,23,2,6.3,0,72.8,6.7,8.8,1,4.0,2.1,0,3,15.2,10,10,5,100,,2,0
103914,16,0,5.36,1,73.8,6.7,7.0,0,4.0,7.0,0,2,14.9,4,8,7,89,,2,0
103915,24,1,0.9,1,52.7,10.2,9.4,0,3.54,3.8,0,3,9.2,5,9,6,89,,1,1
103916,20,0,1.2,0,42.1,9.9,5.9,0,3.62,6.9,0,2,6.8,10,1,10,96,,1,1
103917,26,0,3.2,1,84.7,7.3,10.0,1,3.94,4.5,0,5,9.6,1,2,10,94,,0,1
103918,27,2,7.4,1,60.8,6.7,9.4,0,4.0,8.3,0,2,12.6,3,10,5,100,,2,0
103919,25,1,5.6,1,92.3,6.9,7.4,0,4.0,4.8,0,4,9.3,4,7,8,96,,2,0
103920,26,1,8.0,1,56.6,4.1,5.1,0,3.12,5.2,0,0,15.7,9,2,10,72,,2,1
103921,23,0,1.4,1,56.5,7.3,2.7,0,4.0,1.4,0,4,2.9,9,9,6,100,,3,1
103922,18,0,3.4,0,70.8,7.0,6.3,0,4.0,5.9,0,2,7.3,2,8,7,97,,1,0
103923,17,2,3.8,1,44.0,6.1,4.6,0,3.71,4.2,0,3,6.2,2,10,5,100,,2,0
103924,27,2,7.2,0,52.7,7.7,6.8,0,3.8,8.4,0,0,14.9,5,8,7,93,,2,1
103925,19,1,6.1,1,66.6,7.3,3.4,0,3.98,2.7,0,0,9.3,4,2,10,98,,0,1
103926,16,2,2.9,1,85.6,5.5,7.8,1,3.58,5.2,0,4,7.8,6,4,10,96,,3,1
103927,27,0,2.3,1,62.1,8.1,8.1,1,3.59,6.9,0,0,9.3,1,10,5,99,,3,1
103928,27,1,3.4,1,78.6,6.0,7.3,1,3.81,4.9,0,2,9.0,8,5,10,100,,1,0
103929,17,0,5.1,0,63.3,5.5,4.3,0,3.08,7.1,0,3,11.6,7,9,6,72,,2,1
103930,28,2,3.6,0,61.0,5.4,7.1,1,2.85,4.1,0,4,9.6,7,7,8,76,,3,1
103931,26,0,7.6,1,59.9,8.9,6.6,1,3.5,6.0,0,1,12.4,8,7,8,80,,2,1
103932,19,1,3.9,0,91.6,7.1,4.6,0,4.0,5.0,0,4,8.4,5,6,9,97,,2,0
103933,18,1,2.8,1,73.2,6.6,7.5,1,3.99,1.0,0,5,6.2,2,10,5,99,,0,0
103934,22,1,5.6,1,95.3,6.6,3.7,1,3.66,5.8,0,5,11.5,2,8,7,84,,1,1
103935,19,1,6.8,0,95.1,4.8,8.4,1,4.0,1.9,0,3,10.9,4,9,6,100,,0,1
103936,22,0,0.0,1,45.7,8.7,9.8,1,4.0,2.8,0,3,3.8,8,6,9,100,,2,0
103937,21,0,0.8,0,70.5,8.9,6.3,1,4.0,6.0,0,3,4.7,1,10,5,100,,3,1
103938,24,0,2.1,1,49.5,5.1,5.3,1,3.69,7.0,0,3,8.6,3,9,6,85,,2,1
103939,19,1,3.9,1,92.4,4.3,8.4,1,3.03,4.0,0,4,10.0,4,1,10,79,,2,0
103940,24,2,2.0,0,54.8,5.6,4.7,1,3.24,6.1,0,5,6.7,8,1,10,80,,1,0
103941,22,0,5.85,1,59.0,4.9,8.8,1,4.0,4.5,0,3,11.7,2,7,8,97,,0,1
103942,25,1,4.9,1,73.6,7.9,6.6,1,3.36,3.8,0,0,10.0,7,7,8,87,,2,1
103943,26,1,1.4,0,68.6,8.5,10.0,0,3.7,2.9,0,4,6.5,8,4,10,100,,2,0
103944,28,0,1.8,0,86.3,7.5,6.6,0,3.86,4.8,0,2,8.6,5,8,7,94,,3,1
103945,28,1,7.11,0,87.2,8.0,6.6,0,4.0,5.4,0,2,13.0,10,1,10,100,,2,0
103946,16,0,4.5,0,81.1,5.2,8.7,1,3.33,5.0,0,0,13.2,8,8,7,84,,2,1
103947,25,2,4.8,0,55.0,7.4,4.2,1,4.0,8.1,0,0,13.7,8,7,8,97,,3,1
103948,28,1,1.5,0,82.5,8.1,2.3,1,3.14,4.8,0,1,3.8,2,9,6,81,,1,0
103949,20,1,4.6,1,75.2,4.6,5.7,0,4.0,5.7,0,4,9.6,3,9,6,100,,1,1
103950,21,2,2.8,0,70.9,7.5,6.3,1,3.44,5.0,0,3,8.8,2,1,10,82,,2,1
103951,24,2,1.2,1,78.9,4.3,7.3,1,2.87,3.0,0,3,7.4,1,2,10,66,,2,1
103952,19,1,5.0,0,73.9,9.5,7.6,0,3.79,8.5,0,3,14.7,6,10,5,97,,2,0
103953,20,0,4.7,1,76.8,9.2,9.1,0,3.18,6.1,0,0,12.0,7,5,10,87,,1,1
103954,23,1,3.8,1,65.8,6.1,7.1,1,4.0,5.3,0,4,7.7,6,1,10,100,,3,1
103955,20,1,3.4,0,85.2,7.7,5.7,1,4.0,2.6,0,4,7.2,8,3,10,97,,2,0
103956,22,0,3.1,1,82.9,7.9,6.9,0,4.0,3.6,0,3,8.7,9,2,10,100,,1,0
103957,16,2,3.0,1,84.3,7.9,7.8,1,3.34,4.0,0,4,11.0,5,4,10,84,,1,0
103958,19,1,6.4,0,83.8,8.2,5.6,1,4.0,4.9,0,1,14.9,1,9,6,99,,3,1
103959,26,1,3.1,0,79.1,9.0,8.5,1,2.94,2.2,0,4,8.5,7,3,10,83,,1,1
103960,21,0,2.9,0,76.3,6.8,6.6,0,4.0,5.0,0,2,8.8,6,5,10,99,,2,1
103961,18,0,3.1,1,48.0,10.4,4.9,0,3.92,4.2,0,0,6.5,1,4,10,98,,1,0
103962,27,0,5.2,1,40.2,10.2,8.2,0,4.0,5.2,0,4,10.1,7,10,5,98,,1,1
103963,16,2,4.3,1,95.2,8.7,4.9,1,4.0,3.6,0,3,6.4,6,6,9,100,,2,1
103964,23,0,4.92,0,91.7,8.8,5.4,1,3.37,7.2,0,4,7.5,4,6,9,77,,2,1
103965,23,2,3.4,1,62.0,5.8,6.6,0,3.52,2.8,0,2,11.7,7,10,5,97,,1,0
103966,20,1,7.3,1,95.2,7.5,10.0,1,4.0,2.8,0,1,11.0,7,3,10,100,,3,1
103967,26,2,5.3,0,54.8,6.9,6.3,1,4.0,3.4,0,1,13.0,2,4,10,94,,1,1
103968,20,2,5.7,0,79.1,7.9,5.7,0,3.45,1.2,0,1,13.1,8,8,7,88,,2,1
103969,21,2,1.9,0,80.6,7.7,10.0,1,3.87,2.6,0,3,7.0,10,1,10,97,,1,0
103970,18,1,6.4,1,43.7,5.7,4.1,1,4.0,7.7,0,4,8.2,4,4,10,100,,3,0
103971,21,2,3.3,1,90.0,4.2,4.8,0,4.0,2.7,0,4,5.9,6,1,10,95,,3,1
103972,27,0,0.6,0,61.0,8.2,8.1,0,4.0,4.2,0,1,7.2,4,6,9,100,,1,1
103973,16,0,4.0,0,63.1,7.2,9.9,0,3.79,3.1,0,4,11.1,9,5,10,98,,2,0
103974,19,1,2.8,1,75.6,6.6,2.6,0,3.35,3.6,0,5,7.9,1,3,10,79,,1,0
103975,16,1,5.2,1,47.5,11.5,2.4,0,4.0,3.8,0,4,12.2,10,9,6,97,,2,1
103976,28,2,2.4,1,62.9,10.0,5.2,1,4.0,4.2,0,3,6.2,1,2,10,94,,3,1
103977,26,0,2.0,1,87.3,6.2,8.1,0,3.25,4.9,0,5,8.7,1,7,8,71,,1,1
103978,24,1,3.6,0,55.2,8.3,6.2,0,3.28,2.8,0,0,9.5,10,3,10,77,,1,1
103979,25,1,6.7,0,57.1,6.6,4.1,0,4.0,3.2,0,0,15.8,3,9,6,97,,1,0
103980,24,2,5.51,1,83.7,8.1,6.8,1,4.0,5.9,0,3,9.9,6,7,8,94,,1,1
103981,17,0,2.12,0,53.4,6.2,5.6,0,3.12,6.6,0,1,8.5,2,10,5,81,,1,0
103982,28,2,5.1,0,42.4,7.6,6.2,0,3.69,3.8,0,1,6.4,7,8,7,100,,1,1
103983,23,2,1.7,1,86.7,6.7,9.6,1,3.39,6.4,0,4,8.4,7,2,10,80,,1,1
103984,23,1,3.2,1,81.4,7.5,7.6,1,4.0,1.0,0,5,8.3,5,1,10,99,,3,1
103985,18,1,3.6,1,52.6,8.1,6.8,0,3.78,6.2,0,2,10.4,9,10,5,94,,1,1
103986,25,1,2.1,1,46.0,7.9,9.4,0,3.38,4.4,0,3,6.9,10,1,10,85,,1,0
103987,23,1,1.8,0,75.9,6.8,4.1,1,3.35,5.5,0,3,8.3,1,6,9,88,,1,0
103988,21,0,3.59,0,51.9,9.9,2.8,0,4.0,5.4,0,2,9.1,10,10,5,100,,3,1
103989,19,0,4.4,0,88.9,7.4,9.3,1,3.19,5.9,0,5,11.9,1,10,5,77,,2,0
103990,26,2,6.4,0,97.9,5.6,7.1,1,3.22,1.5,0,3,8.8,6,4,10,91,,1,0
103991,25,0,5.1,1,82.6,5.4,5.0,0,3.27,4.4,0,2,8.5,6,7,8,85,,2,1
103992,22,1,2.89,1,85.5,6.0,9.4,0,2.0,8.4,1,0,10.8,4,2,10,42,,2,1
103993,17,2,2.0,1,98.4,8.3,7.3,1,4.0,5.5,0,5,8.0,6,7,8,100,,3,1
103994,26,0,2.3,0,43.1,8.0,8.9,1,4.0,3.4,0,1,11.9,5,6,9,100,,3,1
103995,17,1,5.1,0,70.1,9.4,5.9,0,3.88,1.8,0,5,11.6,6,7,8,100,,0,1
103996,18,2,5.6,0,77.6,8.3,8.0,1,4.0,2.7,0,4,10.9,1,9,6,88,,2,1
103997,25,1,3.5,0,68.0,7.0,9.0,0,2.67,8.6,1,5,10.5,9,1,10,65,,2,1
103998,17,1,6.29,1,96.9,6.6,6.9,1,4.0,5.8,0,5,11.7,9,8,7,100,,3,0
103999,17,1,8.9,1,52.0,6.3,5.8,0,3.65,6.8,0,3,15.7,4,4,10,99,,0,1
104000,24,1,5.5,0,51.5,7.9,8.5,0,3.77,6.9,0,3,9.5,1,3,10,98,,1,0
104001,21,1,5.1,0,40.9,6.6,6.9,1,3.03,3.7,0,0,9.1,4,3,10,78,,2,0
104002,19,2,3.5,0,82.0,5.0,6.4,1,3.51,5.1,0,1,9.2,3,1,10,84,,2,0
104003,20,2,3.5,0,50.4,7.4,6.3,1,4.0,6.7,0,2,5.4,9,2,10,100,,2,1
104004,18,0,6.69,1,56.3,5.8,6.3,1,3.17,8.0,0,3,9.4,4,2,10,73,,1,0
104005,19,1,4.8,0,40.7,7.0,9.2,0,3.25,5.3,0,1,10.8,6,5,10,78,,3,1
104006,24,1,0.3,0,53.9,8.7,2.6,1,3.95,5.1,0,0,6.4,2,3,10,100,,3,0
104007,26,1,4.2,0,97.9,9.0,6.5,0,4.0,7.3,0,0,8.2,8,10,5,93,,2,1
104008,22,0,2.8,0,98.0,5.2,7.6,0,3.62,1.6,0,3,9.3,3,2,10,99,,2,1
104009,18,0,6.0,0,40.7,6.2,7.7,1,4.0,4.7,0,5,13.8,10,4,10,100,,3,0
104010,20,1,4.54,0,46.0,4.0,7.6,0,3.83,1.0,0,0,9.3,1,2,10,98,,0,0
104011,18,0,2.6,1,53.1,6.2,2.0,1,3.41,7.9,0,4,6.2,1,6,9,85,,1,0
104012,27,0,7.38,1,85.8,7.5,7.2,0,4.0,4.2,0,2,13.0,2,3,10,100,,3,0
104013,22,2,0.3,0,61.3,6.7,10.0,1,4.0,1.0,0,2,6.5,8,6,9,100,,2,1
104014,24,0,6.39,1,92.2,8.8,9.9,1,3.87,6.2,0,3,10.3,10,6,9,99,,1,1
104015,26,1,3.0,1,82.5,6.9,4.3,1,2.58,2.7,0,1,5.6,1,3,10,62,,3,0
104016,24,1,6.3,1,50.4,7.3,7.3,0,4.0,7.3,0,4,10.8,6,7,8,100,,3,1
104017,20,1,0.5,0,85.9,6.5,7.5,1,2.46,6.6,0,3,7.2,3,5,10,63,,3,1
104018,28,1,4.1,1,97.5,8.7,5.4,1,3.42,3.3,0,2,11.4,6,1,10,85,,1,1
104019,16,1,3.9,0,53.5,6.2,5.8,1,4.0,4.1,0,5,10.4,10,9,6,100,,1,0
104020,18,0,2.7,1,89.0,6.3,8.1,1,4.0,8.3,0,4,4.9,1,9,6,98,,2,1
104021,17,2,3.8,0,86.3,10.0,8.9,0,3.37,5.1,0,1,7.6,1,9,6,86,,2,0
104022,24,0,6.3,0,95.2,4.4,9.4,0,3.67,1.9,0,0,12.0,10,5,10,91,,3,0
104023,23,0,4.8,0,85.1,6.2,4.6,0,3.41,10.0,0,5,11.2,1,4,10,84,,3,1
104024,24,2,4.9,1,80.2,6.9,6.6,0,3.29,4.4,0,1,8.0,1,7,8,85,,3,0
104025,25,1,0.5,0,57.1,7.9,7.3,1,4.0,2.9,0,4,4.4,6,5,10,100,,0,0
104026,16,1,4.0,1,67.3,5.5,4.9,0,3.86,3.5,0,0,7.0,2,4,10,100,,2,0
104027,26,1,5.6,1,91.3,10.5,10.0,0,4.0,6.2,0,5,12.4,5,10,5,98,,3,1
104028,21,1,3.6,1,47.5,6.2,10.0,0,3.47,6.2,0,2,7.5,6,2,10,100,,1,0
104029,16,1,6.0,1,79.1,8.0,7.5,1,3.88,6.0,0,0,10.2,6,9,6,100,,1,1
104030,24,2,1.6,1,96.8,6.4,8.0,0,2.72,7.2,0,1,8.2,3,4,10,70,,2,1
104031,24,0,6.63,0,84.3,5.4,5.1,0,3.92,3.3,0,2,11.1,10,5,10,99,,0,1
104032,18,1,4.4,0,52.7,6.8,8.7,1,3.3,6.1,0,1,10.7,1,8,7,81,,3,1
104033,18,0,2.1,1,40.5,4.8,9.4,0,4.0,3.7,0,3,8.6,3,3,10,100,,1,1
104034,27,2,3.0,0,46.9,6.8,8.1,1,2.58,4.0,0,3,5.3,5,5,10,53,,2,0
104035,22,1,6.28,0,70.5,9.0,6.3,1,4.0,2.2,0,0,12.1,6,9,6,100,,3,0
104036,19,0,1.4,0,55.1,9.2,6.1,0,4.0,2.8,0,5,8.2,3,10,5,100,,3,1
104037,21,2,4.3,1,71.0,6.8,6.0,0,4.0,5.1,0,3,11.7,1,10,5,99,,2,1
104038,28,1,3.7,0,83.2,6.0,8.8,0,4.0,3.0,0,2,8.8,10,6,9,98,,3,1
104039,18,2,5.7,0,67.5,5.8,8.0,1,2.92,1.9,0,1,11.5,1,1,10,73,,3,1
104040,20,1,2.0,0,54.0,8.6,6.6,0,4.0,3.5,0,1,9.9,5,3,10,99,,3,1
104041,27,0,3.76,1,92.7,8.1,7.4,1,3.07,3.5,0,4,5.9,7,7,8,70,,2,0
104042,16,2,6.25,0,44.4,7.9,10.0,0,2.98,6.0,0,0,11.2,8,1,10,78,,2,1
104043,18,0,0.6,1,61.0,7.1,8.8,1,3.95,3.1,0,3,6.1,10,5,10,100,,2,1
104044,22,1,2.1,1,47.9,8.4,9.3,1,4.0,3.7,0,1,7.5,6,8,7,100,,2,0
104045,25,0,1.5,0,71.4,5.8,7.5,0,4.0,2.9,0,5,5.0,1,2,10,100,,3,1
104046,24,2,4.18,1,57.2,6.2,5.9,0,4.0,2.6,0,5,8.7,3,4,10,100,,2,1
104047,18,0,4.9,1,83.2,6.1,5.7,1,3.28,4.8,0,3,10.6,10,9,6,84,,3,1
104048,18,2,5.1,0,68.5,5.6,5.4,1,3.18,3.5,0,1,12.8,8,8,7,85,,0,0
104049,27,0,2.7,1,65.8,7.2,5.2,0,3.84,7.9,0,0,6.6,5,9,6,97,,2,1
104050,24,2,4.6,0,77.9,8.5,3.8,0,3.75,3.1,0,2,9.6,2,8,7,96,,1,0
104051,19,1,7.72,0,90.4,6.1,6.9,0,4.0,3.1,0,1,12.9,9,3,10,100,,2,1
104052,17,1,4.6,1,62.2,7.5,6.8,0,3.48,4.3,0,3,8.6,2,8,7,81,,2,1
104053,20,0,3.0,0,89.4,7.8,7.3,0,4.0,4.0,0,4,6.3,5,8,7,99,,3,0
104054,18,0,2.1,0,78.7,9.7,10.0,0,3.74,1.0,0,5,12.0,9,1,10,100,,0,0
104055,25,2,4.9,0,72.7,9.0,5.6,1,4.0,5.0,0,1,10.0,10,5,10,100,,1,1
104056,20,0,1.9,0,81.1,10.2,7.1,0,2.68,4.3,0,1,8.1,8,2,10,67,,3,1
104057,28,2,4.1,0,51.9,8.5,6.7,1,3.6,3.1,0,4,9.8,10,4,10,93,,3,1
104058,16,0,3.69,0,89.2,7.7,6.3,0,3.76,4.9,0,1,8.2,2,8,7,93,,0,1
104059,27,0,4.8,1,57.3,4.4,7.6,1,3.78,3.0,0,5,8.0,1,1,10,100,,1,1
104060,22,0,1.1,1,47.7,5.1,3.9,1,2.12,3.7,0,5,11.2,5,1,10,49,,0,1
104061,24,0,2.5,0,92.7,9.1,5.0,1,4.0,6.7,0,1,6.3,8,7,8,100,,2,1
104062,25,2,6.0,1,70.5,6.4,4.9,0,4.0,4.9,0,3,10.7,7,10,5,95,,2,1
104063,16,2,1.5,1,54.9,5.8,7.2,0,2.67,5.0,0,4,6.1,2,8,7,67,,2,0
104064,22,0,2.6,0,50.6,9.5,4.5,1,4.0,6.6,0,3,7.8,3,2,10,99,,2,1
104065,17,2,3.0,1,53.6,4.0,4.3,0,4.0,6.5,0,4,8.8,2,6,9,99,,2,1
104066,17,0,3.5,1,56.8,8.5,6.9,1,3.76,7.7,0,1,6.7,9,7,8,90,,1,0
104067,24,1,4.8,1,64.2,8.8,7.5,0,4.0,6.4,0,4,7.6,9,9,6,100,,2,0
104068,16,2,2.2,1,79.6,7.7,9.1,1,4.0,7.9,0,4,7.3,8,9,6,100,,2,1
104069,16,1,4.5,0,96.2,8.9,9.3,1,3.37,1.9,0,4,8.1,7,7,8,85,,3,1
104070,24,2,0.0,1,45.4,6.5,6.6,0,3.62,4.1,0,1,4.0,1,7,8,97,,3,1
104071,20,2,4.7,1,68.8,7.7,5.4,0,4.0,6.3,0,2,11.4,9,9,6,100,,2,1
104072,28,1,3.2,1,68.6,5.3,4.8,1,2.41,8.5,1,4,9.0,5,3,10,62,,0,0
104073,18,1,1.3,1,84.7,6.7,10.0,1,4.0,6.8,0,2,8.0,10,6,9,100,,0,0
104074,27,1,8.8,1,42.6,6.3,9.1,0,3.27,4.6,0,5,12.2,7,6,9,80,,2,0
104075,27,0,0.6,0,54.7,7.5,7.2,1,3.17,2.5,0,1,8.3,7,6,9,71,,0,1
104076,19,1,3.1,1,99.6,8.1,7.0,0,3.14,4.9,0,2,7.8,7,5,10,79,,1,1
104077,27,2,3.25,0,94.5,7.0,8.7,1,4.0,1.8,0,3,7.4,1,2,10,93,,1,1
104078,22,1,3.7,0,86.6,6.7,6.7,0,4.0,8.4,0,1,7.0,9,9,6,100,,3,1
104079,21,1,5.1,1,44.1,7.9,7.6,1,4.0,6.5,0,3,15.8,1,7,8,100,,1,1
104080,19,0,0.6,1,65.7,4.8,9.2,0,2.94,4.5,0,5,2.9,5,2,10,71,,0,1
104081,25,1,3.8,1,51.5,7.2,8.6,0,3.67,4.3,0,1,11.0,1,7,8,97,,3,1
104082,16,2,6.7,1,41.5,6.9,8.4,1,3.29,3.4,0,1,14.4,2,6,9,81,,2,0
104083,20,2,7.82,0,88.0,6.9,4.4,0,3.84,6.6,0,1,11.8,1,8,7,100,,0,0
104084,19,2,4.5,1,78.9,6.2,9.4,1,3.83,5.6,0,4,11.3,10,9,6,94,,3,1
104085,25,2,5.4,0,97.3,4.8,3.2,1,3.48,5.2,0,4,9.0,6,2,10,82,,1,0
104086,28,0,4.6,0,64.6,11.3,8.1,0,4.0,5.4,0,0,6.5,4,2,10,100,,3,1
104087,16,0,4.4,0,64.1,5.1,5.8,0,3.5,7.2,0,3,10.0,8,5,10,88,,2,1
104088,23,1,5.54,0,44.5,6.2,9.6,1,3.55,4.5,0,4,12.6,2,3,10,86,,1,1
104089,18,2,7.6,1,89.2,8.6,8.3,0,2.92,5.1,0,0,16.0,9,1,10,69,,2,0
104090,26,1,2.8,0,85.4,4.5,9.0,0,2.85,6.6,0,2,8.9,2,6,9,70,,2,0
104091,27,1,1.2,0,94.9,8.4,8.7,0,4.0,5.1,0,1,6.9,1,7,8,100,,2,1
104092,17,1,3.5,1,60.8,5.4,9.1,0,3.39,4.5,0,2,12.1,2,2,10,88,,3,1
104093,17,2,4.5,1,43.0,8.4,5.3,0,3.97,3.0,0,0,13.5,4,2,10,100,,1,0
104094,23,1,4.86,0,87.3,5.1,8.1,0,3.53,2.8,0,2,12.2,2,3,10,90,,1,1
104095,24,2,5.7,1,75.7,6.9,6.8,1,3.72,6.6,0,5,13.4,4,7,8,93,,3,1
104096,27,1,3.8,0,95.9,8.2,8.6,0,4.0,5.4,0,5,8.9,9,2,10,97,,2,0
104097,23,2,4.2,0,85.4,9.4,4.4,0,3.06,8.2,1,3,11.8,4,3,10,77,,2,0
104098,16,1,4.9,1,88.7,9.6,3.2,0,4.0,2.4,0,3,12.1,10,7,8,100,,1,1
104099,17,1,3.3,1,68.7,5.5,6.6,0,3.42,6.4,0,1,8.2,9,5,10,84,,2,0
104100,27,1,2.6,0,41.0,6.6,3.8,0,2.8,4.6,0,2,7.7,10,2,10,62,,2,1
104101,18,2,4.0,1,86.0,8.8,7.7,1,4.0,5.1,0,2,9.6,1,7,8,100,,1,1
104102,26,0,1.2,1,48.0,7.7,5.1,0,3.95,6.1,0,3,4.9,5,9,6,100,,1,0
104103,22,0,7.48,0,56.2,5.6,8.9,1,4.0,2.9,0,3,13.3,9,2,10,100,,2,1
104104,17,1,0.0,0,61.3,6.1,7.4,1,2.35,2.6,0,4,4.5,3,4,10,60,,1,0
104105,16,2,3.4,0,70.8,7.4,6.8,0,3.25,1.1,0,3,11.1,8,1,10,86,,2,0
104106,25,0,4.9,0,67.8,7.1,7.9,0,3.56,3.5,0,0,8.8,1,4,10,92,,2,1
104107,25,0,1.4,0,45.0,6.5,6.2,0,2.94,3.5,0,0,6.6,3,1,10,69,,1,0
104108,22,0,7.11,0,74.8,5.9,7.4,0,4.0,8.5,0,3,13.1,1,9,6,99,,2,0
104109,26,2,2.9,1,45.8,7.1,5.1,1,2.7,8.8,0,5,8.1,1,7,8,74,,1,0
104110,24,1,5.3,1,77.9,7.2,5.2,1,4.0,2.1,0,3,9.7,6,8,7,95,,3,1
104111,19,1,0.0,0,73.0,7.9,6.8,1,4.0,4.3,0,0,5.5,6,7,8,100,,3,0
104112,16,0,2.7,1,70.8,7.0,5.4,0,3.96,7.5,0,3,8.7,7,6,9,90,,2,1
104113,20,2,2.3,1,74.1,7.6,8.0,0,3.9,6.9,0,4,10.2,5,3,10,100,,1,1
104114,21,2,2.4,1,73.1,5.4,6.1,0,3.99,3.7,0,2,5.6,9,5,10,100,,3,0
104115,18,1,2.6,0,58.0,6.7,6.2,1,3.69,8.3,0,3,10.8,5,9,6,83,,3,1
104116,17,1,4.8,0,96.7,5.3,6.1,1,4.0,4.5,0,2,7.5,10,3,10,100,,2,1
104117,28,1,4.17,1,83.6,8.1,8.9,1,3.93,2.8,0,2,10.5,5,2,10,90,,2,1
104118,24,1,6.4,0,57.4,6.9,5.3,0,3.45,2.8,0,5,10.0,5,10,5,96,,0,1
104119,27,1,7.41,1,62.4,9.3,6.6,1,3.53,4.4,0,1,12.2,10,5,10,79,,0,1
104120,18,0,3.7,0,63.7,7.6,10.0,1,4.0,6.0,0,2,12.8,5,9,6,100,,2,1
104121,19,1,3.5,0,83.6,8.5,6.2,0,3.5,10.0,0,4,10.2,1,9,6,92,,2,1
104122,25,1,3.5,1,49.9,5.7,7.1,0,2.98,5.3,0,2,7.3,8,7,8,68,,1,1
104123,17,1,2.4,1,87.7,5.4,6.9,0,3.36,6.6,0,4,5.7,9,1,10,83,,0,1
104124,23,1,6.66,1,56.6,7.7,4.8,0,3.62,6.5,0,0,11.6,9,3,10,94,,2,0
104125,17,1,1.9,0,65.5,9.4,9.1,1,3.66,1.7,0,2,8.2,10,4,10,95,,2,0
104126,18,0,3.19,0,94.8,6.7,6.7,1,3.32,2.8,0,3,9.5,8,4,10,77,,2,1
104127,18,1,5.1,0,86.2,9.3,6.2,1,4.0,3.6,0,1,11.6,5,3,10,96,,2,1
104128,23,1,6.59,1,56.9,9.3,7.7,1,3.18,5.7,0,2,11.3,8,1,10,80,,2,1
104129,26,1,2.9,1,71.1,9.1,5.9,1,3.54,4.7,0,1,4.5,4,8,7,94,,1,1
104130,25,2,0.3,1,56.9,6.5,7.3,1,4.0,2.1,0,0,6.7,10,10,5,82,,2,1
104131,23,0,4.82,0,55.9,7.8,8.2,1,3.58,5.0,0,4,8.2,8,1,10,82,,1,1
104132,19,1,2.3,1,82.3,5.0,4.8,1,3.49,6.2,0,5,7.1,7,4,10,83,,3,1
104133,17,1,9.6,0,69.2,9.3,8.3,1,4.0,5.2,0,5,16.6,10,5,10,98,,1,1
104134,18,1,4.9,1,56.1,4.9,10.0,1,4.0,2.0,0,1,11.0,3,10,5,97,,1,1
104135,24,0,1.5,0,58.1,8.5,10.0,1,3.95,6.3,0,3,9.7,2,7,8,91,,2,1
104136,25,1,3.6,1,50.8,4.0,4.9,0,2.99,5.3,0,4,10.2,7,2,10,75,,2,0
104137,20,2,3.4,0,75.7,7.3,5.4,0,2.74,8.3,1,4,8.4,9,3,10,65,,2,1
104138,27,1,4.8,1,79.0,7.8,3.9,1,3.63,8.6,0,5,13.4,9,7,8,89,,1,1
104139,22,0,5.1,0,97.5,7.3,6.4,1,4.0,4.2,0,2,7.5,6,6,9,100,,2,0
104140,23,2,6.9,1,49.2,6.1,6.2,1,4.0,5.1,0,1,9.7,6,9,6,100,,1,1
104141,20,1,2.3,0,80.6,5.1,7.2,1,3.18,5.7,0,3,6.8,9,6,9,83,,2,0
104142,25,2,6.4,1,98.2,4.5,7.1,0,3.4,6.9,0,1,13.2,7,7,8,90,,1,1
104143,24,2,3.9,1,64.5,4.6,2.5,0,3.52,7.0,0,4,10.1,9,9,6,91,,3,0
104144,25,2,6.74,0,66.5,7.2,9.0,0,4.0,2.7,0,1,13.2,6,9,6,100,,3,1
104145,16,2,4.74,0,89.8,6.5,8.7,1,4.0,6.2,0,5,10.9,6,9,6,100,,3,0
104146,17,0,3.5,1,86.0,5.6,8.6,0,2.15,5.8,0,5,10.5,1,3,10,61,,3,1
104147,27,1,1.4,1,98.3,10.8,9.4,0,3.65,7.2,0,0,6.9,4,10,5,85,,1,0
104148,23,0,5.68,0,67.7,8.2,7.0,1,3.09,5.4,0,4,13.5,2,7,8,76,,2,1
104149,26,2,6.5,0,52.3,6.2,9.3,1,4.0,6.9,0,5,10.1,2,4,10,99,,0,1
104150,25,1,6.1,0,66.7,7.2,8.8,1,4.0,2.1,0,0,14.0,5,1,10,100,,1,1
104151,17,1,1.9,1,85.4,6.1,7.0,0,3.61,5.7,0,5,7.6,4,2,10,88,,0,0
104152,21,0,4.0,1,46.1,7.3,5.2,0,2.87,7.2,0,3,9.1,5,8,7,79,,2,1
104153,24,1,3.0,0,85.1,4.4,6.1,1,2.72,6.1,0,4,10.4,5,2,10,65,,2,1
104154,22,1,0.8,1,66.1,6.9,7.3,0,3.5,5.5,0,5,8.4,2,3,10,82,,3,1
104155,24,2,5.1,1,82.3,6.4,7.0,1,3.1,3.9,0,3,10.7,6,4,10,78,,2,0
104156,24,2,2.1,1,51.5,7.2,8.0,0,4.0,4.9,0,5,6.5,9,7,8,100,,2,0
104157,19,1,6.97,1,49.6,7.7,8.7,1,4.0,2.8,0,4,12.0,1,8,7,90,,2,1
104158,28,1,5.5,0,46.2,7.5,7.5,0,3.69,6.5,0,2,12.2,10,9,6,88,,3,1
104159,16,1,3.2,0,42.7,7.0,7.4,1,3.25,3.7,0,2,8.5,7,10,5,77,,3,1
104160,16,2,6.5,0,59.5,7.5,6.7,1,4.0,3.8,0,5,9.7,9,4,10,93,,2,1
104161,17,0,2.5,0,45.4,7.1,8.4,0,3.69,6.2,0,0,9.4,5,2,10,93,,0,0
104162,25,1,5.5,1,65.4,7.3,7.3,1,4.0,3.3,0,2,8.5,9,4,10,100,,1,1
104163,24,0,5.3,1,77.5,6.7,5.8,1,3.34,4.9,0,1,10.7,1,7,8,87,,2,1
104164,19,2,7.9,1,68.7,7.7,6.6,0,4.0,3.9,0,4,12.5,4,6,9,100,,1,1
104165,17,0,3.0,0,98.6,6.6,8.2,0,3.9,4.6,0,2,10.3,7,6,9,94,,2,1
104166,16,2,4.3,1,66.5,7.6,7.8,0,3.91,4.7,0,3,8.3,6,10,5,100,,2,0
104167,24,0,0.2,0,49.3,5.1,8.2,1,3.45,6.0,0,3,8.8,5,10,5,88,,2,0
104168,17,2,7.3,1,58.7,5.1,8.4,1,4.0,6.9,0,0,15.1,4,9,6,100,,3,1
104169,17,2,7.01,0,80.8,4.7,5.6,1,4.0,7.8,0,1,12.3,4,6,9,99,,2,1
104170,25,1,8.2,1,55.0,8.6,6.1,1,4.0,7.1,0,5,13.9,10,8,7,100,,2,1
104171,24,0,6.1,1,74.8,5.9,5.8,1,3.52,5.0,0,4,11.2,5,6,9,83,,0,0
104172,18,2,6.3,0,76.9,9.4,8.0,0,3.95,3.0,0,5,13.4,5,1,10,91,,2,1
104173,23,2,2.1,0,50.6,5.7,10.0,1,2.83,6.5,0,5,6.3,9,1,10,75,,2,1
104174,23,2,4.4,1,45.8,8.2,7.7,1,3.69,4.2,0,5,8.3,1,3,10,88,,3,0
104175,22,1,2.0,1,50.3,7.5,6.6,1,2.71,5.4,0,5,7.4,7,2,10,62,,2,1
104176,24,1,1.3,1,74.8,8.7,5.5,1,4.0,5.9,0,3,6.4,5,2,10,100,,2,1
104177,24,2,7.6,0,96.1,6.7,8.8,1,3.54,8.3,1,5,12.0,10,1,10,89,,2,0
104178,20,0,5.2,0,43.6,4.7,9.5,0,4.0,3.6,0,0,7.9,7,10,5,98,,1,1
104179,27,2,2.3,0,83.8,7.3,5.3,0,4.0,2.1,0,3,10.4,8,6,9,94,,2,0
104180,16,2,0.7,0,65.6,6.8,6.7,0,3.02,6.6,0,0,5.6,6,6,9,78,,1,1
104181,18,1,1.2,0,93.0,6.7,6.5,1,3.24,4.7,0,1,7.9,4,9,6,82,,0,1
104182,16,0,2.6,1,47.5,7.6,6.9,0,3.36,6.9,0,5,10.6,7,1,10,76,,1,1
104183,25,2,2.0,0,78.9,6.8,9.1,1,2.48,5.4,0,1,8.6,4,5,10,62,,2,0
104184,19,0,4.5,1,80.5,5.8,10.0,1,4.0,2.8,0,5,13.0,4,4,10,100,,3,1
104185,26,1,7.5,0,99.8,6.1,5.1,1,4.0,8.0,0,3,15.8,2,5,10,100,,3,0
104186,26,2,5.4,1,59.7,6.5,6.7,1,3.81,5.6,0,4,8.0,7,3,10,90,,1,1
104187,25,0,0.0,1,47.8,8.2,6.0,1,2.19,4.7,0,0,5.1,4,3,10,48,,0,0
104188,22,0,7.0,0,45.8,5.9,7.8,1,4.0,2.4,0,0,10.2,6,9,6,100,,2,1
104189,26,0,5.8,1,89.0,7.0,10.0,1,4.0,4.3,0,4,15.8,6,10,5,97,,1,1
104190,22,0,5.2,1,61.4,5.8,7.6,0,4.0,7.2,0,3,12.7,3,9,6,100,,1,0
104191,18,1,1.2,0,58.8,6.4,5.8,1,3.66,8.1,0,5,5.6,5,7,8,93,,2,1
104192,28,1,4.3,1,59.3,8.1,4.2,0,3.84,10.0,1,1,8.6,5,3,10,90,,0,1
104193,16,0,7.4,1,47.0,5.6,8.8,1,4.0,1.3,0,2,14.6,3,6,9,99,,1,0
104194,17,2,3.3,1,72.8,10.0,8.3,0,4.0,9.3,0,5,10.6,10,9,6,100,,2,0
104195,25,0,5.0,0,68.5,8.3,6.8,1,3.79,3.9,0,2,9.9,1,8,7,90,,2,0
104196,19,2,6.96,0,74.1,8.4,7.7,0,4.0,2.9,0,1,11.0,6,9,6,100,,2,0
104197,25,0,1.9,0,78.6,8.1,5.6,1,4.0,4.7,0,4,8.8,8,5,10,96,,1,1
104198,17,0,5.1,0,96.2,7.2,6.0,1,2.85,3.9,0,1,12.0,7,3,10,62,,1,0
104199,23,1,4.1,0,88.8,6.1,6.5,0,4.0,5.6,0,5,9.9,4,8,7,98,,1,0
104200,17,0,0.0,1,50.3,7.4,8.2,1,3.1,5.2,0,5,6.2,4,2,10,71,,1,0
104201,23,0,5.7,0,52.0,6.1,4.6,0,2.75,2.4,0,4,9.1,8,3,10,66,,1,0
104202,17,0,4.0,1,62.2,5.4,8.1,0,4.0,5.7,0,0,9.6,4,6,9,93,,0,1
104203,23,0,1.9,0,78.1,5.5,5.0,0,3.29,3.6,0,0,9.3,7,3,10,92,,2,1
104204,28,2,3.0,1,48.6,6.2,7.6,0,2.56,6.8,0,1,8.3,2,3,10,64,,2,0
104205,17,2,8.7,0,87.8,5.4,8.3,1,4.0,2.6,0,0,17.1,10,10,5,100,,1,0
104206,17,1,3.9,1,47.5,5.5,10.0,1,3.22,6.7,0,5,11.6,10,10,5,86,,0,1
104207,18,1,1.9,1,82.5,8.0,7.9,1,3.12,2.7,0,0,5.8,7,8,7,73,,2,1
104208,16,2,6.4,1,79.2,6.1,8.0,0,3.59,1.4,0,3,15.0,10,4,10,91,,2,1
104209,16,0,1.7,1,61.2,6.6,8.9,1,2.46,5.9,0,2,6.8,4,7,8,72,,1,1
104210,28,2,4.1,1,52.1,4.4,4.7,0,3.94,1.0,0,3,9.6,6,10,5,99,,1,1
104211,26,2,5.1,1,63.2,5.8,5.1,0,2.62,7.1,0,5,9.4,9,1,10,61,,2,1
104212,18,2,3.9,1,92.0,7.8,5.1,1,3.85,9.7,1,3,13.3,8,3,10,95,,1,1
104213,21,2,8.5,0,98.9,6.9,6.9,1,4.0,3.7,0,2,14.5,9,7,8,99,,2,0
104214,24,2,4.6,0,42.6,8.4,8.0,1,3.04,7.6,0,0,12.1,8,8,7,81,,2,0
104215,26,0,1.1,1,92.4,7.9,6.7,1,3.3,2.7,0,5,6.8,2,3,10,86,,2,1
104216,28,2,1.0,1,47.3,7.7,3.8,0,4.0,5.5,0,0,6.0,6,10,5,88,,1,1
104217,25,1,6.9,0,73.0,7.0,9.1,1,4.0,7.0,0,3,11.7,3,8,7,100,,3,1
104218,20,2,4.4,1,49.9,8.8,7.7,0,4.0,3.2,0,4,8.2,1,7,8,100,,3,1
104219,18,2,3.9,1,45.4,4.0,6.5,1,3.13,3.9,0,0,9.0,8,9,6,83,,1,0
104220,19,1,2.6,0,93.7,5.2,7.1,0,3.8,1.9,0,1,9.0,10,6,9,92,,1,1
104221,22,1,3.2,0,100.0,8.5,3.2,0,4.0,2.2,0,2,7.8,6,6,9,100,,2,1
104222,23,0,4.9,0,58.6,7.3,5.4,1,4.0,5.8,0,2,12.3,4,6,9,100,,2,1
104223,20,2,1.8,0,67.0,7.5,10.0,1,3.37,5.3,0,0,10.4,6,4,10,80,,2,1
104224,23,0,2.7,0,44.5,5.8,8.0,0,3.43,7.3,0,4,9.9,6,8,7,89,,3,0
104225,26,2,3.6,0,92.6,9.7,5.0,0,2.52,7.7,0,3,11.4,2,3,10,62,,1,0
104226,25,2,5.6,1,61.9,7.4,6.9,0,4.0,4.6,0,0,8.3,1,1,10,100,,2,1
104227,23,1,6.0,0,73.6,7.5,8.1,0,3.17,5.3,0,5,10.5,1,5,10,80,,0,0
104228,16,1,4.0,1,84.9,8.7,3.3,0,4.0,4.2,0,2,9.0,4,8,7,100,,0,1
104229,28,2,4.1,0,47.5,9.1,10.0,1,4.0,5.4,0,0,11.9,7,4,10,100,,0,0
104230,16,2,6.7,1,84.6,7.3,8.1,1,2.97,2.3,0,4,12.6,9,1,10,76,,2,0
104231,24,2,2.9,0,79.3,6.0,7.3,0,2.83,6.8,0,4,5.7,2,9,6,73,,2,1
104232,19,1,1.7,1,77.9,5.6,5.8,1,3.89,3.8,0,2,7.5,3,2,10,99,,0,0
104233,28,0,3.0,0,50.3,6.4,9.8,1,4.0,1.8,0,4,9.4,2,9,6,97,,2,1
104234,17,2,4.0,1,84.8,5.0,7.2,1,4.0,4.7,0,2,9.5,8,7,8,100,,2,0
104235,24,1,4.2,1,64.6,5.8,5.7,0,3.47,5.4,0,0,8.5,5,1,10,80,,1,1
104236,23,1,1.9,0,51.6,5.3,6.1,1,3.99,5.1,0,3,8.8,10,5,10,88,,0,1
104237,26,2,4.9,0,52.3,6.7,6.5,1,3.4,7.7,0,3,7.0,8,7,8,78,,1,0
104238,18,1,0.2,0,46.2,8.3,6.2,1,3.67,8.8,0,0,8.9,5,4,10,89,,2,1
104239,27,1,6.1,0,87.2,6.1,6.7,0,3.69,1.6,0,4,10.7,4,10,5,94,,2,1
104240,24,1,6.4,0,96.5,6.3,9.9,1,4.0,3.7,0,3,14.3,1,7,8,96,,2,0
104241,28,1,3.7,0,61.1,7.8,7.6,0,3.85,5.6,0,0,9.5,4,4,10,99,,1,1
104242,18,2,3.6,0,97.5,7.3,5.6,0,4.0,4.1,0,1,12.4,1,6,9,100,,3,0
104243,19,2,3.64,1,70.6,5.3,8.4,0,2.86,6.1,0,5,8.2,9,3,10,72,,2,1
104244,24,0,3.63,0,88.5,7.8,6.5,0,2.75,5.6,0,3,9.6,10,7,8,63,,2,0
104245,24,0,0.5,1,73.8,7.7,6.9,0,4.0,6.2,0,5,2.8,6,6,9,100,,1,1
104246,28,2,1.3,1,75.3,7.2,4.5,1,2.77,2.3,0,2,8.2,10,4,10,62,,2,1
104247,20,1,2.9,0,51.0,8.4,9.3,1,4.0,6.9,0,3,6.5,4,4,10,100,,2,0
104248,16,1,1.31,1,57.8,6.0,6.6,0,3.74,1.7,0,1,6.3,3,2,10,92,,2,0
104249,27,1,6.98,0,71.3,4.8,8.3,1,4.0,4.3,0,0,13.7,1,10,5,100,,2,1
104250,28,1,4.0,0,44.4,7.0,4.8,0,3.65,4.1,0,2,11.5,1,6,9,90,,1,0
104251,24,0,3.9,1,42.5,4.0,7.6,1,2.9,7.7,0,3,8.2,5,6,9,71,,1,1
104252,24,2,7.4,1,72.0,6.2,8.3,0,3.64,4.4,0,0,12.1,2,5,10,93,,3,1
104253,21,0,1.8,1,42.4,6.1,5.4,1,3.05,4.4,0,1,5.0,10,3,10,74,,1,1
104254,25,2,2.6,0,52.1,10.1,10.0,1,3.45,3.6,0,3,5.4,1,3,10,84,,1,0
104255,19,2,4.4,1,57.3,9.3,7.6,0,2.95,1.7,0,1,12.6,6,4,10,82,,1,1
104256,25,2,4.3,1,63.1,4.8,6.5,0,4.0,4.6,0,0,10.5,3,8,7,100,,1,1
104257,16,2,2.25,1,69.4,7.7,8.6,1,2.95,4.4,0,4,9.5,4,3,10,71,,1,0
104258,26,1,4.7,0,90.3,4.0,8.9,0,3.98,4.0,0,4,13.0,8,5,10,100,,2,0
104259,23,0,9.68,0,43.4,6.2,3.8,1,4.0,1.9,0,0,19.1,3,10,5,100,,2,0
104260,16,2,1.33,0,86.8,5.0,9.9,1,3.81,3.0,0,5,6.6,5,1,10,88,,1,0
104261,28,0,2.5,0,63.6,7.6,4.2,1,3.09,3.9,0,4,7.9,9,3,10,81,,3,0
104262,21,2,5.7,1,61.0,7.2,6.3,1,4.0,4.5,0,0,8.7,8,1,10,100,,2,1
104263,22,0,7.0,1,81.6,6.7,6.9,0,4.0,1.4,0,5,11.8,3,10,5,98,,2,1
104264,22,2,6.1,1,98.3,5.0,7.6,0,4.0,3.4,0,2,9.8,8,3,10,100,,2,0
104265,21,2,4.2,1,83.5,4.2,8.2,0,3.16,6.1,0,3,10.1,6,9,6,81,,2,0
104266,27,1,2.7,0,45.9,6.8,4.8,1,3.8,5.4,0,1,8.4,5,9,6,95,,0,0
104267,20,2,2.7,1,44.8,6.5,6.0,1,3.76,5.5,0,3,9.5,7,5,10,93,,2,0
104268,23,0,7.2,0,95.1,4.3,3.8,1,3.97,4.7,0,4,11.2,2,10,5,100,,3,1
104269,23,1,2.0,1,96.3,5.6,1.3,0,3.06,2.0,0,4,7.8,2,8,7,78,,1,0
104270,19,2,3.3,0,57.9,8.2,6.5,1,4.0,8.3,0,0,5.1,5,7,8,100,,2,0
104271,28,0,6.28,1,67.6,7.1,4.1,1,4.0,7.5,0,0,11.0,6,1,10,93,,2,1
104272,27,2,6.3,0,56.2,4.8,7.7,1,3.29,5.5,0,0,14.2,3,7,8,74,,1,0
104273,25,2,5.7,1,89.0,9.1,7.5,1,3.73,7.3,0,0,13.5,5,7,8,92,,3,1
104274,22,2,0.9,1,97.9,9.4,7.3,0,3.15,5.9,0,2,4.3,6,4,10,80,,0,1
104275,18,2,5.05,1,83.2,6.4,5.8,1,3.3,1.3,0,4,10.1,8,3,10,82,,1,1
104276,27,2,7.5,1,76.1,5.4,6.3,0,3.47,7.6,0,5,12.7,3,6,9,86,,3,1
104277,28,2,3.3,0,86.1,7.4,7.9,0,2.59,6.1,0,1,9.1,8,3,10,67,,2,1
104278,27,2,6.2,1,69.4,5.6,5.9,0,2.69,6.1,0,2,12.7,5,2,10,67,,2,1
104279,28,2,4.7,1,59.1,7.2,7.3,0,4.0,2.5,0,5,9.2,2,10,5,95,,2,0
104280,19,0,4.3,0,92.7,9.6,7.9,0,3.85,4.8,0,2,6.3,7,7,8,100,,1,0
104281,19,1,6.2,0,85.9,5.9,5.8,1,3.15,4.3,0,2,12.6,10,9,6,79,,1,0
104282,28,2,6.7,0,48.1,7.4,10.0,1,4.0,6.5,0,3,13.5,10,9,6,100,,3,0
104283,18,2,2.3,1,76.8,7.2,10.0,1,3.59,5.3,0,2,7.3,7,7,8,94,,1,0
104284,21,1,5.2,1,81.5,7.2,6.2,0,3.94,7.2,0,2,11.1,8,1,10,90,,2,1
104285,21,1,7.1,0,65.6,8.3,2.1,1,4.0,6.6,0,3,11.6,3,7,8,99,,1,1
104286,28,1,2.0,0,61.1,8.6,5.9,1,4.0,3.6,0,3,9.4,4,5,10,98,,3,1
104287,26,0,1.9,1,94.1,6.6,7.2,1,3.07,2.2,0,3,7.5,9,6,9,80,,3,1
104288,26,2,1.34,0,75.7,4.5,1.4,0,2.5,7.1,0,3,8.3,7,2,10,57,,1,1
104289,22,0,8.59,1,58.1,7.4,10.0,1,3.83,3.6,0,1,17.7,6,3,10,100,,2,0
104290,25,0,1.2,1,59.5,5.7,4.1,0,3.88,6.0,0,2,5.4,3,3,10,100,,3,0
104291,24,2,5.0,1,92.2,9.5,8.9,0,3.94,2.8,0,0,12.4,10,7,8,100,,3,1
104292,27,0,4.39,0,44.5,5.6,6.8,0,2.7,4.8,0,5,9.8,6,7,8,74,,2,0
104293,19,2,2.8,0,54.9,5.7,6.8,1,3.73,3.4,0,3,10.3,2,2,10,100,,1,0
104294,28,1,0.9,0,73.2,7.9,7.5,1,3.83,1.8,0,0,7.7,2,3,10,93,,1,1
104295,21,0,2.6,1,52.0,7.0,6.7,1,4.0,6.4,0,0,6.2,7,5,10,99,,2,0
104296,19,2,6.3,1,49.8,5.6,8.3,1,4.0,4.2,0,4,12.0,2,9,6,100,,3,1
104297,20,2,3.32,0,61.7,4.5,8.4,1,2.65,6.1,0,3,9.0,10,1,10,65,,2,0
104298,25,1,4.9,0,70.8,7.9,7.0,0,4.0,7.4,0,0,8.4,9,9,6,100,,1,1
104299,27,1,9.7,1,67.6,4.0,8.5,1,4.0,4.9,0,3,13.5,7,7,8,100,,0,1
104300,27,1,2.3,1,40.3,7.0,8.5,0,3.14,5.3,0,5,5.7,9,1,10,82,,3,0
104301,28,2,9.4,0,76.6,5.3,6.7,1,3.55,5.2,0,3,13.2,3,7,8,85,,2,1
104302,16,0,6.6,1,85.0,6.5,2.3,0,4.0,7.3,0,0,12.8,1,1,10,98,,2,0
104303,28,2,7.72,0,40.9,5.7,6.1,0,4.0,7.5,0,1,16.2,10,9,6,93,,2,0
104304,21,0,9.9,1,44.5,7.1,4.5,1,4.0,4.4,0,0,12.9,9,8,7,100,,3,0
104305,27,1,2.7,0,64.1,7.4,6.5,1,3.24,7.1,0,0,4.8,9,6,9,79,,1,1
104306,23,2,5.1,0,65.7,4.0,3.3,1,3.77,2.1,0,3,9.8,10,10,5,93,,2,0
104307,17,0,1.5,1,45.5,7.8,4.7,1,3.18,6.6,0,2,10.0,6,4,10,82,,3,0
104308,23,0,5.4,1,85.7,7.2,3.8,0,4.0,3.5,0,5,11.5,3,2,10,95,,2,0
104309,28,1,6.2,0,61.8,5.4,8.4,1,3.19,4.1,0,5,13.9,6,4,10,79,,0,1
104310,27,2,4.9,0,94.1,6.0,6.5,0,3.3,4.6,0,2,9.4,10,7,8,81,,1,0
104311,26,1,6.2,0,63.4,6.8,4.5,1,4.0,4.3,0,1,11.9,9,5,10,99,,1,1
104312,19,2,3.4,0,51.2,7.4,4.7,1,3.02,7.1,0,0,9.2,6,5,10,73,,3,1
104313,22,1,0.8,1,71.7,9.5,10.0,0,3.52,3.5,0,0,5.6,7,8,7,84,,1,0
104314,22,2,5.4,1,81.0,7.2,6.8,0,2.86,5.8,0,1,13.1,1,4,10,68,,3,1
104315,19,0,5.6,0,83.1,6.5,10.0,1,3.18,3.1,0,0,11.8,9,9,6,73,,0,1
104316,24,2,4.1,0,80.9,5.2,7.8,0,3.18,2.3,0,0,9.1,4,3,10,82,,1,1
104317,26,0,0.5,0,41.2,7.2,4.1,1,3.28,7.0,0,1,5.8,2,1,10,84,,3,0
104318,20,2,4.34,1,80.1,6.2,8.8,1,3.81,2.8,0,3,12.3,10,10,5,91,,3,0
104319,18,0,7.1,0,72.7,5.6,7.3,1,4.0,4.5,0,1,10.8,7,1,10,100,,1,0
104320,24,0,2.1,0,89.6,5.1,4.4,1,3.5,8.8,0,1,8.8,9,10,5,81,,1,1
104321,26,2,4.6,0,50.6,6.9,7.7,1,4.0,5.5,0,4,9.4,10,1,10,100,,2,1
104322,23,0,6.8,1,84.9,7.5,10.0,1,3.44,5.2,0,5,14.9,5,6,9,89,,0,0
104323,26,2,3.2,0,45.1,9.7,6.3,1,3.38,4.9,0,4,8.6,4,8,7,82,,3,0
104324,28,1,4.38,0,56.6,7.9,7.2,0,4.0,2.6,0,4,9.3,1,10,5,99,,1,1
104325,19,1,0.0,1,68.5,6.3,9.4,1,3.83,6.5,0,2,2.4,10,1,10,95,,2,1
104326,26,1,1.3,0,96.7,6.7,8.5,1,3.67,4.8,0,2,6.1,1,7,8,90,,1,1
104327,25,0,4.0,1,79.8,4.0,6.7,0,4.0,4.6,0,5,8.4,7,6,9,99,,0,1
104328,28,0,3.1,0,93.0,5.4,3.6,0,3.94,5.1,0,5,9.4,6,2,10,100,,2,1
104329,17,1,3.3,1,58.1,8.1,7.5,1,3.63,8.0,0,3,9.3,4,10,5,91,,1,1
104330,20,1,2.58,0,84.2,7.8,8.3,0,2.77,5.6,0,1,8.7,4,3,10,78,,2,1
104331,25,1,3.4,0,48.2,5.9,5.2,0,2.83,7.4,0,3,6.2,2,5,10,78,,2,0
104332,21,2,2.7,1,94.6,6.5,6.5,0,2.66,5.9,0,1,8.0,1,8,7,67,,0,1
104333,20,2,5.0,0,45.4,5.3,7.2,0,4.0,2.2,0,0,9.8,9,9,6,93,,2,0
104334,20,0,7.27,0,52.5,4.0,3.9,1,3.69,1.0,0,1,14.2,9,3,10,100,,3,1
104335,28,2,5.3,0,64.7,5.1,2.5,0,3.97,8.7,0,4,13.6,6,8,7,100,,2,0
104336,26,2,1.1,0,94.8,5.4,4.5,1,3.59,2.4,0,4,10.3,7,9,6,88,,3,0
104337,28,1,1.1,1,44.6,7.6,4.5,0,2.92,4.1,0,0,5.1,3,6,9,71,,1,1
104338,28,0,3.5,1,79.8,4.7,5.9,1,3.17,6.0,0,1,6.2,2,8,7,73,,1,1
104339,18,0,1.6,1,40.5,4.7,9.6,1,3.15,4.3,0,3,5.7,6,5,10,68,,1,0
104340,17,0,2.2,0,43.4,8.6,6.8,1,3.38,4.5,0,1,8.1,10,2,10,80,,3,1
104341,21,0,4.4,0,96.5,5.5,10.0,1,3.17,5.2,0,2,7.1,3,3,10,79,,1,0
104342,28,0,4.2,1,51.0,4.8,5.9,1,2.84,3.0,0,5,12.8,10,1,10,68,,1,1
104343,26,0,2.3,1,97.6,5.5,8.6,0,3.45,8.7,0,5,7.2,5,5,10,78,,3,1
104344,24,1,3.7,0,73.4,5.2,8.2,1,4.0,1.1,0,3,6.4,7,7,8,99,,3,0
104345,18,0,6.1,0,83.4,5.9,8.6,0,4.0,7.8,0,4,11.5,4,8,7,100,,3,0
104346,19,2,3.9,0,87.3,9.7,5.9,1,4.0,4.8,0,2,6.1,6,5,10,92,,2,1
104347,18,1,5.6,1,48.5,7.4,5.5,1,2.97,3.4,0,3,9.4,2,1,10,70,,2,0
104348,24,2,5.0,0,49.3,6.0,7.9,0,4.0,3.6,0,1,12.2,1,9,6,96,,1,1
104349,25,2,5.0,1,96.2,6.6,4.5,1,3.96,7.2,0,5,10.3,4,3,10,96,,2,1
104350,25,0,5.3,1,59.6,7.0,8.3,1,3.32,5.1,0,1,13.8,1,5,10,77,,1,1
104351,17,1,6.1,0,85.6,6.3,7.0,1,4.0,5.2,0,0,13.5,1,10,5,100,,2,1
104352,27,0,2.1,0,54.9,8.2,3.8,0,3.69,4.1,0,2,9.2,5,8,7,96,,1,1
104353,16,2,4.4,0,66.1,6.7,6.8,1,4.0,1.7,0,0,7.3,10,10,5,95,,3,1
104354,25,1,5.08,1,89.1,4.6,9.7,0,3.21,4.8,0,5,11.7,7,8,7,80,,1,1
104355,17,2,4.5,1,45.6,6.3,8.2,1,4.0,5.7,0,2,7.4,3,9,6,96,,2,0
104356,25,2,3.37,0,72.9,5.4,9.1,0,3.68,6.1,0,0,9.2,5,5,10,92,,2,1
104357,25,0,4.2,0,75.1,5.8,6.2,0,3.9,4.0,0,0,9.6,10,5,10,91,,1,1
104358,21,0,4.4,0,51.6,7.6,10.0,1,4.0,3.7,0,3,11.3,2,6,9,98,,0,1
104359,28,1,5.8,0,82.1,8.2,7.1,0,4.0,5.2,0,2,11.8,9,2,10,97,,1,0
104360,16,2,4.7,0,96.1,8.7,6.7,0,4.0,3.0,0,0,11.3,7,8,7,93,,3,1
104361,22,0,3.1,0,41.7,4.3,4.4,1,3.78,4.8,0,5,12.5,4,1,10,87,,3,1
104362,25,1,6.9,1,54.1,6.5,7.0,0,3.72,3.5,0,2,16.1,9,10,5,93,,1,0
104363,28,2,3.16,0,79.8,7.4,4.7,1,2.73,5.2,0,1,7.6,7,7,8,76,,1,1
104364,25,2,3.9,0,48.1,8.3,3.6,0,4.0,5.2,0,0,10.0,10,2,10,83,,2,1
104365,20,1,2.91,1,48.0,8.1,4.5,1,4.0,4.5,0,2,8.3,4,1,10,95,,2,0
104366,17,0,4.73,0,64.3,6.3,7.7,0,4.0,4.7,0,0,11.3,5,3,10,100,,1,0
104367,20,0,3.9,1,51.4,7.2,6.8,0,2.85,7.0,0,5,10.3,7,5,10,72,,3,0
104368,26,0,3.1,0,80.2,8.2,7.5,0,3.7,4.3,0,3,5.4,6,2,10,85,,3,1
104369,27,1,5.6,0,57.4,7.9,9.2,0,3.78,3.5,0,1,9.9,10,4,10,92,,0,1
104370,22,2,7.16,1,78.2,6.6,7.6,1,3.97,4.6,0,3,12.0,5,1,10,100,,2,1
104371,20,2,7.4,0,88.6,7.5,9.8,0,3.7,5.7,0,4,15.3,2,2,10,95,,0,1
104372,27,2,4.5,1,52.6,8.4,5.2,0,4.0,3.5,0,1,9.3,3,6,9,99,,2,0
104373,17,2,5.7,0,43.0,8.4,8.6,0,4.0,7.2,0,4,10.3,4,7,8,99,,3,1
104374,27,0,2.5,0,98.0,6.0,9.7,0,3.58,3.6,0,0,4.9,3,3,10,84,,2,0
104375,20,1,5.27,0,87.7,10.7,5.6,1,4.0,8.0,0,0,8.9,4,2,10,100,,2,0
104376,21,2,4.4,0,81.7,5.7,6.4,1,4.0,3.5,0,5,12.5,10,6,9,100,,3,0
104377,27,2,5.0,0,70.9,8.5,10.0,0,4.0,3.5,0,0,11.0,1,10,5,96,,2,1
104378,24,0,5.6,1,50.5,6.5,8.5,0,3.62,6.2,0,4,11.0,1,7,8,96,,1,1
104379,26,2,3.9,1,59.4,8.8,8.2,0,4.0,5.9,0,5,9.3,9,2,10,98,,1,1
104380,20,0,1.6,0,92.7,10.3,6.0,1,4.0,3.5,0,5,8.3,4,10,5,92,,2,0
104381,26,0,5.4,1,45.2,7.2,7.1,1,3.87,1.0,0,2,9.3,3,6,9,94,,0,1
104382,19,0,7.58,0,83.9,9.2,5.3,1,3.47,5.3,0,2,11.5,6,3,10,90,,0,1
104383,26,0,3.7,1,84.9,6.1,8.9,1,2.51,8.6,1,5,8.2,8,2,10,63,,3,1
104384,23,1,1.5,1,85.8,5.3,8.0,0,4.0,2.2,0,3,8.9,9,10,5,95,,0,1
104385,23,0,5.69,0,82.6,6.4,7.0,0,3.25,4.5,0,3,9.9,4,9,6,88,,2,0
104386,19,0,4.4,1,66.8,6.4,10.0,0,3.88,2.1,0,0,10.2,2,2,10,100,,1,1
104387,20,0,6.3,0,97.9,7.4,5.7,1,4.0,4.2,0,0,12.2,8,9,6,95,,3,1
104388,20,0,3.68,0,50.0,5.3,5.6,0,3.32,7.6,0,1,9.0,3,4,10,79,,3,1
104389,25,2,4.4,1,78.8,7.0,5.5,0,2.77,4.3,0,0,8.0,9,5,10,70,,3,1
104390,28,1,5.5,0,55.4,8.2,5.5,0,4.0,4.8,0,1,7.8,10,7,8,100,,0,1
104391,28,2,3.9,1,76.6,6.4,8.3,1,3.25,5.5,0,1,12.3,1,10,5,76,,2,1
104392,22,1,4.2,0,46.0,8.5,4.9,1,3.14,8.2,0,1,9.2,2,8,7,80,,2,1
104393,25,2,5.91,1,55.5,9.6,5.2,0,3.52,5.5,0,5,12.9,10,3,10,79,,3,1
104394,17,1,2.4,0,43.9,6.7,6.5,0,4.0,5.5,0,1,7.5,2,9,6,100,,1,1
104395,21,2,6.23,0,96.2,8.9,6.8,0,3.92,4.2,0,0,11.3,10,4,10,94,,0,1
104396,23,2,1.4,1,58.0,4.6,6.4,0,3.91,3.3,0,1,10.1,7,3,10,100,,1,1
104397,26,1,8.3,0,44.7,8.1,6.1,1,3.65,8.1,0,1,12.3,4,5,10,100,,2,1
104398,23,1,5.8,1,75.9,5.1,6.6,0,3.28,1.0,0,0,11.9,7,6,9,80,,2,0
104399,19,2,2.9,1,78.3,4.4,5.5,1,4.0,4.5,0,0,8.6,7,5,10,100,,2,1
104400,21,0,3.0,0,50.0,6.6,9.4,1,4.0,4.4,0,1,10.5,3,4,10,100,,0,0
104401,21,2,3.6,0,73.4,6.3,7.1,0,3.37,1.0,0,4,11.4,2,6,9,85,,2,1
104402,28,2,5.7,1,88.6,8.5,10.0,1,4.0,6.5,0,5,11.6,3,3,10,96,,2,0
104403,19,2,4.7,0,74.9,8.4,9.4,0,4.0,3.8,0,5,10.7,10,10,5,97,,2,0
104404,18,2,3.8,0,66.9,7.5,7.2,1,3.4,4.2,0,4,9.1,10,7,8,82,,2,0
104405,28,0,4.6,1,66.0,4.9,7.5,1,3.86,1.3,0,2,12.6,7,5,10,99,,2,1
104406,25,0,3.2,1,73.9,6.2,6.3,0,3.36,5.6,0,5,6.1,6,3,10,86,,1,0
104407,28,1,7.2,1,88.5,7.9,9.4,1,4.0,4.6,0,5,10.2,8,10,5,100,,3,1
104408,22,2,7.1,0,96.1,7.9,5.1,1,3.41,4.0,0,0,15.6,8,5,10,79,,1,1
104409,28,1,5.08,1,67.5,6.8,5.5,1,3.49,5.2,0,4,7.4,4,4,10,82,,3,1
104410,23,1,3.1,0,60.0,6.8,6.2,1,4.0,5.0,0,2,6.8,10,8,7,100,,2,0
104411,25,2,5.75,0,42.3,5.6,3.8,0,3.35,3.5,0,5,10.5,9,3,10,82,,2,0
104412,17,0,2.4,0,92.8,9.3,6.4,0,4.0,4.8,0,5,6.9,6,7,8,98,,0,0
104413,16,0,4.6,1,62.1,6.1,5.9,0,4.0,9.0,0,2,10.0,3,9,6,95,,3,0
104414,24,0,2.1,1,92.6,6.9,7.4,1,3.7,4.9,0,0,9.1,6,6,9,91,,1,0
104415,23,2,3.4,1,61.3,8.2,7.8,1,4.0,6.9,0,3,10.8,9,5,10,95,,2,1
104416,24,2,4.06,1,72.5,8.0,6.2,1,4.0,6.0,0,1,7.5,2,8,7,100,,3,1
104417,22,0,1.3,1,99.2,8.2,9.6,0,2.56,5.4,0,4,5.6,8,2,10,68,,1,1
104418,28,2,1.6,0,69.7,10.4,8.2,0,2.73,5.2,0,4,4.8,7,8,7,82,,3,1
104419,21,1,4.6,1,68.7,4.9,7.5,0,4.0,5.5,0,3,10.6,6,7,8,100,,2,1
104420,27,2,4.2,0,63.7,8.5,4.9,1,4.0,4.9,0,3,7.3,3,4,10,100,,2,1
104421,27,1,4.2,1,54.3,5.4,7.7,1,3.51,1.6,0,3,11.2,2,9,6,84,,3,1
104422,16,2,7.3,0,74.3,7.2,2.8,0,4.0,4.0,0,5,13.7,10,9,6,97,,2,0
104423,19,1,3.1,0,63.1,5.3,5.0,0,3.01,8.7,1,3,9.0,6,1,10,69,,2,1
104424,18,2,1.4,0,54.9,4.7,8.5,0,2.78,3.7,0,4,10.9,7,4,10,73,,2,1
104425,27,0,7.2,1,69.5,9.0,6.7,0,4.0,6.3,0,3,14.6,7,7,8,100,,2,0
104426,18,1,2.75,0,95.5,8.5,6.2,1,3.17,4.8,0,3,7.6,4,10,5,75,,0,0
104427,28,2,2.9,1,49.6,7.3,6.2,0,4.0,3.3,0,2,12.0,2,9,6,99,,1,0
104428,18,1,6.5,1,47.7,5.4,6.5,0,4.0,3.8,0,0,9.8,8,10,5,100,,0,1
104429,21,1,2.3,1,66.5,6.1,7.8,0,3.5,6.1,0,4,5.4,4,9,6,87,,1,1
104430,19,2,5.1,0,61.7,7.9,5.7,1,4.0,10.0,0,0,11.1,5,10,5,100,,2,0
104431,23,2,4.99,0,80.3,8.1,4.8,1,4.0,2.1,0,5,12.1,3,6,9,100,,0,1
104432,19,0,2.7,0,78.4,7.6,5.6,0,2.82,7.5,0,5,11.2,1,8,7,70,,1,0
104433,24,1,6.8,0,59.8,8.7,5.4,1,3.55,6.8,0,2,14.7,3,1,10,95,,2,1
104434,26,0,5.3,0,61.6,7.6,4.8,0,4.0,7.0,0,0,11.1,2,3,10,100,,3,1
104435,18,0,2.7,1,64.3,8.5,10.0,1,3.69,4.8,0,0,8.4,2,4,10,97,,1,0
104436,19,1,1.5,1,79.9,8.9,8.0,0,4.0,5.1,0,2,3.7,4,2,10,100,,2,0
104437,22,2,5.7,1,52.5,9.1,2.7,1,2.95,5.7,0,1,8.8,5,3,10,72,,2,0
104438,18,2,4.2,0,96.9,5.1,8.2,0,4.0,5.0,0,3,6.5,4,8,7,95,,0,0
104439,26,1,3.5,1,73.9,6.3,6.3,0,3.75,3.2,0,5,7.0,3,4,10,99,,0,1
104440,23,2,4.78,1,93.6,9.2,7.3,0,4.0,2.8,0,3,11.5,10,2,10,99,,2,0
104441,17,1,2.8,0,75.7,6.6,6.0,0,2.62,5.1,0,2,10.3,3,2,10,67,,0,0
104442,24,1,3.0,0,69.7,6.0,4.6,1,3.41,4.2,0,1,7.6,7,4,10,85,,2,1
104443,20,2,3.8,0,91.5,7.0,8.5,0,4.0,3.4,0,2,5.0,9,5,10,100,,2,0
104444,22,1,1.5,0,53.9,6.2,5.5,0,3.2,3.2,0,0,8.5,9,6,9,89,,2,1
104445,18,1,5.7,0,81.8,4.9,7.2,0,3.32,2.4,0,3,10.1,1,5,10,86,,1,1
104446,24,2,5.2,1,83.5,5.9,5.9,0,3.42,3.7,0,3,12.0,6,3,10,80,,2,0
104447,16,2,5.3,1,82.6,8.7,5.0,0,3.51,2.7,0,2,10.8,9,4,10,95,,1,1
104448,28,2,4.3,1,97.9,7.2,5.2,0,4.0,1.8,0,4,11.0,4,5,10,95,,2,0
104449,19,1,4.18,1,52.1,9.7,10.0,0,3.89,3.2,0,5,7.4,10,10,5,100,,1,1
104450,20,0,7.2,0,64.6,7.2,3.1,1,3.98,4.8,0,0,12.9,2,2,10,100,,2,1
104451,26,0,3.0,0,85.9,5.4,4.8,1,4.0,5.1,0,2,9.4,8,6,9,100,,3,1
104452,21,2,4.2,0,83.3,8.2,6.6,1,4.0,6.5,0,4,10.4,10,10,5,96,,2,0
104453,27,0,6.33,1,42.2,7.7,5.9,0,3.18,4.7,0,3,8.2,9,8,7,75,,1,0
104454,20,2,4.2,0,67.1,7.3,7.6,0,3.37,5.4,0,2,11.5,9,7,8,94,,3,1
104455,17,0,4.4,1,63.9,7.2,7.9,0,3.35,8.0,0,1,11.6,3,4,10,80,,1,1
104456,21,1,3.8,0,91.5,7.7,4.4,0,4.0,5.6,0,1,12.7,7,2,10,100,,2,1
104457,27,2,1.9,1,93.6,7.4,8.6,1,4.0,3.3,0,3,10.7,3,8,7,100,,1,0
104458,21,1,3.9,1,47.7,4.9,8.8,1,4.0,5.8,0,2,9.9,1,7,8,100,,1,0
104459,27,1,2.1,1,67.1,7.3,8.2,1,3.1,7.3,0,2,7.3,7,4,10,75,,2,0
104460,28,1,3.84,1,89.5,8.4,5.3,0,4.0,4.5,0,5,6.9,10,8,7,100,,1,0
104461,16,1,5.1,1,46.7,7.5,7.4,0,4.0,4.2,0,2,11.5,5,6,9,99,,3,1
104462,28,1,3.9,0,97.3,6.5,8.8,0,4.0,5.3,0,4,10.7,2,7,8,94,,1,1
104463,18,2,5.4,1,83.7,7.0,8.8,0,4.0,5.1,0,0,10.4,3,6,9,99,,0,1
104464,26,1,3.45,1,46.5,8.6,5.1,1,2.83,4.1,0,5,11.0,6,8,7,76,,1,1
104465,23,0,4.3,0,62.3,9.3,7.0,0,2.84,6.5,0,1,8.9,8,1,10,75,,2,1
104466,19,0,1.3,0,58.6,4.0,9.7,1,2.41,1.6,0,3,4.5,8,1,10,53,,3,0
104467,27,0,3.8,0,97.9,7.3,6.7,0,2.98,3.3,0,5,9.1,7,4,10,75,,2,0
104468,26,1,6.3,0,80.0,7.9,6.8,1,2.84,3.2,0,0,13.0,3,1,10,69,,1,1
104469,20,2,4.35,0,92.8,6.3,5.0,0,3.6,8.7,0,4,9.1,6,8,7,83,,2,1
104470,17,0,2.8,0,75.8,8.3,6.0,1,3.55,3.2,0,1,9.3,6,1,10,84,,3,1
104471,17,0,8.9,1,82.5,9.9,6.9,1,4.0,3.2,0,3,12.3,5,9,6,100,,1,1
104472,28,2,5.5,1,40.5,5.9,7.1,0,3.3,9.3,0,2,13.5,4,7,8,77,,1,1
104473,16,2,7.2,1,81.8,7.6,7.7,0,3.91,6.7,0,5,14.8,2,6,9,100,,2,0
104474,20,1,3.0,1,78.8,9.0,9.0,1,3.37,1.3,0,2,7.4,1,4,10,67,,3,0
104475,25,0,3.0,0,76.7,5.7,6.9,1,3.07,7.2,0,1,9.7,1,4,10,71,,2,1
104476,27,2,3.3,0,80.9,5.5,7.8,0,3.85,2.2,0,0,8.6,7,10,5,94,,1,1
104477,19,1,5.1,0,78.7,5.9,5.9,1,3.47,5.4,0,2,11.3,3,7,8,88,,0,1
104478,24,2,0.1,0,66.2,6.5,5.5,0,4.0,1.2,0,1,5.1,3,1,10,96,,0,1
104479,24,2,4.9,1,96.8,6.6,9.8,0,3.92,3.0,0,5,9.8,6,4,10,99,,3,0
104480,27,1,3.2,1,48.5,6.5,5.8,1,3.29,5.3,0,0,9.0,5,1,10,88,,3,1
104481,20,2,5.2,0,42.6,8.9,10.0,1,3.98,3.2,0,2,9.5,7,5,10,96,,2,0
104482,22,2,3.8,1,77.5,7.9,4.6,0,3.16,7.5,0,0,8.1,9,9,6,77,,2,1
104483,23,1,5.1,0,94.0,5.9,7.7,1,3.76,3.8,0,2,9.6,4,2,10,92,,2,0
104484,21,2,4.7,0,89.8,7.7,7.1,1,2.88,4.6,0,4,10.0,2,2,10,72,,1,0
104485,18,2,4.26,1,89.0,9.0,7.0,1,3.53,4.6,0,3,8.7,5,8,7,87,,2,1
104486,23,2,6.1,1,72.8,5.4,4.1,0,3.65,5.7,0,3,11.1,9,9,6,92,,3,1
104487,26,0,7.3,0,50.7,8.0,8.5,0,4.0,3.6,0,0,15.1,8,9,6,100,,0,0
104488,19,0,4.28,1,43.5,4.8,8.1,0,2.74,4.0,0,3,8.6,9,4,10,68,,1,0
104489,20,2,3.69,1,61.1,9.8,8.6,0,3.76,2.1,0,0,11.2,7,5,10,100,,1,1
104490,19,2,2.3,1,56.9,5.7,6.8,0,2.77,5.3,0,3,8.4,2,6,9,74,,1,1
104491,20,0,6.7,0,69.4,5.8,7.4,0,3.41,9.3,0,0,13.3,9,9,6,78,,2,0
104492,17,1,3.9,1,65.0,6.4,8.0,0,4.0,6.4,0,0,9.0,4,10,5,100,,1,0
104493,22,2,3.6,0,42.8,6.1,9.9,1,2.53,5.9,0,2,7.9,5,1,10,68,,2,1
104494,24,0,4.6,1,81.7,4.9,8.7,0,4.0,4.7,0,3,9.2,10,10,5,96,,2,0
104495,17,2,3.9,1,64.5,7.9,4.9,1,3.96,4.7,0,0,10.1,7,8,7,100,,3,0
104496,27,2,4.87,0,61.6,5.7,10.0,1,2.8,1.0,0,2,10.8,9,3,10,69,,3,1
104497,17,1,1.9,1,43.2,10.2,9.9,1,2.77,3.4,0,4,8.3,9,3,10,70,,2,1
104498,16,2,7.7,1,74.0,6.2,7.3,0,3.8,5.3,0,1,12.0,3,2,10,96,,1,1
104499,28,2,6.3,0,84.8,7.3,6.4,1,4.0,6.7,0,0,11.4,6,1,10,97,,1,1
104500,19,0,4.4,1,86.2,4.6,1.0,0,4.0,5.4,0,2,5.4,10,4,10,100,,2,1
104501,20,2,3.3,0,91.7,5.2,8.0,0,3.75,4.8,0,2,6.4,7,2,10,94,,1,1
104502,22,1,6.8,0,63.3,7.5,8.0,0,4.0,6.7,0,1,12.7,2,8,7,100,,3,1
104503,24,2,8.37,0,65.6,4.5,10.0,1,3.32,5.4,0,2,11.5,5,2,10,88,,2,1
104504,22,1,4.8,0,45.1,5.8,10.0,0,2.92,5.8,0,0,8.3,3,3,10,68,,3,1
104505,18,2,0.5,0,80.1,5.6,6.3,0,2.74,4.1,0,5,6.7,6,1,10,72,,2,1
104506,28,1,1.9,1,67.9,7.4,3.3,1,2.83,4.7,0,5,8.5,8,2,10,73,,3,1
104507,22,2,3.3,0,46.2,7.0,6.4,0,2.96,5.6,0,1,4.8,7,4,10,60,,3,1
104508,19,0,3.2,0,40.3,5.2,2.7,0,3.63,4.0,0,5,9.2,6,1,10,89,,0,1
104509,25,0,3.7,0,97.6,7.8,8.0,0,2.6,5.6,0,0,12.3,2,1,10,55,,2,1
104510,22,0,3.0,1,61.0,6.0,7.6,1,3.32,1.0,0,3,5.4,9,10,5,87,,1,0
104511,21,1,6.86,0,76.2,7.0,5.2,0,4.0,5.3,0,5,9.5,9,10,5,98,,3,1
104512,16,1,3.3,1,53.7,8.6,5.3,0,3.24,2.7,0,1,9.9,8,2,10,77,,2,1
104513,22,2,4.8,1,68.1,7.1,8.2,0,3.05,1.4,0,4,12.6,2,3,10,70,,0,1
104514,21,0,2.4,0,48.7,5.1,4.3,0,3.8,5.2,0,4,7.2,3,5,10,92,,3,1
104515,21,2,3.4,1,74.8,4.0,8.1,1,4.0,4.2,0,3,12.0,5,10,5,100,,1,0
104516,21,2,5.0,0,46.4,7.4,7.1,1,3.37,3.4,0,3,7.9,9,6,9,86,,2,1
104517,25,0,2.0,0,82.3,9.0,7.7,0,3.17,2.9,0,5,8.4,8,3,10,85,,2,1
104518,25,0,6.29,1,61.3,7.1,7.9,0,3.31,2.1,0,3,9.3,5,2,10,87,,3,1
104519,22,1,7.79,1,84.0,7.7,3.0,0,4.0,6.5,0,0,13.4,5,4,10,100,,3,1
104520,18,0,2.9,1,85.0,9.1,6.2,0,4.0,1.1,0,1,5.7,6,8,7,95,,2,0
104521,22,1,4.7,0,62.6,7.5,4.9,1,4.0,8.5,0,5,9.1,10,7,8,93,,1,1
104522,23,2,4.94,0,95.9,5.9,7.6,1,3.19,7.0,0,1,9.5,8,8,7,91,,1,1
104523,21,0,7.0,1,71.5,7.2,6.3,0,4.0,2.7,0,2,12.7,1,7,8,100,,1,0
104524,28,2,6.57,0,52.8,4.0,6.0,0,4.0,6.2,0,1,13.3,6,10,5,98,,1,1
104525,24,2,6.22,1,97.0,7.6,7.0,0,3.16,5.4,0,4,14.5,3,4,10,74,,2,1
104526,24,1,4.4,1,69.2,8.2,10.0,1,4.0,5.2,0,1,13.9,10,7,8,99,,2,1
104527,22,2,2.6,1,55.8,6.3,8.2,0,3.03,5.3,0,0,7.7,4,9,6,85,,2,1
104528,19,0,3.1,0,55.5,6.2,6.6,1,4.0,6.4,0,3,5.0,5,7,8,100,,0,0
104529,28,2,6.19,0,86.0,7.7,5.9,0,4.0,8.9,0,1,11.3,2,6,9,100,,1,0
104530,26,1,4.7,1,89.7,7.6,6.7,0,3.48,8.3,1,1,7.4,10,2,10,90,,1,1
104531,19,1,3.4,0,79.6,6.7,10.0,0,3.67,2.5,0,3,10.7,1,2,10,89,,2,1
104532,24,2,6.74,1,68.8,5.5,6.0,0,4.0,1.0,0,3,12.9,10,6,9,100,,2,0
104533,27,0,2.5,0,94.3,7.1,4.5,0,2.6,7.2,0,5,5.6,10,2,10,64,,2,1
104534,25,1,2.5,0,80.0,9.0,5.5,1,4.0,7.9,0,3,10.3,5,6,9,95,,1,1
104535,20,0,3.4,1,60.9,6.2,10.0,0,4.0,4.9,0,1,11.0,1,10,5,100,,2,1
104536,18,2,4.8,1,95.1,5.1,5.3,1,4.0,6.9,0,5,8.5,5,6,9,100,,2,1
104537,18,0,7.8,0,45.2,8.2,10.0,1,4.0,1.6,0,1,13.4,8,1,10,100,,1,1
104538,20,2,4.64,0,71.5,4.8,6.3,0,2.23,4.6,0,4,10.0,5,2,10,62,,2,1
104539,28,1,4.4,0,48.5,8.4,5.8,1,4.0,4.0,0,2,11.5,6,7,8,95,,2,0
104540,26,1,1.2,1,43.5,5.9,7.9,1,2.51,6.7,0,0,8.7,6,2,10,67,,0,1
104541,26,0,0.0,0,84.8,6.1,6.2,1,4.0,3.2,0,0,3.0,9,2,10,100,,1,0
104542,19,1,4.2,1,84.5,5.7,7.5,0,3.15,4.1,0,3,10.4,2,3,10,75,,1,1
104543,18,1,4.2,1,95.9,6.4,6.8,0,2.82,4.7,0,4,8.9,2,4,10,72,,1,1
104544,19,1,2.6,1,65.8,9.7,8.0,1,3.83,4.5,0,4,12.1,4,7,8,91,,1,1
104545,25,2,5.4,0,62.3,4.0,8.2,1,4.0,8.9,0,1,11.1,5,8,7,90,,1,1
104546,23,2,6.4,1,86.6,7.6,4.3,0,3.35,6.9,0,3,14.2,8,4,10,87,,1,1
104547,23,0,2.5,1,72.9,9.1,8.9,1,3.95,5.5,0,1,10.6,6,6,9,99,,3,1
104548,24,1,3.0,1,47.8,5.5,7.7,0,3.15,8.8,0,0,7.7,1,10,5,79,,1,1
104549,21,0,4.3,1,86.7,8.5,8.3,0,4.0,5.9,0,2,9.9,1,5,10,100,,1,1
104550,21,0,2.0,0,76.1,7.4,9.6,1,2.58,5.1,0,5,4.5,8,6,9,61,,1,0
104551,17,2,3.4,0,95.4,6.5,1.6,0,4.0,2.9,0,0,8.1,7,3,10,98,,3,0
104552,23,2,2.3,0,78.5,5.9,7.9,1,3.03,7.6,0,4,9.7,8,4,10,79,,2,0
104553,28,2,5.6,0,96.5,6.9,5.1,1,3.84,1.0,0,2,11.5,10,1,10,98,,2,0
104554,20,2,4.5,1,54.1,5.4,10.0,0,3.49,4.6,0,4,11.8,10,8,7,76,,2,1
104555,20,2,1.9,1,88.9,6.4,7.2,0,3.14,6.7,0,4,6.4,2,2,10,70,,1,1
104556,17,1,4.2,1,43.3,8.7,4.6,1,2.72,8.7,0,3,7.0,5,5,10,72,,3,1
104557,17,1,6.81,0,40.4,8.3,8.5,0,4.0,2.7,0,1,13.9,1,3,10,100,,1,0
104558,18,1,2.8,0,88.1,11.8,6.3,1,4.0,6.6,0,3,9.6,8,1,10,96,,2,1
104559,16,2,6.9,0,94.6,8.0,8.1,0,4.0,5.3,0,5,14.6,10,1,10,100,,1,1
104560,27,1,5.77,1,78.9,7.8,8.2,0,3.27,6.3,0,2,9.4,3,6,9,81,,2,1
104561,17,1,0.0,0,85.2,6.9,8.4,0,3.17,4.8,0,0,6.7,3,5,10,78,,1,1
104562,17,0,0.0,0,70.4,9.0,6.3,1,3.38,7.8,0,1,2.9,3,7,8,84,,2,1
104563,16,0,6.75,0,94.7,7.3,7.6,1,3.34,8.2,0,3,15.7,9,9,6,87,,1,0
104564,20,2,1.7,0,85.8,5.3,9.4,1,2.49,5.5,0,3,11.7,4,5,10,56,,2,0
104565,27,0,0.3,1,50.5,6.2,9.0,1,3.03,6.5,0,4,6.0,8,2,10,70,,1,1
104566,17,1,6.8,0,89.5,8.0,5.8,1,3.71,6.2,0,4,11.0,4,4,10,100,,3,1
104567,21,1,0.0,1,69.9,5.5,8.3,0,3.56,1.0,0,0,6.0,6,9,6,87,,0,0
104568,23,1,3.89,1,53.1,6.2,9.0,1,4.0,5.5,0,0,7.5,9,8,7,98,,2,1
104569,28,0,4.4,0,73.4,7.8,2.8,0,4.0,3.4,0,0,7.5,9,1,10,98,,2,1
104570,24,2,6.91,1,46.4,6.6,8.2,1,4.0,4.8,0,5,11.9,9,4,10,98,,3,0
104571,27,1,8.7,1,74.2,9.3,5.5,1,3.66,5.7,0,2,11.5,2,7,8,88,,3,1
104572,16,0,4.6,0,64.7,5.6,5.3,0,3.5,5.6,0,5,8.3,1,6,9,80,,3,1
104573,28,1,2.98,0,43.6,9.5,5.0,1,4.0,5.3,0,1,7.8,1,9,6,100,,1,1
104574,17,0,3.7,0,53.8,7.3,6.2,1,4.0,5.9,0,0,4.9,5,8,7,100,,1,1
104575,20,2,3.16,0,67.5,8.9,6.3,1,4.0,4.2,0,1,5.2,3,10,5,100,,1,0
104576,17,2,3.5,1,91.8,10.0,7.5,0,4.0,1.6,0,4,11.6,1,4,10,98,,2,1
104577,22,2,2.4,0,59.9,5.7,6.8,0,2.72,5.4,0,1,6.8,5,8,7,62,,1,1
104578,20,1,5.1,0,50.2,7.6,10.0,1,3.4,4.4,0,3,11.8,1,3,10,86,,2,0
104579,28,0,3.7,0,89.6,6.1,2.8,0,4.0,3.1,0,4,9.3,7,10,5,100,,0,0
104580,18,1,2.6,1,52.8,5.1,9.2,1,3.38,5.5,0,2,7.0,6,10,5,85,,0,1
104581,21,2,3.0,0,40.1,9.0,5.3,1,4.0,2.1,0,4,12.9,2,10,5,97,,2,0
104582,18,2,9.1,1,49.5,7.0,4.8,1,4.0,7.8,0,1,15.7,2,4,10,100,,3,0
104583,17,0,3.5,0,58.2,6.5,5.9,0,4.0,4.5,0,3,8.2,5,9,6,100,,2,1
104584,21,0,4.3,0,46.3,7.1,6.4,1,4.0,3.9,0,0,9.1,6,7,8,100,,1,1
104585,18,1,2.27,0,93.4,6.1,4.7,0,4.0,1.0,0,2,6.5,9,8,7,94,,3,0
104586,27,2,5.5,0,73.7,7.7,7.3,1,4.0,5.3,0,3,14.3,6,7,8,100,,2,1
104587,25,0,2.79,1,84.0,7.3,6.6,0,3.28,8.2,0,3,8.6,5,9,6,86,,2,0
104588,28,0,5.4,1,49.1,7.0,6.8,0,3.39,7.8,0,0,11.2,10,3,10,94,,1,1
104589,22,1,5.9,0,78.4,9.5,5.9,0,4.0,1.9,0,1,12.6,3,1,10,100,,2,1
104590,24,0,4.7,0,60.2,6.3,8.8,0,4.0,3.3,0,2,12.3,2,7,8,100,,1,1
104591,25,0,6.54,1,49.7,6.7,6.1,1,2.8,7.3,0,2,14.6,7,3,10,67,,3,1
104592,22,2,7.65,0,71.3,5.8,8.6,0,3.33,7.8,0,0,16.4,9,5,10,80,,2,1
104593,20,1,4.7,1,90.9,5.8,7.1,0,2.7,5.8,0,5,10.5,5,2,10,60,,2,1
104594,18,0,6.3,0,75.1,9.5,9.0,0,3.6,6.9,0,0,11.2,5,10,5,87,,2,1
104595,19,1,2.92,0,91.8,5.3,4.6,0,4.0,4.3,0,4,6.7,8,6,9,98,,0,0
104596,28,1,3.1,0,93.8,8.9,7.8,0,3.65,5.4,0,3,8.1,4,6,9,100,,2,0
104597,25,1,4.3,1,52.8,9.4,7.1,0,2.74,5.2,0,2,8.4,6,1,10,77,,2,1
104598,18,2,4.6,1,94.5,5.1,4.2,1,2.85,4.1,0,0,11.1,6,6,9,72,,2,1
104599,28,2,4.3,1,88.0,6.5,5.0,0,3.86,6.5,0,3,11.2,8,2,10,98,,1,1
104600,19,1,3.9,1,53.0,7.2,8.7,0,3.14,7.8,0,2,11.6,5,5,10,83,,3,1
104601,20,0,3.8,0,54.1,8.2,7.5,0,3.7,4.3,0,0,9.0,6,10,5,95,,2,1
104602,22,0,5.0,1,49.3,9.2,1.0,1,4.0,8.8,1,1,6.9,4,3,10,100,,0,0
104603,20,0,2.7,0,83.2,9.2,8.1,1,4.0,4.0,0,1,7.7,2,7,8,100,,2,0
104604,22,0,5.9,1,64.2,6.6,3.2,1,3.99,7.4,0,3,14.2,4,3,10,100,,3,0
104605,24,2,4.5,1,77.5,4.6,3.8,1,2.99,4.6,0,3,10.2,6,1,10,77,,2,1
104606,18,0,0.0,1,56.4,6.2,3.7,1,4.0,4.2,0,0,5.5,8,9,6,99,,1,1
104607,27,2,4.4,1,95.1,8.0,5.9,0,4.0,7.6,0,3,13.0,5,3,10,98,,2,1
104608,28,2,2.4,0,56.4,8.0,6.6,1,3.12,2.5,0,4,6.4,3,4,10,82,,1,0
104609,17,1,4.1,0,67.4,7.1,2.0,0,3.48,7.9,0,3,12.2,3,2,10,96,,2,1
104610,17,0,5.1,1,47.2,6.5,7.1,0,2.83,4.3,0,2,11.3,4,1,10,70,,2,1
104611,21,0,6.59,0,95.9,7.5,10.0,0,3.92,5.0,0,0,11.6,10,7,8,97,,0,1
104612,25,1,5.0,1,47.2,7.1,5.4,1,3.01,7.1,0,3,8.0,7,3,10,70,,1,0
104613,17,0,2.5,1,50.2,7.7,8.9,1,4.0,8.8,0,2,7.2,7,10,5,98,,1,1
104614,17,2,4.46,0,58.3,7.7,10.0,0,3.71,6.9,0,5,7.7,6,8,7,94,,1,1
104615,26,1,3.6,1,40.2,10.3,6.6,1,3.22,4.3,0,0,9.2,8,7,8,75,,1,0
104616,25,1,3.11,0,51.4,8.2,8.9,0,4.0,3.8,0,1,7.7,6,8,7,100,,3,1
104617,27,0,7.42,1,92.7,5.6,8.6,1,4.0,3.0,0,0,11.9,1,1,10,100,,2,0
104618,24,1,1.9,0,71.5,6.9,5.9,0,4.0,2.8,0,5,8.0,8,8,7,89,,2,1
104619,24,1,5.6,1,70.5,7.1,4.8,1,3.06,6.6,0,3,11.5,10,8,7,74,,1,1
104620,23,1,6.77,0,50.7,7.0,5.3,0,4.0,4.9,0,3,11.7,4,4,10,100,,0,1
104621,17,1,2.1,0,72.5,4.3,6.6,0,3.49,5.2,0,5,6.1,3,5,10,80,,1,0
104622,20,1,3.2,1,77.9,7.8,5.0,0,3.02,8.5,1,3,8.1,9,1,10,73,,2,1
104623,23,2,5.01,1,60.7,10.6,6.1,0,3.85,7.5,0,1,11.8,8,3,10,90,,2,0
104624,19,0,4.8,1,55.6,7.4,5.3,1,3.79,7.6,0,5,11.3,3,4,10,90,,2,0
104625,27,1,2.9,1,78.7,8.2,10.0,1,3.33,4.5,0,3,5.3,9,4,10,84,,1,1
104626,16,1,8.2,0,51.1,6.1,7.6,1,3.99,1.8,0,2,14.2,10,10,5,98,,0,1
104627,19,1,3.6,0,67.7,8.6,8.4,0,3.75,3.6,0,4,8.0,2,9,6,90,,2,0
104628,21,2,5.0,1,60.8,7.6,6.6,1,3.37,5.0,0,3,14.4,10,2,10,95,,0,1
104629,20,0,4.57,0,81.5,7.9,9.1,0,3.65,3.9,0,5,12.8,6,9,6,87,,0,0
104630,26,0,3.3,0,96.0,8.0,8.3,0,3.99,1.8,0,0,6.5,6,2,10,89,,1,0
104631,25,0,4.1,0,87.2,5.4,4.7,1,4.0,1.3,0,5,10.5,2,1,10,100,,2,1
104632,24,0,0.1,1,47.0,8.2,10.0,1,3.29,5.0,0,3,7.7,8,7,8,74,,3,1
104633,18,1,4.2,0,59.4,4.9,5.5,0,4.0,6.0,0,1,7.0,2,9,6,100,,0,0
104634,19,0,5.85,0,56.1,7.6,9.2,1,2.81,3.4,0,4,14.2,10,3,10,76,,2,1
104635,27,2,7.69,1,59.8,7.4,8.8,1,3.8,2.5,0,2,11.3,5,6,9,90,,2,1
104636,25,2,1.1,1,94.6,9.8,6.3,0,4.0,3.7,0,0,7.2,7,5,10,97,,3,1
104637,19,2,4.7,0,75.7,7.5,9.6,1,4.0,4.6,0,2,12.3,2,3,10,95,,2,1
104638,27,1,7.32,1,90.5,8.2,7.6,0,3.62,4.8,0,4,15.1,7,6,9,92,,3,1
104639,17,1,3.2,1,86.2,6.6,7.2,1,3.61,5.2,0,2,11.1,4,4,10,92,,2,1
104640,23,2,3.6,1,47.7,5.8,6.8,0,3.06,5.5,0,0,10.6,8,1,10,76,,2,1
104641,19,2,7.0,0,95.7,7.9,9.8,1,4.0,2.9,0,1,15.9,10,10,5,97,,2,0
104642,22,0,5.3,0,53.5,7.3,10.0,1,2.91,5.4,0,2,12.2,1,5,10,70,,3,1
104643,21,0,1.8,0,85.1,6.7,7.2,0,4.0,7.0,0,4,7.0,7,2,10,96,,2,1
104644,17,2,1.6,0,62.0,7.7,3.8,1,3.03,4.6,0,3,4.3,10,10,5,71,,2,1
104645,20,1,5.6,0,70.0,7.7,7.8,1,4.0,9.2,1,1,12.8,2,1,10,100,,1,1
104646,19,2,5.9,1,55.8,6.5,5.7,1,3.99,6.0,0,4,12.0,4,8,7,99,,2,1
104647,25,0,1.87,1,71.9,5.4,5.2,0,4.0,8.2,0,5,7.8,5,4,10,100,,2,1
104648,23,2,7.2,1,45.8,5.4,6.1,1,4.0,3.9,0,3,11.7,8,3,10,100,,2,0
104649,27,2,2.3,1,98.0,5.0,4.9,1,3.43,4.1,0,4,7.4,10,7,8,88,,2,1
104650,27,1,7.5,0,61.2,8.3,6.8,1,4.0,5.1,0,4,13.0,6,10,5,100,,1,1
104651,26,2,2.6,0,90.3,5.9,4.8,1,3.48,1.0,0,5,8.7,6,2,10,87,,2,0
104652,25,2,3.7,1,56.9,4.0,5.7,1,3.09,4.5,0,3,12.0,5,3,10,76,,1,0
104653,16,1,6.9,1,55.4,8.6,5.5,0,3.67,4.9,0,1,14.3,3,7,8,90,,0,1
104654,27,0,5.4,1,42.5,8.4,5.6,0,4.0,1.9,0,4,6.7,2,1,10,100,,3,1
104655,17,2,2.1,1,87.7,7.7,7.9,1,4.0,7.0,0,4,6.9,6,9,6,100,,0,0
104656,27,1,6.3,0,93.2,4.9,6.8,1,4.0,6.8,0,0,10.5,6,7,8,100,,2,1
104657,19,0,4.17,0,51.9,6.5,8.3,0,4.0,2.1,0,5,10.1,4,8,7,100,,3,0
104658,23,0,2.9,1,58.3,6.9,3.8,1,3.85,4.7,0,4,3.8,10,10,5,100,,0,0
104659,23,0,4.93,1,40.6,7.2,7.5,0,3.65,4.5,0,1,12.3,10,6,9,83,,1,1
104660,19,2,6.6,0,89.1,8.5,7.5,1,4.0,2.7,0,2,13.9,1,3,10,92,,2,0
104661,17,0,1.3,1,74.0,8.0,4.6,0,3.02,1.2,0,2,5.6,4,8,7,72,,0,1
104662,17,1,3.7,1,71.8,11.1,9.3,0,3.73,7.0,0,0,8.8,5,4,10,88,,3,0
104663,26,1,4.2,1,76.9,7.1,5.5,1,4.0,5.1,0,1,10.6,3,3,10,89,,0,1
104664,23,1,8.3,0,98.7,7.1,8.9,0,4.0,2.6,0,1,12.6,10,6,9,96,,3,0
104665,24,1,8.03,1,85.1,7.1,4.9,0,4.0,6.9,0,1,12.6,3,8,7,92,,0,1
104666,25,0,1.2,1,74.2,7.8,7.5,1,4.0,5.4,0,3,4.0,8,2,10,100,,3,1
104667,16,2,0.8,0,88.8,5.6,5.7,1,3.6,5.3,0,1,6.1,6,2,10,92,,3,1
104668,17,2,4.3,0,55.5,6.8,4.9,0,4.0,1.6,0,0,8.2,6,9,6,90,,2,1
104669,26,0,4.7,0,80.8,6.4,6.9,1,3.98,4.0,0,2,7.3,1,6,9,97,,2,0
104670,18,0,1.7,1,70.0,5.5,3.8,1,4.0,4.6,0,3,5.1,9,5,10,100,,0,1
104671,17,1,4.3,0,55.6,9.5,6.6,1,4.0,8.0,0,1,7.5,3,4,10,100,,1,1
104672,22,2,4.2,1,43.7,7.1,5.4,0,3.84,5.1,0,5,8.8,10,8,7,94,,1,1
104673,27,1,6.1,1,84.4,5.9,7.1,1,4.0,3.8,0,4,15.1,8,2,10,100,,2,0
104674,22,1,4.2,0,41.4,7.3,8.2,1,4.0,4.9,0,1,12.3,5,4,10,100,,3,1
104675,20,0,1.62,0,99.3,5.3,7.8,1,4.0,5.3,0,5,5.0,2,7,8,99,,2,1
104676,28,2,1.8,0,51.1,7.4,3.0,0,4.0,6.1,0,0,5.3,3,10,5,98,,2,1
104677,18,1,5.5,1,95.3,8.7,5.6,1,3.26,3.1,0,1,9.6,2,5,10,80,,2,0
104678,20,1,4.8,1,55.4,9.2,5.6,1,4.0,1.0,0,0,10.0,8,9,6,100,,3,1
104679,20,0,5.2,1,53.1,7.6,10.0,1,4.0,4.1,0,4,14.3,3,8,7,100,,2,0
104680,26,1,4.12,1,45.7,4.8,7.1,0,4.0,2.3,0,4,12.5,10,5,10,93,,3,1
104681,21,1,1.7,1,81.1,6.0,6.9,0,4.0,6.4,0,0,6.9,5,10,5,96,,0,0
104682,20,2,4.36,1,94.0,8.3,7.0,0,2.94,5.2,0,3,12.0,4,7,8,77,,1,0
104683,23,1,5.77,0,50.8,9.4,8.3,1,4.0,2.6,0,4,9.6,10,8,7,100,,3,0
104684,28,0,7.66,1,53.3,6.5,7.1,1,4.0,7.0,0,0,10.9,5,7,8,100,,2,0
104685,21,0,4.6,1,63.2,6.7,9.5,1,3.64,3.2,0,2,6.8,9,1,10,94,,1,0
104686,22,1,8.41,1,59.3,6.2,10.0,0,4.0,3.8,0,1,13.1,10,6,9,100,,3,1
104687,21,2,3.7,0,53.7,6.1,6.6,1,3.31,2.3,0,4,8.8,4,1,10,78,,3,0
104688,27,2,3.5,1,65.2,7.4,7.3,0,3.14,7.0,0,3,9.3,4,3,10,78,,0,1
104689,17,0,3.8,1,89.0,6.5,6.1,0,4.0,4.0,0,4,10.7,4,5,10,94,,3,0
104690,16,0,2.3,1,92.2,7.7,4.7,1,3.57,4.4,0,1,8.3,1,1,10,79,,2,1
104691,21,2,5.2,1,88.7,6.2,7.8,0,3.56,4.1,0,5,12.0,7,1,10,100,,1,0
104692,22,1,3.2,0,72.9,4.3,7.6,0,4.0,5.0,0,2,5.5,6,9,6,100,,2,0
104693,16,2,2.96,1,62.2,4.8,6.1,0,4.0,4.1,0,4,8.5,10,1,10,100,,3,1
104694,20,0,0.0,0,79.1,5.5,8.1,0,2.83,4.3,0,0,4.9,1,5,10,72,,2,1
104695,20,1,4.6,1,77.7,10.3,9.7,1,3.33,6.5,0,5,9.8,2,6,9,90,,3,0
104696,23,0,4.5,1,99.7,5.7,5.2,1,3.92,3.6,0,4,11.4,7,5,10,100,,0,0
104697,16,2,2.9,0,95.1,7.4,6.8,0,3.38,5.3,0,5,8.2,10,6,9,81,,2,0
104698,17,0,2.3,1,90.8,10.9,5.6,1,3.66,4.9,0,1,6.4,5,6,9,86,,1,1
104699,24,1,3.1,1,92.6,8.8,6.3,1,4.0,4.5,0,4,9.0,4,10,5,100,,0,1
104700,28,0,4.7,0,84.7,7.3,8.6,1,2.94,5.2,0,2,11.2,5,6,9,77,,2,0
104701,18,0,4.1,1,67.0,5.8,6.3,0,4.0,5.7,0,2,8.8,10,3,10,100,,2,0
104702,23,2,3.7,0,49.7,5.8,8.6,1,4.0,6.4,0,5,12.5,2,8,7,91,,2,1
104703,17,0,3.48,0,46.7,4.9,8.2,0,2.86,5.0,0,5,9.1,3,1,10,85,,3,0
104704,18,0,2.1,0,90.9,6.7,6.8,1,3.65,4.0,0,1,5.9,10,1,10,87,,2,1
104705,23,1,4.1,1,61.8,6.5,9.6,0,2.73,6.2,0,0,6.4,10,3,10,66,,1,0
104706,21,0,3.3,1,70.8,8.7,5.7,0,4.0,5.5,0,2,6.4,2,8,7,96,,3,1
104707,24,0,4.9,1,87.9,9.1,9.1,0,2.74,8.0,0,1,10.7,7,3,10,69,,1,0
104708,25,1,6.6,1,70.6,7.5,4.9,1,3.79,6.2,0,3,10.8,2,10,5,89,,2,1
104709,17,2,5.3,0,71.3,7.4,5.1,0,3.79,4.8,0,5,8.1,5,6,9,94,,1,0
104710,23,1,4.9,1,55.6,7.2,6.3,1,3.87,4.8,0,1,8.4,8,8,7,100,,3,0
104711,22,1,6.0,0,74.9,5.6,8.5,0,3.38,1.0,0,4,8.9,10,3,10,89,,1,0
104712,28,0,4.1,0,98.4,8.1,3.0,1,3.85,3.9,0,4,9.2,3,5,10,100,,2,1
104713,17,0,3.3,1,67.7,6.2,6.9,0,3.46,5.4,0,3,9.7,2,9,6,79,,2,1
104714,27,0,6.4,0,91.3,9.8,7.4,1,4.0,2.1,0,3,14.0,7,9,6,100,,1,0
104715,18,2,3.6,0,69.1,6.8,8.3,1,4.0,5.5,0,3,6.8,3,3,10,96,,2,0
104716,20,0,4.7,1,58.8,7.2,6.6,1,4.0,7.6,0,2,7.3,6,8,7,93,,1,1
104717,20,2,5.0,1,90.2,7.0,6.0,0,4.0,5.6,0,2,12.5,5,4,10,94,,3,1
104718,26,0,1.6,0,89.1,5.7,7.0,0,2.61,5.4,0,2,5.4,4,6,9,72,,3,1
104719,22,1,0.0,0,90.8,6.3,7.1,1,3.99,6.3,0,5,1.8,6,9,6,100,,3,0
104720,28,0,5.0,1,52.9,6.3,5.4,1,4.0,7.7,0,1,7.8,8,6,9,100,,2,0
104721,19,2,7.1,0,58.9,5.5,10.0,1,4.0,5.7,0,0,15.6,5,6,9,100,,0,0
104722,21,2,2.0,0,44.1,7.4,5.9,0,3.42,3.6,0,1,4.8,6,5,10,80,,0,0
104723,18,1,1.5,0,67.0,5.4,9.1,0,2.2,4.6,0,0,7.2,9,5,10,60,,2,1
104724,28,1,5.9,1,91.4,4.6,5.2,0,4.0,4.5,0,4,12.7,10,1,10,100,,2,0
104725,21,1,3.5,1,72.7,8.8,2.3,1,3.55,3.8,0,1,10.4,6,5,10,87,,3,0
104726,23,0,2.23,1,95.3,4.1,7.8,1,3.05,3.9,0,5,5.6,5,9,6,76,,2,1
104727,24,1,3.1,0,89.2,5.3,1.9,1,3.75,4.2,0,2,11.7,8,1,10,83,,3,1
104728,19,0,1.95,0,54.4,5.9,6.7,0,4.0,7.0,0,4,8.0,3,5,10,98,,2,1
104729,18,0,5.1,1,78.9,4.3,5.7,1,3.84,4.2,0,5,11.2,9,4,10,91,,2,1
104730,20,0,2.3,0,45.7,6.4,6.1,1,4.0,6.4,0,1,8.0,9,8,7,100,,1,0
104731,17,1,0.0,0,65.7,9.1,9.6,0,2.9,7.3,0,4,5.4,5,4,10,74,,1,1
104732,26,1,6.7,1,89.3,5.8,8.0,0,3.94,1.5,0,4,10.6,3,7,8,100,,2,1
104733,19,2,2.2,1,90.0,5.4,6.1,1,3.28,6.0,0,3,7.6,8,5,10,86,,2,0
104734,17,2,3.4,0,87.2,5.2,7.9,0,4.0,7.0,0,0,10.0,10,7,8,100,,1,1
104735,26,2,2.93,0,44.0,7.4,3.5,0,2.9,7.0,0,2,9.5,9,7,8,71,,1,1
104736,23,2,4.4,0,53.1,5.5,8.2,0,4.0,6.2,0,1,12.2,3,7,8,96,,1,1
104737,17,0,1.8,1,48.4,6.6,7.5,1,3.69,2.0,0,5,10.0,8,10,5,94,,0,0
104738,28,1,1.1,1,58.9,8.8,5.9,0,3.41,3.5,0,2,6.5,5,6,9,86,,2,1
104739,24,1,2.98,0,55.6,7.5,8.5,0,2.97,6.4,0,2,6.0,3,3,10,80,,1,1
104740,22,0,2.8,0,72.7,5.0,8.0,1,3.78,1.5,0,3,8.7,4,7,8,92,,1,1
104741,21,0,4.1,1,92.3,8.7,7.4,0,3.71,5.4,0,1,8.9,8,5,10,94,,2,1
104742,28,0,1.2,0,89.8,7.7,8.1,0,3.5,4.7,0,4,6.2,4,2,10,93,,2,1
104743,23,1,2.1,0,82.4,9.1,3.9,0,3.13,8.3,1,2,8.3,8,1,10,83,,2,1
104744,27,2,4.1,0,71.4,7.2,10.0,0,4.0,5.9,0,1,10.6,7,10,5,99,,2,1
104745,25,0,2.97,1,78.9,4.8,2.1,1,3.97,3.8,0,3,9.5,4,10,5,99,,2,1
104746,22,2,3.8,1,45.5,9.3,10.0,0,4.0,9.2,0,2,6.0,1,4,10,93,,3,1
104747,20,1,4.5,0,45.9,8.4,6.5,1,4.0,2.0,0,4,10.7,10,8,7,97,,2,1
104748,17,2,2.6,1,86.5,6.5,6.9,1,4.0,3.7,0,3,6.8,9,5,10,96,,2,0
104749,22,0,9.34,1,83.9,7.5,9.3,1,4.0,4.8,0,0,15.5,10,7,8,100,,3,1
104750,24,0,4.4,0,47.3,7.4,7.9,1,3.15,6.3,0,5,8.0,6,1,10,76,,1,0
104751,22,0,4.8,0,97.7,6.6,2.9,1,4.0,3.9,0,0,9.2,8,9,6,100,,2,0
104752,17,1,2.31,1,46.2,6.6,8.1,0,3.59,4.6,0,1,9.3,8,3,10,96,,2,0
104753,16,2,1.2,1,42.4,5.7,7.6,0,3.04,4.1,0,4,7.9,1,7,8,63,,3,0
104754,17,0,5.1,1,89.7,5.8,3.7,0,4.0,8.3,0,2,13.1,2,5,10,99,,2,0
104755,26,1,8.5,0,48.1,7.0,10.0,1,4.0,6.0,0,2,14.9,1,3,10,96,,1,1
104756,25,0,4.1,1,97.9,5.6,5.0,1,3.05,5.2,0,4,10.4,10,6,9,71,,1,1
104757,24,0,4.3,1,67.3,9.5,9.5,1,3.61,3.3,0,3,10.0,7,8,7,91,,3,1
104758,16,0,5.2,0,86.0,7.8,7.8,0,2.97,4.7,0,3,11.0,6,6,9,74,,2,1
104759,21,2,7.09,1,60.5,6.6,7.7,1,4.0,6.8,0,1,15.3,6,7,8,100,,0,1
104760,22,2,2.93,1,79.2,6.1,7.3,0,4.0,5.6,0,4,9.0,3,10,5,92,,2,1
104761,26,1,6.39,0,72.7,6.5,6.1,0,3.2,8.7,1,0,12.8,9,3,10,78,,0,0
104762,21,1,0.0,0,54.9,7.5,6.5,0,3.33,6.6,0,3,4.8,10,3,10,82,,1,0
104763,28,1,0.8,0,56.3,6.5,5.5,1,2.67,2.3,0,0,5.4,7,1,10,69,,2,1
104764,20,1,3.8,1,83.8,6.1,7.5,1,4.0,6.0,0,0,12.2,8,6,9,92,,2,1
104765,16,1,5.94,0,47.6,7.1,7.2,0,3.68,9.0,0,2,9.4,10,6,9,93,,3,0
104766,17,2,2.9,0,60.2,7.1,3.1,0,4.0,8.6,0,3,11.9,4,8,7,100,,2,1
104767,16,2,5.6,0,86.2,6.0,5.7,0,4.0,5.1,0,3,7.7,4,6,9,100,,3,1
104768,21,1,2.0,0,73.9,6.8,5.6,0,2.58,5.1,0,4,6.2,2,2,10,56,,3,0
104769,19,2,6.62,1,65.1,7.7,9.8,0,4.0,4.8,0,4,12.0,8,10,5,88,,1,1
104770,27,0,3.6,1,45.9,9.0,6.5,0,3.94,2.8,0,4,8.0,2,2,10,90,,3,0
104771,16,0,5.4,1,68.7,8.5,6.0,1,3.35,1.7,0,3,10.8,6,5,10,81,,3,1
104772,16,0,0.6,1,62.3,5.8,2.9,0,1.99,6.7,0,1,6.3,2,1,10,60,,3,1
104773,21,1,5.3,1,45.5,8.7,6.3,1,4.0,1.9,0,1,10.4,5,7,8,98,,0,1
104774,21,0,4.3,1,54.1,5.7,6.3,0,2.82,7.0,0,0,10.9,8,8,7,69,,3,1
104775,28,2,3.8,0,51.1,11.0,7.1,0,4.0,8.9,1,1,10.9,4,2,10,100,,0,0
104776,21,2,4.29,1,55.6,7.0,8.6,0,4.0,7.7,0,2,11.1,2,5,10,100,,2,1
104777,26,0,3.3,1,95.0,7.1,8.7,1,4.0,4.2,0,5,10.1,1,7,8,100,,2,0
104778,21,1,7.1,1,72.1,8.8,7.2,1,3.35,4.1,0,4,9.5,9,2,10,76,,3,1
104779,25,1,2.5,0,64.2,8.6,8.4,1,2.2,6.7,0,4,11.0,8,2,10,53,,2,1
104780,28,2,5.2,0,78.5,5.7,6.7,1,4.0,3.8,0,2,13.1,7,4,10,100,,2,0
104781,17,0,2.5,0,69.3,5.0,7.6,0,4.0,5.7,0,0,8.4,3,8,7,99,,2,0
104782,17,2,0.0,0,65.0,6.0,7.6,1,4.0,6.3,0,4,6.2,4,10,5,100,,0,1
104783,26,1,3.4,0,92.3,5.9,8.2,1,3.74,6.3,0,1,10.3,1,7,8,85,,2,1
104784,20,2,3.8,0,90.2,8.5,10.0,0,3.58,6.0,0,5,8.0,4,4,10,89,,2,0
104785,20,0,5.7,0,93.2,7.7,8.2,1,4.0,6.1,0,5,12.7,4,4,10,100,,2,0
104786,25,1,3.0,1,46.6,7.8,9.2,0,4.0,4.1,0,5,9.4,3,3,10,100,,0,0
104787,16,0,2.9,0,91.9,6.7,5.3,0,2.95,3.3,0,3,8.7,10,3,10,67,,0,1
104788,27,2,4.9,0,83.0,7.4,8.6,1,4.0,5.9,0,0,10.1,8,7,8,94,,1,1
104789,18,2,2.9,1,84.7,8.9,5.4,1,4.0,3.7,0,3,5.9,8,8,7,100,,3,0
104790,24,1,2.5,1,58.8,8.8,2.7,0,3.52,7.3,0,5,10.8,5,2,10,95,,1,0
104791,26,1,2.6,1,98.4,5.9,7.4,0,3.74,1.9,0,4,4.7,7,8,7,100,,2,0
104792,22,1,4.4,0,78.5,7.3,4.1,1,3.22,4.9,0,4,6.6,7,1,10,82,,1,0
104793,21,1,3.3,0,73.3,8.6,8.2,0,4.0,2.5,0,0,6.1,7,2,10,91,,2,1
104794,24,0,4.6,0,84.6,6.6,10.0,0,3.74,2.3,0,4,11.6,3,9,6,96,,1,1
104795,19,1,2.7,1,94.3,7.3,6.7,1,2.84,8.6,1,1,8.4,2,1,10,69,,0,1
104796,18,2,5.1,1,76.6,6.3,10.0,0,3.31,4.3,0,2,8.9,3,10,5,92,,1,1
104797,27,1,3.6,1,96.1,8.3,6.8,1,4.0,3.4,0,3,9.6,10,2,10,93,,2,1
104798,19,0,4.9,0,77.7,5.7,7.6,1,3.34,1.9,0,5,13.3,7,5,10,85,,3,0
104799,23,1,0.1,0,87.6,8.5,8.8,1,3.55,3.1,0,1,7.5,2,4,10,91,,0,1
104800,18,1,5.5,0,44.8,5.0,4.5,1,2.69,9.8,1,2,11.6,1,3,10,59,,3,0
104801,24,2,2.3,1,96.8,5.2,2.8,0,4.0,5.0,0,1,6.0,1,7,8,100,,0,1
104802,24,0,5.64,0,99.8,7.4,6.2,1,3.17,5.7,0,0,8.1,10,2,10,79,,1,1
104803,24,2,6.0,0,81.8,6.5,5.9,0,3.47,8.4,1,2,11.7,6,3,10,88,,0,1
104804,17,1,5.8,0,75.6,7.1,8.9,0,4.0,6.8,0,1,8.5,4,7,8,100,,3,1
104805,20,1,7.02,1,45.6,7.0,6.4,1,4.0,2.8,0,1,14.1,4,9,6,96,,2,1
104806,16,1,7.6,1,69.9,4.0,7.1,0,3.56,5.5,0,1,9.6,9,4,10,85,,1,1
104807,19,0,8.0,1,43.2,6.5,4.7,1,4.0,2.4,0,1,16.1,7,1,10,100,,1,1
104808,16,2,3.7,0,63.0,8.8,9.7,0,2.77,1.0,0,2,8.7,1,1,10,65,,2,1
104809,16,1,5.6,1,42.8,9.8,2.5,0,4.0,4.7,0,4,12.6,7,2,10,99,,0,0
104810,20,0,3.5,1,94.3,8.3,6.9,0,3.85,7.5,0,0,7.5,9,7,8,91,,1,1
104811,23,1,3.9,1,59.2,4.0,9.7,1,4.0,3.4,0,3,10.6,10,3,10,100,,3,0
104812,25,0,1.4,1,83.6,5.2,7.1,0,2.48,6.3,0,3,4.4,6,9,6,57,,1,1
104813,18,2,3.0,1,91.4,6.4,9.3,1,4.0,2.4,0,2,12.3,9,9,6,100,,2,0
104814,23,2,4.2,1,59.0,9.1,5.9,1,4.0,4.1,0,3,11.7,3,6,9,100,,1,0
104815,28,1,4.0,0,61.4,6.6,5.1,1,3.94,4.3,0,3,5.5,5,9,6,100,,0,1
104816,18,2,7.6,1,57.2,6.0,6.6,0,3.25,3.8,0,2,11.3,3,5,10,76,,3,1
104817,20,1,2.0,1,76.6,8.3,5.5,0,4.0,2.1,0,1,9.5,8,2,10,100,,3,0
104818,21,2,3.3,0,94.7,6.0,6.1,1,4.0,5.7,0,4,8.8,6,10,5,100,,2,0
104819,22,0,2.3,1,40.6,8.1,3.7,1,3.63,7.4,0,4,7.7,1,6,9,82,,2,1
104820,26,2,2.29,1,53.4,8.9,6.1,1,4.0,10.0,1,4,5.6,2,3,10,100,,2,1
104821,26,2,3.8,0,68.0,7.5,4.3,0,4.0,4.3,0,2,12.3,7,4,10,97,,2,1
104822,24,0,1.5,0,89.1,9.2,9.1,1,2.57,5.0,0,2,5.2,5,2,10,68,,2,1
104823,19,0,5.1,0,79.0,7.2,6.3,0,4.0,2.2,0,3,11.7,2,9,6,98,,2,1
104824,19,2,4.4,0,72.8,7.6,6.3,0,3.8,6.2,0,1,9.4,2,9,6,94,,3,0
104825,20,2,1.97,0,96.6,8.8,4.8,1,4.0,3.8,0,1,5.4,4,8,7,100,,2,1
104826,24,2,3.8,1,82.8,10.0,10.0,0,4.0,6.7,0,3,7.6,2,8,7,96,,3,0
104827,26,1,3.6,1,57.2,5.2,7.1,1,4.0,7.6,0,0,7.9,2,2,10,100,,1,1
104828,25,2,5.6,0,66.0,6.5,7.2,1,4.0,2.2,0,5,13.2,9,8,7,100,,0,0
104829,24,0,4.2,1,91.9,8.9,4.0,1,3.34,7.0,0,5,11.4,8,8,7,78,,2,1
104830,17,2,8.5,0,71.2,7.3,4.7,1,3.55,6.0,0,5,16.1,7,3,10,97,,1,0
104831,19,0,8.4,0,54.6,5.6,5.3,1,3.6,7.2,0,2,17.3,4,9,6,91,,2,0
104832,21,0,3.6,0,80.3,10.1,5.7,1,3.27,4.8,0,0,9.2,3,3,10,92,,2,0
104833,19,0,8.65,0,63.8,8.9,7.5,1,4.0,6.1,0,0,16.5,1,1,10,98,,2,1
104834,17,2,2.9,0,78.5,8.2,6.7,1,3.11,4.7,0,1,9.2,2,5,10,66,,0,0
104835,25,2,7.1,1,56.3,9.1,7.8,1,4.0,5.8,0,0,16.9,2,5,10,100,,3,1
104836,19,2,3.9,1,69.9,9.8,9.7,0,4.0,5.2,0,2,9.7,3,9,6,100,,0,1
104837,17,2,3.2,0,63.0,8.4,6.6,0,3.07,6.2,0,1,8.1,5,7,8,74,,3,1
104838,18,2,6.9,0,49.1,6.7,7.8,0,4.0,5.8,0,3,11.9,2,10,5,99,,0,1
104839,20,1,3.9,0,83.0,8.8,6.8,1,4.0,4.3,0,2,8.6,7,7,8,98,,2,1
104840,22,2,2.8,1,48.9,5.9,4.3,1,3.06,5.8,0,0,8.2,2,2,10,80,,3,1
104841,28,1,3.1,0,44.3,8.7,5.4,1,3.37,2.4,0,5,13.1,3,10,5,81,,3,1
104842,27,0,7.3,0,80.6,9.1,9.2,0,4.0,1.0,0,4,14.3,2,7,8,96,,3,0
104843,22,0,0.6,0,63.0,9.3,7.4,0,2.26,6.5,0,5,3.3,10,4,10,50,,3,0
104844,16,2,5.1,0,99.0,4.9,7.9,0,3.16,6.3,0,5,13.8,1,10,5,74,,2,1
104845,22,1,5.0,0,40.4,6.8,8.4,0,3.71,5.1,0,5,12.0,5,2,10,89,,2,1
104846,26,1,0.7,0,94.5,7.7,5.7,0,2.48,8.4,0,0,8.0,3,4,10,58,,2,0
104847,16,1,4.35,0,72.4,6.2,6.3,1,3.03,3.5,0,2,9.7,7,2,10,69,,3,0
104848,25,0,0.9,1,75.2,8.7,5.2,0,2.74,7.6,0,2,6.9,8,3,10,69,,3,1
104849,28,1,2.0,0,99.3,7.5,7.9,1,3.93,4.3,0,2,9.1,2,6,9,100,,2,1
104850,22,0,6.7,1,70.8,6.8,7.4,0,3.65,2.0,0,3,13.7,3,7,8,81,,2,0
104851,17,2,5.4,1,43.7,5.2,5.7,0,4.0,1.9,0,4,9.5,5,10,5,100,,2,1
104852,16,1,8.32,1,47.1,7.3,7.9,1,3.95,5.8,0,3,13.7,1,3,10,100,,3,1
104853,16,1,7.1,1,89.7,7.6,5.6,1,3.57,7.8,0,3,13.7,1,6,9,91,,1,1
104854,28,2,6.5,1,79.6,6.6,6.0,1,4.0,1.0,0,5,11.4,9,6,9,98,,1,1
104855,26,1,5.0,1,96.1,7.6,5.8,1,3.77,1.9,0,4,6.4,9,9,6,91,,3,0
104856,24,1,5.9,0,40.4,8.9,6.2,1,4.0,3.0,0,3,9.5,3,1,10,100,,2,1
104857,21,1,0.7,0,51.1,5.2,5.0,1,3.51,7.4,0,3,4.9,5,10,5,84,,2,1
104858,21,0,2.94,0,44.8,8.3,8.1,0,3.67,4.9,0,2,11.9,8,6,9,93,,3,0
104859,27,0,4.62,1,56.7,7.4,5.0,0,4.0,5.5,0,2,10.6,7,3,10,100,,3,1
104860,17,1,2.5,0,62.3,7.8,6.0,0,3.11,5.5,0,3,9.0,4,8,7,83,,1,1
104861,22,1,1.2,1,54.9,11.5,4.9,0,4.0,7.0,0,2,8.5,5,3,10,100,,1,0
104862,18,0,4.1,1,50.0,6.2,5.0,0,4.0,3.9,0,1,10.6,7,10,5,93,,2,1
104863,23,1,4.4,1,40.8,5.9,9.3,0,3.18,4.1,0,1,8.5,1,6,9,78,,2,0
104864,22,2,5.6,0,95.3,6.8,7.7,0,3.7,7.3,0,3,10.2,9,8,7,87,,1,0
104865,21,2,3.3,0,72.5,8.6,7.1,1,3.53,2.9,0,1,10.9,5,4,10,95,,3,0
104866,23,0,0.9,1,94.8,6.6,10.0,1,4.0,6.2,0,2,5.5,4,8,7,100,,2,1
104867,16,0,5.49,1,87.8,5.8,7.9,1,4.0,3.1,0,2,13.1,9,4,10,95,,2,0
104868,22,1,5.1,0,89.1,8.9,7.7,1,2.91,2.7,0,3,9.2,3,3,10,65,,3,0
104869,16,1,3.5,1,83.8,8.1,2.7,1,4.0,6.0,0,1,9.7,2,10,5,98,,2,1
104870,28,2,4.7,0,65.1,7.5,6.4,0,3.87,4.0,0,1,7.6,7,6,9,100,,1,1
104871,25,2,3.7,0,67.2,7.0,9.0,0,4.0,6.1,0,5,10.3,10,4,10,96,,1,1
104872,16,1,3.9,0,81.0,4.9,7.8,0,3.28,4.2,0,0,9.4,2,5,10,82,,1,0
104873,24,1,4.3,1,91.8,7.9,6.0,1,3.51,5.1,0,3,6.6,4,4,10,85,,3,1
104874,28,2,4.0,0,89.8,8.1,8.6,1,4.0,4.6,0,3,5.2,3,8,7,100,,1,1
104875,21,2,6.5,0,66.8,5.7,9.5,1,4.0,3.0,0,2,13.7,8,4,10,100,,2,0
104876,16,1,3.3,0,65.1,5.2,4.9,1,3.9,6.0,0,2,11.0,2,10,5,100,,2,0
104877,18,1,1.9,1,68.7,6.8,10.0,0,3.93,6.0,0,4,9.8,2,3,10,100,,1,0
104878,25,2,3.7,0,99.5,4.8,4.0,1,3.9,7.2,0,0,7.1,2,6,9,93,,2,1
104879,16,1,6.5,1,46.4,7.5,5.8,0,4.0,5.3,0,3,15.5,8,1,10,96,,1,1
104880,16,2,1.9,1,49.4,7.5,8.6,1,4.0,8.4,0,3,7.6,9,10,5,100,,1,1
104881,18,2,4.1,0,79.6,5.1,6.7,1,4.0,6.2,0,0,9.3,3,5,10,100,,3,1
104882,25,2,5.0,1,83.3,5.9,4.7,1,2.98,7.6,0,2,9.6,7,4,10,79,,1,0
104883,21,1,4.6,0,92.0,7.1,7.0,0,4.0,3.8,0,1,7.3,9,9,6,97,,2,1
104884,20,2,0.47,1,61.1,4.9,6.5,0,4.0,4.5,0,4,5.8,3,10,5,95,,3,1
104885,28,1,8.0,1,41.9,5.7,8.5,1,3.8,9.1,0,2,11.7,10,9,6,98,,1,1
104886,19,0,2.4,1,90.9,7.9,10.0,0,2.96,2.0,0,5,10.3,9,2,10,74,,1,0
104887,24,2,7.16,0,86.6,7.1,5.6,1,3.22,4.7,0,2,10.3,7,7,8,81,,2,0
104888,17,2,2.91,0,96.9,6.4,8.5,0,4.0,5.0,0,5,7.2,3,5,10,100,,2,1
104889,21,2,5.1,1,73.4,7.1,2.2,0,3.44,6.7,0,5,12.4,4,8,7,88,,1,0
104890,21,1,2.5,1,92.1,6.5,7.1,1,3.74,3.7,0,3,4.6,3,1,10,97,,2,0
104891,19,2,5.2,1,53.4,7.3,8.5,0,3.87,2.7,0,3,10.1,5,2,10,97,,3,1
104892,20,2,5.78,0,59.6,9.6,6.9,0,4.0,1.0,0,4,12.3,2,5,10,100,,1,0
104893,19,0,3.8,0,73.9,7.3,7.1,0,4.0,7.6,0,2,8.7,9,7,8,92,,0,0
104894,16,0,1.43,1,81.6,8.1,6.8,1,3.23,5.1,0,5,5.3,8,1,10,84,,1,1
104895,22,1,4.4,1,68.5,5.7,10.0,0,3.21,3.7,0,2,10.6,3,6,9,85,,2,1
104896,25,0,5.4,1,95.3,6.9,6.8,0,4.0,5.0,0,4,10.5,3,8,7,99,,3,1
104897,23,1,4.4,0,95.4,6.7,10.0,1,3.65,8.0,0,2,11.0,4,7,8,96,,3,1
104898,20,1,1.5,1,84.8,8.3,7.8,1,4.0,6.6,0,2,11.5,5,10,5,86,,1,1
104899,24,2,4.7,1,52.8,6.2,9.8,0,3.24,7.8,0,2,9.3,5,1,10,85,,3,1
104900,22,1,7.0,1,46.9,4.3,7.0,1,4.0,6.9,0,4,12.4,1,3,10,92,,3,1
104901,26,1,2.0,1,69.4,5.7,7.8,1,3.11,2.7,0,2,5.8,6,2,10,90,,2,1
104902,23,2,2.6,1,99.1,6.3,10.0,1,3.0,6.2,0,3,8.4,6,7,8,82,,2,1
104903,17,0,3.69,1,98.5,6.6,7.9,0,3.63,1.3,0,5,8.2,8,5,10,88,,3,1
104904,17,2,6.04,1,67.9,6.7,8.0,0,4.0,6.7,0,2,8.8,5,8,7,97,,3,1
104905,25,1,6.1,1,46.6,5.6,10.0,1,4.0,5.8,0,1,9.9,1,6,9,100,,3,1
104906,20,1,4.67,1,88.5,7.2,10.0,0,4.0,4.7,0,0,9.3,8,7,8,100,,1,0
104907,22,2,2.4,1,54.1,7.6,6.7,0,3.25,5.8,0,5,5.3,3,4,10,82,,2,1
104908,17,2,5.5,0,95.1,5.9,6.6,1,3.74,4.0,0,3,13.7,8,8,7,93,,3,1
104909,25,2,5.0,1,63.1,7.5,5.4,0,3.52,4.6,0,2,9.4,3,6,9,87,,1,1
104910,26,0,6.7,0,70.5,8.7,7.7,0,4.0,1.0,0,4,12.6,4,5,10,91,,1,0
104911,18,0,4.9,0,55.6,7.8,10.0,1,3.47,3.7,0,2,9.4,8,4,10,95,,2,1
104912,24,2,8.7,0,78.3,10.4,9.9,1,3.72,6.3,0,4,11.2,10,6,9,93,,1,0
104913,23,2,2.1,1,65.6,6.5,6.0,1,2.68,4.7,0,2,7.3,5,4,10,75,,1,0
104914,25,2,7.0,0,91.4,5.5,8.0,1,2.63,5.1,0,4,13.7,5,4,10,66,,1,1
104915,18,1,5.92,0,99.4,5.1,2.5,1,4.0,4.5,0,1,11.4,10,9,6,99,,1,1
104916,25,2,4.6,1,90.0,6.2,10.0,0,4.0,6.4,0,2,12.0,8,5,10,98,,3,0
104917,17,0,3.4,1,58.3,9.4,4.6,0,4.0,1.0,0,3,6.5,5,4,10,92,,3,0
104918,20,0,2.9,1,81.0,7.2,4.7,1,3.02,4.5,0,0,9.4,2,10,5,82,,1,0
104919,21,1,0.81,0,66.0,5.8,8.3,1,4.0,2.9,0,1,9.0,1,9,6,98,,1,1
104920,17,0,4.2,0,57.8,6.4,5.1,0,4.0,8.4,0,2,8.5,3,6,9,97,,1,1
104921,25,0,5.0,1,49.0,6.3,8.4,0,4.0,7.2,0,1,7.9,2,9,6,100,,2,0
104922,17,2,3.04,0,79.6,7.7,4.8,1,3.35,3.6,0,3,8.7,10,1,10,82,,0,1
104923,20,0,7.2,1,72.4,8.3,6.1,0,3.22,10.0,0,2,10.9,1,9,6,81,,3,1
104924,25,1,2.1,1,78.7,6.5,8.7,0,3.68,3.0,0,4,9.7,5,3,10,92,,3,0
104925,18,2,2.8,0,69.0,7.7,7.2,0,3.42,3.6,0,2,9.0,5,3,10,76,,3,0
104926,23,1,2.0,0,87.7,9.0,8.3,0,3.13,4.8,0,3,6.2,3,1,10,76,,3,0
104927,26,2,2.1,1,62.6,8.4,8.6,0,3.62,3.6,0,3,9.0,2,10,5,84,,2,0
104928,19,1,2.1,1,48.2,7.5,9.0,0,2.23,5.2,0,2,4.1,8,3,10,48,,2,1
104929,27,0,4.1,1,72.2,6.6,6.6,1,3.59,3.4,0,3,12.2,5,10,5,91,,3,0
104930,26,1,5.1,0,50.1,10.6,8.6,1,4.0,3.2,0,0,10.8,7,4,10,99,,2,0
104931,16,0,6.5,1,70.7,7.6,3.6,0,2.85,2.8,0,2,12.7,1,1,10,65,,2,1
104932,23,2,4.67,0,95.1,7.5,5.6,1,3.9,8.0,0,4,10.7,8,6,9,92,,2,1
104933,19,1,8.3,1,64.6,7.3,3.8,0,4.0,6.9,0,3,11.3,5,4,10,100,,1,1
104934,17,0,1.5,0,47.7,5.2,10.0,0,4.0,5.2,0,4,7.0,4,10,5,100,,3,1
104935,18,1,5.66,0,90.9,5.0,8.9,0,4.0,4.7,0,5,11.2,7,6,9,100,,0,1
104936,18,1,2.6,0,96.6,8.8,8.4,0,3.79,5.7,0,1,10.9,1,10,5,97,,2,0
104937,27,1,0.0,0,86.5,4.0,7.2,1,3.26,1.0,0,5,5.7,5,3,10,72,,0,0
104938,23,1,4.3,0,46.2,8.7,8.1,1,3.75,2.4,0,3,14.2,10,6,9,98,,3,1
104939,23,0,4.8,0,47.8,7.3,6.5,1,3.7,2.8,0,0,13.7,8,7,8,89,,3,0
104940,16,1,5.2,0,78.6,8.6,4.9,1,3.81,6.3,0,4,12.1,7,7,8,98,,2,1
104941,19,2,3.28,1,60.8,6.2,5.6,0,3.95,5.5,0,0,8.2,5,9,6,100,,3,1
104942,17,1,2.7,0,97.8,5.8,8.2,1,4.0,3.6,0,2,9.0,6,9,6,100,,1,0
104943,16,0,5.0,1,97.5,6.6,6.9,0,2.6,7.1,0,1,8.0,10,1,10,71,,1,0
104944,28,0,1.4,0,74.8,9.3,8.2,1,3.74,1.7,0,2,6.1,1,9,6,92,,1,0
104945,21,1,5.4,1,88.4,7.2,2.1,1,2.89,6.5,0,0,8.3,5,1,10,68,,1,0
104946,17,1,5.3,1,58.1,4.6,9.2,0,4.0,5.1,0,5,8.9,2,2,10,100,,2,1
104947,27,2,2.4,0,74.8,8.5,5.4,1,4.0,4.6,0,2,8.2,4,5,10,98,,2,1
104948,24,0,3.8,0,45.7,8.2,7.4,1,3.8,6.3,0,0,9.8,2,5,10,89,,1,0
104949,21,2,4.5,0,96.9,5.6,8.3,1,3.26,2.0,0,4,11.9,5,6,9,78,,0,1
104950,19,1,0.0,0,62.6,7.7,9.0,1,4.0,5.1,0,4,7.3,6,5,10,96,,1,1
104951,24,1,1.7,0,40.3,7.3,9.9,0,4.0,3.7,0,3,8.1,1,9,6,97,,1,0
104952,27,0,2.6,0,62.6,6.8,9.8,1,3.71,4.4,0,4,8.7,4,9,6,95,,1,0
104953,24,1,7.5,0,40.5,6.8,8.7,1,3.91,2.9,0,2,8.1,3,9,6,100,,1,1
104954,26,2,0.5,0,84.7,6.1,10.0,0,2.73,6.6,0,1,5.2,3,2,10,73,,2,1
104955,28,2,2.9,0,83.3,8.0,5.6,0,2.37,4.5,0,3,9.4,10,1,10,58,,3,1
104956,16,1,4.0,1,67.2,5.9,6.6,1,4.0,5.7,0,2,7.3,1,10,5,100,,1,1
104957,26,2,5.7,0,43.0,7.5,6.3,0,4.0,3.1,0,3,9.7,10,3,10,97,,3,0
104958,20,2,5.9,0,88.8,9.2,6.7,1,4.0,7.9,0,4,12.1,7,4,10,100,,2,1
104959,19,2,1.8,0,93.1,6.7,10.0,1,3.23,3.4,0,0,8.1,1,10,5,79,,2,0
104960,23,0,4.8,0,49.3,9.8,3.6,0,4.0,4.8,0,5,12.2,8,10,5,100,,3,1
104961,27,0,3.5,1,57.6,9.0,8.7,0,3.33,4.3,0,2,6.9,9,8,7,87,,1,1
104962,20,2,1.4,0,81.4,7.8,7.4,1,3.26,6.7,0,4,5.2,9,6,9,80,,3,1
104963,16,2,2.5,0,78.6,7.3,6.7,0,2.97,2.3,0,2,7.2,6,3,10,73,,0,1
104964,23,2,11.5,0,60.9,9.0,6.2,0,3.96,5.5,0,2,12.7,6,4,10,100,,2,0
104965,20,2,5.99,0,47.4,7.7,5.7,1,2.79,3.4,0,3,10.0,5,5,10,66,,1,1
104966,16,0,4.3,1,96.4,9.0,10.0,1,3.73,3.5,0,5,12.9,8,6,9,91,,2,1
104967,28,0,3.0,1,81.5,5.6,3.5,0,3.75,3.7,0,0,9.8,10,7,8,84,,2,1
104968,23,0,2.5,0,97.0,10.1,8.8,0,4.0,1.6,0,4,8.9,4,4,10,96,,3,0
104969,18,1,1.3,0,41.4,7.3,6.9,0,3.79,3.6,0,2,4.5,2,9,6,91,,2,1
104970,26,2,3.3,0,60.1,8.0,4.4,0,4.0,2.9,0,2,11.0,2,8,7,100,,2,1
104971,19,1,4.2,0,95.2,5.6,5.3,1,3.16,5.1,0,5,8.8,3,9,6,88,,3,1
104972,26,1,4.6,0,45.0,7.5,8.3,0,2.86,8.1,1,5,7.9,2,3,10,63,,2,1
104973,17,2,3.3,0,93.1,6.2,7.7,0,2.77,3.9,0,3,11.9,6,6,9,77,,2,1
104974,28,2,4.5,0,87.6,6.9,7.5,1,3.76,1.0,0,5,8.6,1,1,10,89,,3,1
104975,22,2,0.6,0,41.7,6.5,6.4,1,2.59,4.8,0,0,4.6,2,7,8,63,,3,1
104976,23,1,3.3,0,43.3,4.9,6.7,0,4.0,5.4,0,5,8.9,4,1,10,94,,3,0
104977,21,1,6.1,1,91.4,6.8,6.7,1,4.0,6.6,0,5,13.3,6,4,10,92,,1,0
104978,26,0,4.5,0,42.3,4.6,8.0,1,3.0,6.1,0,1,12.4,4,7,8,73,,2,1
104979,23,0,3.7,1,50.0,7.0,5.8,1,3.84,6.4,0,2,7.2,7,6,9,96,,1,0
104980,25,1,2.2,0,79.9,6.2,8.8,1,2.6,3.6,0,5,5.7,3,1,10,62,,3,1
104981,21,0,5.1,1,89.6,5.7,3.2,1,4.0,2.4,0,2,8.2,7,8,7,100,,3,1
104982,17,2,5.2,1,81.7,8.0,6.3,0,3.06,4.5,0,4,9.6,8,1,10,80,,1,1
104983,24,2,0.8,0,59.6,7.4,6.9,1,4.0,6.2,0,0,8.0,2,5,10,100,,1,0
104984,20,0,3.2,0,80.0,7.4,5.4,0,4.0,4.1,0,5,7.3,5,9,6,98,,1,1
104985,28,2,4.2,0,96.7,8.0,10.0,1,3.54,6.8,0,1,9.9,6,7,8,84,,2,0
104986,18,0,4.1,0,69.8,8.5,3.3,0,2.96,4.4,0,5,14.8,3,3,10,72,,1,0
104987,19,0,0.6,0,91.9,6.8,7.3,1,4.0,3.3,0,2,6.2,8,10,5,98,,2,1
104988,26,2,3.36,0,77.0,6.2,8.0,1,4.0,4.3,0,4,6.5,3,1,10,98,,1,0
104989,17,1,5.7,0,66.0,8.9,6.4,0,3.63,5.6,0,0,9.0,10,7,8,81,,3,1
104990,26,2,0.2,0,88.2,6.4,9.8,1,3.75,3.8,0,5,1.4,8,4,10,87,,2,0
104991,18,1,2.6,1,47.6,4.0,8.5,0,3.57,6.4,0,4,6.7,1,6,9,97,,2,1
104992,17,0,6.51,0,52.9,8.9,2.8,1,3.53,3.1,0,3,9.1,7,1,10,93,,1,1
104993,26,1,6.0,0,95.4,4.6,10.0,1,4.0,4.3,0,5,11.5,10,3,10,100,,0,0
104994,26,2,7.4,0,56.5,8.5,7.3,1,3.99,6.5,0,2,15.6,8,10,5,98,,2,0
104995,19,2,6.0,0,73.7,4.8,7.9,0,2.76,7.4,0,1,11.3,3,2,10,67,,2,1
104996,19,2,3.2,0,50.4,9.7,4.3,1,4.0,6.3,0,1,7.2,5,9,6,97,,3,1
104997,27,0,4.1,1,89.3,7.2,9.8,0,4.0,8.5,0,3,8.6,3,7,8,100,,0,1
104998,16,0,3.6,0,44.7,6.9,3.6,0,4.0,4.8,0,5,6.0,9,8,7,100,,2,0
104999,21,0,6.5,1,42.5,7.1,4.7,0,4.0,5.4,0,3,11.4,5,8,7,100,,1,1
105000,17,1,2.7,1,99.5,7.2,5.7,1,4.0,7.8,0,3,5.4,2,8,7,100,,3,1
105001,28,0,3.35,1,87.5,8.4,5.9,1,3.85,4.3,0,0,10.2,2,1,10,99,,1,0
105002,19,2,2.8,1,67.1,10.0,7.3,0,3.61,3.8,0,1,4.5,9,5,10,90,,1,1
105003,24,2,5.9,1,85.3,7.3,9.1,1,3.8,4.9,0,2,12.0,3,5,10,96,,2,0
105004,16,2,6.9,0,91.5,7.8,7.8,0,3.15,5.3,0,1,11.9,8,5,10,71,,3,1
105005,24,1,7.2,0,53.6,4.0,5.1,1,3.25,7.8,0,1,15.5,4,7,8,82,,1,1
105006,22,2,4.9,1,67.6,5.8,5.1,1,3.84,6.1,0,2,11.9,1,5,10,94,,0,0
105007,26,0,5.29,0,46.5,7.2,4.9,1,3.68,5.7,0,3,13.5,10,10,5,95,,3,1
105008,22,1,5.4,1,68.9,8.9,4.8,1,2.77,7.5,0,2,11.5,3,4,10,67,,2,0
105009,21,1,7.3,0,50.5,6.1,4.7,0,3.44,5.0,0,0,9.5,10,8,7,83,,3,1
105010,22,1,4.48,1,75.0,6.2,4.6,1,3.45,4.7,0,5,11.2,9,6,9,87,,0,1
105011,16,1,5.1,1,96.5,8.0,9.7,1,3.11,5.2,0,3,9.3,1,3,10,79,,3,0
105012,17,0,3.2,0,91.5,8.1,3.8,0,2.94,7.7,0,3,6.4,3,9,6,69,,2,0
105013,18,0,4.2,0,73.7,8.0,8.3,0,3.3,5.7,0,1,11.4,3,3,10,82,,3,1
105014,20,2,3.3,0,45.6,7.7,4.8,1,4.0,5.7,0,5,6.4,6,4,10,100,,0,1
105015,18,1,1.5,1,66.8,7.7,9.9,1,3.6,1.0,0,4,3.0,2,8,7,98,,3,1
105016,21,1,3.9,1,80.5,4.0,5.3,0,4.0,4.3,0,0,8.3,8,7,8,100,,2,1
105017,21,2,6.79,1,52.2,8.5,5.8,0,4.0,8.8,0,3,13.8,6,5,10,100,,2,1
105018,19,1,5.0,1,42.2,7.0,7.0,0,4.0,4.1,0,4,7.2,5,4,10,96,,0,1
105019,28,2,7.86,0,55.1,5.0,7.4,1,3.47,2.4,0,5,13.3,6,3,10,90,,2,1
105020,20,0,3.9,1,89.5,6.6,10.0,0,4.0,6.3,0,4,9.0,3,7,8,100,,2,1
105021,18,2,7.1,0,75.2,8.9,8.0,1,3.25,3.3,0,1,14.5,6,1,10,77,,2,1
105022,28,0,3.0,1,42.8,6.4,5.7,0,2.77,6.2,0,3,11.7,1,10,5,57,,2,1
105023,26,2,4.6,1,83.5,8.5,6.4,1,4.0,3.4,0,3,10.2,3,6,9,100,,2,0
105024,28,0,2.5,1,78.7,6.5,5.5,1,3.2,4.5,0,2,10.8,2,6,9,82,,1,1
105025,17,2,5.3,1,44.6,5.5,7.0,1,3.28,4.4,0,1,11.7,1,4,10,83,,3,1
105026,26,2,1.8,0,40.7,7.1,6.2,1,3.62,2.6,0,4,3.9,9,3,10,88,,3,0
105027,24,1,0.0,0,41.6,9.8,8.5,1,3.41,3.9,0,0,4.9,3,3,10,88,,1,0
105028,16,2,3.5,1,67.2,4.9,10.0,0,4.0,5.0,0,3,13.6,4,7,8,100,,2,1
105029,22,1,2.0,1,98.9,7.5,9.3,0,3.41,3.1,0,5,8.8,8,1,10,81,,1,0
105030,27,0,5.6,0,42.7,7.3,4.8,1,4.0,4.9,0,3,12.4,6,9,6,100,,3,1
105031,28,1,7.24,0,83.7,5.0,3.3,0,3.0,2.8,0,5,13.6,6,4,10,74,,0,1
105032,26,2,2.7,1,89.6,4.9,6.3,0,4.0,3.7,0,0,9.5,3,10,5,100,,3,1
105033,19,2,6.2,1,82.3,7.1,4.7,1,3.44,7.8,0,0,14.8,4,8,7,89,,2,0
105034,28,1,0.3,0,69.5,7.9,7.7,0,3.81,4.1,0,0,7.4,5,6,9,96,,0,0
105035,20,0,4.5,1,56.0,6.8,4.1,1,4.0,5.4,0,2,7.5,9,8,7,100,,3,1
105036,26,0,5.4,0,90.6,7.6,7.3,1,4.0,6.9,0,0,9.7,8,8,7,89,,2,1
105037,19,1,0.0,0,42.3,9.7,8.1,1,3.94,2.4,0,1,7.1,5,7,8,96,,2,1
105038,26,1,5.62,0,69.8,8.0,4.8,1,4.0,5.6,0,0,9.5,6,8,7,96,,1,0
105039,24,0,5.4,1,40.5,9.0,9.0,0,2.9,6.5,0,1,12.8,4,4,10,70,,1,0
105040,28,2,8.2,0,67.9,6.6,2.7,1,4.0,7.0,0,4,10.4,2,9,6,97,,3,1
105041,21,2,0.5,1,51.8,5.2,6.5,0,4.0,5.8,0,0,5.2,2,6,9,100,,2,1
105042,19,0,6.6,0,78.4,7.3,9.1,0,4.0,5.1,0,2,12.8,9,10,5,99,,0,1
105043,21,0,2.9,0,96.0,6.4,3.0,1,3.3,1.8,0,5,12.2,1,7,8,85,,1,1
105044,26,0,2.59,0,99.2,7.0,7.4,0,4.0,7.0,0,5,9.8,1,8,7,93,,2,0
105045,17,1,4.3,0,87.7,6.9,7.0,0,4.0,5.2,0,5,7.7,10,6,9,100,,1,0
105046,22,0,3.9,1,62.1,6.5,6.4,1,4.0,4.0,0,3,12.1,2,8,7,97,,0,1
105047,20,1,0.0,0,85.7,7.0,8.0,1,4.0,1.0,0,5,6.5,3,6,9,100,,0,1
105048,19,1,6.5,1,55.0,7.3,6.6,0,3.7,4.2,0,4,9.2,2,6,9,90,,2,1
105049,19,0,6.9,1,46.9,6.4,4.7,1,4.0,2.9,0,3,13.2,10,10,5,100,,1,1
105050,18,2,0.0,1,50.4,7.8,8.3,1,2.82,6.2,0,0,8.4,8,8,7,71,,1,0
105051,26,1,4.1,0,65.9,7.6,6.5,0,4.0,4.9,0,3,13.1,1,10,5,100,,0,0
105052,21,2,3.1,1,52.9,7.2,5.8,1,3.14,8.2,0,4,8.2,6,9,6,74,,2,0
105053,18,0,5.6,1,95.3,6.1,8.2,0,4.0,5.2,0,0,12.1,5,3,10,100,,2,0
105054,20,2,7.8,0,44.1,5.5,9.9,0,4.0,6.2,0,0,14.4,10,9,6,97,,3,0
105055,20,1,2.6,0,48.5,7.5,6.6,1,3.71,6.2,0,5,8.0,10,9,6,87,,2,1
105056,24,2,5.3,1,48.6,10.1,5.1,1,4.0,3.4,0,1,9.7,10,1,10,100,,2,0
105057,17,1,6.2,1,43.7,6.4,4.4,1,3.83,4.5,0,4,12.1,4,10,5,100,,2,1
105058,27,0,2.9,1,62.2,7.2,6.6,1,3.54,8.3,0,0,9.8,10,8,7,87,,2,1
105059,24,0,3.9,0,71.0,4.0,5.0,0,2.3,6.5,0,0,6.7,3,3,10,54,,1,0
105060,16,0,7.6,1,82.5,6.4,4.1,0,3.22,6.2,0,3,12.2,10,1,10,74,,0,1
105061,19,0,2.8,1,56.6,5.9,4.7,0,2.97,5.5,0,1,5.4,7,6,9,72,,1,1
105062,20,0,4.0,0,40.8,4.7,6.9,0,3.02,3.0,0,1,7.1,8,6,9,81,,2,0
105063,21,0,4.2,0,64.9,6.1,6.8,1,2.88,5.0,0,2,9.6,6,5,10,80,,3,1
105064,19,1,0.0,0,82.7,6.1,6.0,1,3.49,7.0,0,2,4.0,9,3,10,90,,1,0
105065,16,2,3.3,0,53.2,4.7,5.5,1,3.25,6.6,0,5,11.5,2,7,8,75,,2,0
105066,22,1,5.6,1,51.0,6.4,10.0,1,2.83,4.0,0,5,12.2,10,3,10,72,,2,1
105067,18,2,4.7,1,94.5,8.5,9.1,1,3.11,3.3,0,5,10.9,9,4,10,79,,2,1
105068,19,0,4.0,1,84.4,5.6,7.9,1,3.53,5.6,0,1,10.3,2,3,10,87,,0,1
105069,19,0,6.0,0,63.1,5.7,4.1,1,3.26,3.3,0,5,15.1,4,3,10,76,,1,0
105070,22,2,1.5,1,84.3,9.0,8.2,0,3.54,7.0,0,2,7.5,3,8,7,90,,1,0
105071,20,2,3.6,0,90.7,6.9,8.7,1,4.0,3.4,0,4,8.0,10,5,10,100,,3,1
105072,27,2,4.1,0,42.4,6.7,3.6,0,2.72,8.4,1,1,7.8,6,3,10,68,,0,0
105073,25,1,4.13,0,71.2,7.3,6.4,0,4.0,3.9,0,0,9.9,3,9,6,100,,2,1
105074,17,1,0.9,0,89.4,4.8,6.5,1,2.88,2.9,0,5,5.1,7,6,9,80,,3,0
105075,25,2,5.6,1,84.8,7.3,3.9,0,4.0,4.4,0,0,10.3,8,9,6,100,,2,1
105076,27,1,2.2,0,64.9,5.3,3.1,0,4.0,7.1,0,1,7.3,7,4,10,100,,2,1
105077,24,0,4.8,1,89.0,5.3,3.6,0,3.4,1.0,0,0,8.7,1,7,8,88,,1,0
105078,18,0,6.0,1,90.0,7.5,7.4,0,3.74,7.3,0,2,12.3,8,10,5,99,,2,1
105079,19,0,3.0,0,90.0,7.7,10.0,1,3.25,2.6,0,3,7.4,4,6,9,78,,2,1
105080,17,2,6.72,1,73.7,4.0,8.6,0,4.0,4.6,0,5,11.4,1,4,10,98,,2,1
105081,22,2,6.3,0,61.0,8.2,4.3,1,3.93,7.3,0,3,12.1,9,10,5,100,,2,0
105082,23,1,0.0,1,47.3,7.4,3.0,0,2.57,8.6,1,0,6.4,9,1,10,55,,2,1
105083,21,0,5.35,0,62.4,6.9,8.8,0,4.0,5.4,0,3,13.0,6,9,6,93,,3,1
105084,16,1,4.9,1,97.7,8.3,10.0,0,2.99,6.9,0,3,11.9,6,2,10,77,,3,1
105085,19,2,4.0,0,89.0,5.7,6.8,0,3.25,7.1,0,0,13.4,8,5,10,86,,2,1
105086,21,1,2.9,1,67.5,5.9,6.0,0,4.0,5.8,0,1,7.6,9,5,10,100,,2,1
105087,16,1,4.83,1,57.7,9.3,10.0,1,3.56,2.9,0,0,14.8,6,2,10,92,,2,1
105088,19,0,0.1,0,63.3,6.9,5.6,0,3.18,5.8,0,3,9.7,9,5,10,86,,3,0
105089,27,0,4.82,1,40.3,6.7,5.5,0,3.38,8.2,0,5,11.0,10,8,7,85,,1,0
105090,17,2,10.74,1,80.3,7.4,6.1,0,4.0,8.2,1,3,14.9,3,2,10,100,,2,1
105091,28,2,4.7,1,84.3,7.5,6.6,1,4.0,3.3,0,5,7.8,7,10,5,100,,1,1
105092,17,1,4.1,0,85.9,5.3,6.3,0,4.0,6.1,0,2,8.7,9,2,10,100,,2,0
105093,18,0,2.6,0,56.2,7.6,4.4,1,3.5,8.0,0,4,8.2,6,2,10,92,,3,1
105094,16,2,2.65,0,98.2,6.1,10.0,1,3.5,7.0,0,1,10.7,6,8,7,92,,1,1
105095,25,1,6.37,0,77.7,5.7,8.4,1,3.82,3.1,0,5,9.8,9,5,10,92,,1,0
105096,26,0,2.9,0,67.3,9.0,2.8,0,4.0,5.8,0,5,8.9,3,1,10,100,,1,1
105097,18,2,4.1,0,75.9,8.5,6.3,0,4.0,8.2,0,4,9.5,10,10,5,100,,1,1
105098,17,2,1.2,1,44.4,5.9,8.8,1,3.36,4.8,0,0,6.4,7,7,8,88,,1,1
105099,28,1,3.1,1,70.3,7.8,7.6,1,3.94,4.6,0,4,8.4,4,3,10,96,,2,1
105100,26,0,7.0,0,72.6,6.2,7.2,0,3.43,5.8,0,5,11.6,8,7,8,88,,2,1
105101,24,2,4.6,1,43.9,8.4,3.3,1,4.0,7.8,0,1,10.7,8,8,7,100,,3,1
105102,19,0,4.3,1,48.1,4.8,2.9,0,4.0,5.7,0,3,8.4,9,10,5,99,,1,0
105103,27,2,3.5,1,64.4,10.2,7.1,0,3.28,7.0,0,1,9.1,5,3,10,79,,2,0
105104,16,0,1.4,0,95.9,5.5,7.4,1,3.04,3.2,0,5,9.3,5,8,7,79,,1,1
105105,28,2,4.9,0,55.0,5.9,7.8,0,2.98,3.4,0,2,11.6,10,1,10,71,,1,1
105106,27,1,7.2,1,89.7,8.1,9.0,1,4.0,6.3,0,5,10.8,5,4,10,100,,3,0
105107,18,1,6.3,1,53.3,4.1,7.3,0,4.0,1.9,0,4,8.1,1,9,6,100,,0,1
105108,27,1,1.2,1,96.3,4.6,6.6,1,3.92,5.3,0,4,8.7,4,7,8,94,,0,0
105109,17,2,4.4,1,88.2,5.1,10.0,0,4.0,7.2,0,3,8.0,8,3,10,100,,1,1
105110,27,2,3.6,1,80.1,5.7,7.7,0,3.97,5.9,0,3,11.5,6,9,6,90,,3,1
105111,23,0,5.85,0,49.4,7.1,4.4,0,4.0,6.5,0,3,9.8,2,9,6,91,,0,0
105112,25,1,5.2,0,80.1,7.5,4.5,1,4.0,4.3,0,3,8.9,2,9,6,100,,1,1
105113,17,1,4.02,0,64.8,8.7,8.2,1,3.83,5.5,0,3,7.9,4,9,6,88,,2,1
105114,28,2,5.4,0,83.3,5.7,6.7,0,3.39,5.7,0,3,13.9,2,6,9,87,,1,1
105115,23,1,4.5,0,47.4,8.2,10.0,1,3.49,2.8,0,1,12.0,10,3,10,90,,0,1
105116,24,2,8.1,1,57.5,9.1,4.6,1,4.0,5.0,0,1,13.9,6,3,10,98,,0,1
105117,23,1,4.2,0,58.7,8.3,6.9,1,2.38,8.3,1,2,8.6,8,1,10,59,,2,1
105118,16,2,5.7,1,86.5,6.5,8.5,1,3.42,4.2,0,5,14.7,3,6,9,88,,2,1
105119,16,0,1.4,1,95.2,4.9,8.0,0,3.49,9.2,0,3,5.5,9,7,8,83,,2,1
105120,25,0,4.5,1,54.0,6.9,5.6,1,3.29,4.0,0,0,7.4,5,1,10,75,,1,1
105121,24,1,4.2,0,46.2,6.7,6.7,0,3.31,7.1,0,3,6.4,6,10,5,87,,2,1
105122,24,0,3.1,1,40.0,9.6,3.8,0,4.0,3.5,0,3,11.3,1,1,10,100,,2,1
105123,21,2,4.0,1,55.6,6.0,9.9,1,4.0,5.7,0,1,11.4,6,8,7,94,,1,1
105124,28,1,7.7,1,86.1,7.1,10.0,0,4.0,4.2,0,4,10.9,2,7,8,93,,2,1
105125,22,2,3.4,1,62.9,5.7,9.1,0,3.9,6.3,0,5,8.9,7,6,9,99,,2,1
105126,19,2,3.3,0,41.2,8.5,6.4,1,3.3,5.4,0,1,5.8,8,6,9,93,,3,1
105127,27,0,1.7,0,69.6,6.2,5.5,1,3.54,4.3,0,5,8.4,4,1,10,89,,2,0
105128,20,1,0.0,1,58.1,7.6,6.3,0,3.38,8.4,0,1,8.6,2,8,7,85,,3,0
105129,18,1,1.7,1,95.3,9.1,5.6,0,4.0,4.4,0,5,7.1,8,9,6,93,,3,1
105130,18,2,1.73,0,89.0,7.6,8.6,1,2.34,3.9,0,3,5.9,4,4,10,65,,3,0
105131,21,0,2.1,1,57.9,6.5,4.3,0,3.4,2.4,0,5,8.5,8,6,9,80,,2,1
105132,25,0,1.1,1,78.1,7.2,5.6,1,2.71,8.2,0,3,7.6,6,6,9,71,,1,1
105133,21,1,4.2,0,96.3,6.8,7.0,1,4.0,1.4,0,3,9.5,8,7,8,100,,1,1
105134,16,2,4.1,0,70.5,5.7,6.5,1,2.92,4.1,0,5,9.6,2,1,10,73,,2,0
105135,17,0,1.4,0,90.6,9.9,6.0,1,3.35,2.6,0,2,7.4,5,5,10,79,,2,1
105136,16,2,2.6,0,81.7,7.4,4.8,1,4.0,6.4,0,3,6.0,7,1,10,95,,1,1
105137,25,2,3.1,1,89.4,8.0,6.4,0,3.85,5.2,0,5,6.0,4,2,10,100,,2,1
105138,24,1,3.3,1,50.6,6.0,8.0,1,4.0,2.3,0,4,8.8,1,2,10,98,,3,1
105139,26,2,2.1,1,54.0,6.0,5.7,1,4.0,8.7,0,3,11.6,1,6,9,100,,1,0
105140,16,1,3.9,1,82.9,5.1,8.2,0,4.0,5.0,0,5,6.2,10,7,8,98,,2,1
105141,20,2,4.9,1,65.6,4.0,4.7,1,4.0,4.7,0,0,9.1,5,1,10,100,,2,1
105142,28,2,4.0,0,46.5,4.2,8.5,0,3.95,5.2,0,1,8.3,10,10,5,96,,1,0
105143,27,2,4.4,1,69.6,6.2,6.7,1,4.0,6.8,0,4,8.3,3,6,9,100,,0,1
105144,19,1,2.1,1,78.0,4.8,7.4,1,4.0,9.4,0,5,11.4,5,6,9,100,,3,0
105145,20,2,5.3,1,64.3,7.5,8.0,1,3.17,4.8,0,2,10.6,2,6,9,81,,3,0
105146,24,1,0.0,0,69.7,5.9,8.6,0,3.26,6.4,0,0,7.8,8,6,9,86,,3,0
105147,19,1,4.3,0,83.4,6.8,6.6,1,4.0,2.6,0,1,12.4,4,4,10,100,,1,1
105148,21,0,3.0,1,81.8,9.7,7.8,1,4.0,3.5,0,3,11.0,4,7,8,100,,1,1
105149,24,0,2.3,1,40.5,6.5,9.2,0,2.62,6.7,0,3,9.9,3,5,10,64,,3,1
105150,20,2,4.9,1,71.4,6.9,2.1,0,3.75,4.0,0,5,10.1,4,9,6,93,,3,0
105151,17,1,3.2,0,92.7,7.0,5.4,0,3.61,4.4,0,3,8.4,10,2,10,84,,3,1
105152,28,0,1.1,0,93.9,8.3,7.6,0,3.48,5.6,0,3,6.4,3,6,9,82,,1,1
105153,26,0,3.8,0,70.3,7.2,4.0,0,3.83,8.1,1,2,5.8,5,2,10,89,,2,1
105154,21,0,1.8,0,49.0,6.7,9.4,0,2.63,5.2,0,1,7.9,8,5,10,57,,2,1
105155,26,0,5.0,1,97.1,8.3,6.2,1,4.0,4.0,0,1,7.8,8,10,5,97,,2,1
105156,18,0,5.6,0,70.4,5.6,5.0,1,3.56,4.2,0,4,14.7,6,10,5,84,,2,1
105157,28,1,3.2,1,90.2,5.1,8.8,0,2.32,6.7,0,2,8.4,5,3,10,67,,2,1
105158,28,2,0.2,0,52.0,8.6,5.4,1,4.0,4.4,0,2,4.3,9,1,10,97,,2,1
105159,22,1,8.6,1,57.5,5.4,3.0,1,4.0,10.0,0,5,13.3,2,6,9,100,,1,0
105160,19,1,4.9,0,75.1,4.9,6.2,0,3.58,4.9,0,4,10.7,9,3,10,87,,1,0
105161,25,2,2.8,1,76.4,10.6,6.2,1,3.32,7.5,0,0,9.3,8,4,10,87,,2,1
105162,19,0,2.7,1,61.8,8.7,6.1,1,3.21,4.3,0,3,11.2,2,10,5,88,,1,1
105163,21,0,3.8,1,40.6,7.4,7.5,0,3.74,3.2,0,1,8.1,10,5,10,97,,3,0
105164,22,2,4.3,0,51.4,8.4,10.0,1,4.0,5.8,0,1,10.8,1,6,9,100,,3,0
105165,22,1,4.3,0,75.9,7.9,4.5,0,4.0,6.2,0,5,8.8,7,7,8,98,,3,1
105166,23,1,3.4,0,73.1,5.9,9.6,1,4.0,5.5,0,4,10.9,5,10,5,100,,1,0
105167,25,2,5.6,0,99.0,7.0,4.8,0,4.0,1.0,0,4,9.3,9,4,10,88,,1,1
105168,27,2,7.4,0,51.7,5.8,9.0,1,4.0,6.2,0,2,12.1,4,10,5,97,,1,1
105169,27,0,6.3,0,56.2,9.6,5.4,0,3.57,3.2,0,2,10.9,6,7,8,82,,2,0
105170,21,1,4.0,1,58.0,6.2,8.1,1,4.0,2.9,0,5,11.1,7,5,10,98,,1,1
105171,23,0,0.0,0,52.5,6.7,7.2,0,3.36,4.7,0,1,5.1,10,8,7,91,,1,0
105172,27,2,2.4,1,53.6,6.2,5.5,1,4.0,6.2,0,2,9.3,7,5,10,99,,1,1
105173,26,2,6.01,0,47.2,6.0,6.6,0,4.0,7.7,0,4,12.1,8,8,7,97,,2,0
105174,25,2,1.3,0,54.5,8.8,6.1,1,3.69,7.0,0,5,5.2,9,6,9,85,,2,1
105175,17,0,3.0,1,46.1,6.7,7.6,0,4.0,2.4,0,3,6.5,7,10,5,100,,2,1
105176,22,2,5.0,0,55.0,4.7,5.6,0,2.98,3.0,0,2,13.7,9,1,10,80,,1,1
105177,24,1,2.9,1,52.4,5.5,7.7,0,3.66,5.5,0,2,8.6,7,9,6,100,,3,0
105178,25,2,4.1,0,60.1,7.4,4.2,0,3.53,1.0,0,5,6.0,6,6,9,84,,2,1
105179,17,0,2.2,0,63.9,6.5,8.8,0,4.0,5.2,0,2,4.9,3,9,6,98,,1,0
105180,17,1,6.5,0,91.3,4.9,7.1,1,3.87,5.7,0,1,11.5,8,6,9,98,,0,0
105181,26,1,7.26,1,95.8,6.5,6.2,1,4.0,3.7,0,2,13.6,1,1,10,100,,1,1
105182,23,2,6.0,1,89.5,5.6,8.4,1,4.0,4.9,0,1,13.2,6,9,6,96,,1,1
105183,19,0,5.9,1,77.8,7.3,9.3,0,4.0,1.8,0,0,12.3,4,1,10,98,,2,0
105184,20,0,5.8,0,95.7,5.0,10.0,1,3.38,5.8,0,0,13.7,7,5,10,87,,3,0
105185,18,0,4.2,1,60.8,6.6,7.2,1,3.61,4.7,0,4,11.1,5,3,10,86,,1,0
105186,19,1,0.0,1,73.5,7.0,4.7,1,3.01,4.7,0,5,4.0,4,3,10,71,,2,1
105187,23,1,3.2,1,85.7,8.0,7.0,0,3.58,9.4,1,2,9.6,5,1,10,92,,3,0
105188,23,2,2.6,1,66.5,7.4,6.0,0,3.55,5.0,0,4,10.4,8,5,10,88,,1,0
105189,21,2,6.2,0,93.1,7.2,10.0,0,3.16,6.4,0,4,10.3,6,4,10,84,,1,1
105190,16,0,6.3,1,79.7,8.0,8.2,1,4.0,5.6,0,4,8.8,5,6,9,98,,2,0
105191,25,2,3.4,1,64.6,7.5,4.6,1,3.0,5.1,0,1,8.1,7,2,10,76,,3,1
105192,28,0,4.0,0,49.0,7.0,4.8,1,4.0,4.5,0,5,11.4,8,1,10,100,,0,0
105193,19,2,1.3,1,92.0,6.5,6.0,1,3.76,5.5,0,5,11.5,6,1,10,93,,2,0
105194,22,2,2.7,0,67.2,7.7,8.8,1,3.75,4.1,0,5,5.6,4,9,6,99,,2,1
105195,22,2,3.0,1,42.5,6.0,8.7,1,3.6,1.0,0,4,5.8,2,6,9,89,,2,1
105196,24,2,4.2,0,70.0,5.3,6.9,0,4.0,3.1,0,1,11.1,1,8,7,100,,2,0
105197,27,0,5.7,1,54.7,6.5,6.8,1,3.37,7.5,0,3,14.7,5,4,10,79,,2,1
105198,23,0,7.3,1,95.1,6.5,7.3,0,3.88,3.1,0,4,13.9,7,3,10,97,,2,0
105199,18,1,3.6,0,89.2,8.4,7.0,1,4.0,3.1,0,3,12.4,9,6,9,100,,2,1
105200,18,0,1.6,1,83.8,9.4,10.0,1,2.51,4.9,0,4,7.8,8,4,10,62,,1,0
105201,19,0,7.59,1,53.8,7.6,5.6,0,4.0,3.1,0,1,14.7,9,8,7,100,,2,1
105202,21,1,1.8,0,63.1,6.0,7.5,0,4.0,2.6,0,5,5.8,10,4,10,100,,1,0
105203,17,1,3.1,1,77.1,6.4,5.4,0,3.09,4.5,0,5,10.1,2,3,10,86,,3,1
105204,18,0,5.07,0,58.2,8.0,5.6,0,3.43,6.4,0,0,9.9,9,6,9,92,,1,1
105205,26,2,2.7,1,90.2,7.2,6.2,1,4.0,8.2,0,1,9.6,2,4,10,98,,1,1
105206,28,0,4.1,0,79.0,9.8,5.2,0,4.0,5.1,0,3,10.4,8,1,10,99,,1,0
105207,28,1,1.8,0,73.6,6.8,6.2,1,4.0,7.8,0,0,8.8,3,8,7,100,,3,0
105208,18,1,3.26,0,49.4,7.2,4.8,1,3.66,4.7,0,4,10.4,8,8,7,93,,2,1
105209,17,0,4.6,0,45.3,8.1,10.0,1,4.0,3.9,0,1,12.7,8,10,5,96,,2,1
105210,26,1,6.5,0,52.1,6.8,8.1,0,4.0,6.9,0,2,12.3,10,10,5,100,,3,0
105211,17,2,3.8,0,73.1,4.6,5.5,1,4.0,5.5,0,0,6.6,8,10,5,100,,3,1
105212,26,0,8.2,1,94.7,8.3,4.5,0,3.56,7.4,0,2,14.2,2,5,10,90,,2,0
105213,16,1,4.0,1,42.7,5.9,4.3,0,4.0,7.0,0,4,9.8,7,8,7,100,,2,1
105214,22,1,4.8,1,98.4,5.3,5.5,0,3.99,5.1,0,2,11.0,9,9,6,100,,3,1
105215,21,1,6.8,1,57.1,8.1,6.0,0,3.26,5.0,0,4,12.5,4,5,10,83,,1,1
105216,24,0,3.6,1,57.3,6.1,5.2,1,3.66,3.7,0,1,7.1,5,5,10,96,,2,0
105217,19,1,5.1,1,44.1,4.8,4.5,1,3.94,6.0,0,0,8.1,8,8,7,100,,2,0
105218,25,1,2.1,1,65.9,6.7,5.4,0,3.03,8.5,0,1,7.3,8,7,8,76,,2,1
105219,25,1,1.3,0,67.1,5.3,6.7,0,2.47,3.9,0,1,9.7,5,4,10,58,,0,0
105220,18,0,5.6,1,43.3,7.9,9.4,0,3.67,7.1,0,2,11.7,4,3,10,92,,1,0
105221,17,1,5.8,0,72.1,6.5,6.3,1,3.37,6.8,0,4,12.0,2,7,8,83,,3,0
105222,19,2,4.2,0,89.7,7.6,6.9,1,4.0,6.1,0,4,7.6,10,9,6,96,,0,1
105223,28,1,4.6,0,78.2,7.0,10.0,0,4.0,4.4,0,2,8.4,5,7,8,100,,3,0
105224,28,0,5.7,1,46.3,7.2,4.2,0,3.22,3.2,0,1,15.6,10,8,7,74,,1,1
105225,22,0,0.0,1,81.8,9.6,6.9,0,3.29,3.4,0,2,6.2,2,10,5,79,,2,0
105226,22,1,4.2,0,45.5,6.4,8.0,0,4.0,4.0,0,3,11.5,2,8,7,100,,2,1
105227,28,1,2.6,0,58.0,8.0,5.4,1,3.22,2.6,0,0,8.5,3,9,6,87,,1,0
105228,24,2,0.9,0,41.4,8.2,7.1,0,4.0,5.2,0,2,6.7,4,4,10,98,,0,1
105229,19,0,3.9,1,52.2,8.8,5.7,0,4.0,7.0,0,5,9.0,3,2,10,97,,1,0
105230,18,0,4.7,0,82.1,7.6,6.7,1,2.67,6.1,0,5,9.0,6,8,7,62,,2,0
105231,27,0,4.55,0,55.4,8.1,8.6,1,4.0,5.5,0,5,10.6,5,8,7,93,,2,1
105232,22,2,1.2,1,50.3,7.9,7.3,1,2.51,4.8,0,3,6.9,9,4,10,63,,2,1
105233,23,1,4.5,0,45.2,9.0,6.5,0,4.0,2.8,0,4,9.1,6,6,9,90,,0,1
105234,28,1,0.6,0,98.4,7.1,9.2,1,2.97,5.1,0,3,4.7,4,9,6,67,,1,0
105235,17,2,1.0,1,72.3,6.7,5.0,0,3.88,7.0,0,1,8.5,3,6,9,92,,2,0
105236,16,1,6.4,0,60.2,4.9,6.0,0,2.94,4.4,0,1,14.9,7,2,10,65,,0,1
105237,19,0,3.0,1,49.7,5.8,10.0,0,4.0,7.3,0,4,7.8,8,9,6,100,,0,0
105238,25,0,2.0,1,97.9,6.1,3.8,1,3.4,5.0,0,4,10.3,7,2,10,90,,2,0
105239,19,0,3.36,0,64.4,7.9,10.0,0,3.62,6.4,0,5,7.2,9,4,10,91,,2,0
105240,16,0,1.4,0,45.4,8.3,7.9,1,4.0,5.0,0,1,7.9,8,7,8,95,,1,1
105241,20,0,7.26,0,53.6,8.8,10.0,1,4.0,2.5,0,2,15.6,8,6,9,97,,1,0
105242,22,0,4.51,0,60.7,9.1,8.6,1,4.0,5.7,0,0,13.0,4,9,6,100,,2,1
105243,19,2,4.7,1,67.0,8.1,5.5,0,3.87,2.9,0,4,10.1,6,1,10,100,,3,0
105244,27,0,4.6,0,69.5,5.8,5.0,1,4.0,6.1,0,3,7.7,4,7,8,100,,1,0
105245,18,1,4.0,1,97.8,5.5,9.8,0,3.3,2.9,0,4,10.8,5,2,10,93,,1,1
105246,18,2,3.51,0,96.9,7.7,7.3,1,3.91,3.0,0,3,9.0,5,4,10,100,,3,0
105247,21,1,4.74,0,88.8,6.6,9.0,0,3.32,6.9,0,1,12.0,2,5,10,79,,3,1
105248,20,0,0.9,0,40.1,7.7,5.5,1,4.0,6.0,0,5,5.7,5,9,6,94,,1,1
105249,28,1,2.7,0,72.1,8.7,9.3,1,3.93,6.9,0,5,8.9,8,9,6,100,,2,1
105250,22,1,5.9,1,54.0,7.7,5.2,1,3.68,7.6,0,0,11.7,8,5,10,100,,2,1
105251,17,2,8.67,1,86.6,6.6,8.8,0,4.0,5.3,0,4,16.4,1,6,9,100,,1,0
105252,20,1,5.8,1,45.5,8.5,5.3,0,4.0,6.2,0,0,14.8,8,10,5,98,,2,0
105253,21,2,6.6,0,77.4,5.7,6.1,0,3.64,3.1,0,1,13.5,6,1,10,95,,2,1
105254,23,0,7.5,0,50.2,10.0,6.2,1,3.62,3.9,0,0,12.4,4,6,9,95,,1,1
105255,21,1,7.97,1,71.1,9.2,6.4,1,4.0,6.9,0,1,13.6,5,4,10,100,,1,0
105256,16,2,5.1,1,89.4,4.7,3.0,1,3.03,8.0,0,3,7.5,8,5,10,75,,3,0
105257,25,1,4.11,0,74.7,5.2,9.6,0,2.77,6.9,0,0,9.6,6,2,10,70,,3,1
105258,23,1,3.0,0,87.6,5.9,3.6,0,2.37,5.1,0,2,5.5,1,5,10,53,,0,1
105259,20,1,0.2,1,47.8,5.9,5.4,0,3.57,2.7,0,4,5.5,9,1,10,87,,2,1
105260,16,1,5.4,0,80.0,5.4,8.1,0,3.33,2.0,0,3,12.5,1,4,10,81,,1,0
105261,17,2,2.4,0,72.2,7.1,6.6,0,4.0,4.6,0,4,9.9,5,9,6,100,,2,1
105262,18,0,2.1,1,69.9,7.0,5.1,0,3.38,4.1,0,3,5.3,8,7,8,85,,3,1
105263,25,1,6.6,1,79.6,7.3,7.6,0,3.41,4.5,0,4,12.9,7,7,8,89,,1,0
105264,26,1,2.33,0,63.9,7.1,8.8,0,3.05,3.7,0,5,8.0,10,5,10,85,,1,0
105265,17,0,6.2,1,92.2,7.4,5.1,1,4.0,5.3,0,2,11.9,9,1,10,100,,2,1
105266,16,2,6.6,0,63.7,8.6,9.5,1,4.0,7.1,0,5,8.6,6,6,9,92,,2,1
105267,24,0,4.6,1,98.3,6.2,8.4,1,2.53,4.4,0,1,10.4,5,1,10,58,,2,1
105268,23,0,2.0,1,54.7,7.2,8.0,1,3.11,2.3,0,4,7.0,10,4,10,70,,3,0
105269,28,0,5.2,1,40.3,8.3,2.7,0,3.49,3.6,0,5,12.4,2,7,8,87,,3,1
105270,24,0,1.0,1,58.2,6.0,8.2,1,3.36,5.8,0,5,3.4,3,10,5,89,,2,1
105271,24,1,1.8,0,73.7,6.9,8.3,1,3.1,5.0,0,1,10.7,5,4,10,83,,0,1
105272,20,0,2.2,1,99.3,5.6,9.0,1,4.0,5.5,0,3,6.8,2,3,10,98,,2,0
105273,16,1,6.6,0,43.4,6.9,7.6,0,4.0,4.0,0,1,9.8,9,5,10,97,,2,1
105274,17,0,7.1,0,41.0,7.9,4.8,0,4.0,2.9,0,0,8.6,3,8,7,100,,1,1
105275,28,2,2.6,0,76.5,4.0,4.8,1,2.26,3.7,0,2,9.3,3,3,10,67,,0,0
105276,19,1,5.0,0,47.5,8.3,7.0,1,4.0,7.0,0,0,8.5,1,2,10,93,,1,1
105277,22,1,6.97,0,81.1,4.0,7.9,1,4.0,6.7,0,0,8.8,8,6,9,100,,0,0
105278,23,2,6.7,1,60.2,7.6,7.0,0,4.0,5.1,0,2,12.3,9,7,8,91,,2,0
105279,19,2,6.0,1,43.9,7.8,4.4,0,2.72,3.3,0,0,9.0,10,3,10,62,,1,1
105280,18,1,8.0,0,76.5,7.8,6.4,0,3.63,4.6,0,2,15.4,2,7,8,86,,2,1
105281,24,1,2.41,1,63.2,5.6,8.0,0,3.02,4.4,0,3,8.4,4,8,7,77,,1,1
105282,26,2,2.7,0,46.2,6.3,5.2,0,4.0,1.3,0,5,6.4,3,2,10,96,,3,0
105283,18,1,6.1,0,58.2,4.8,9.3,0,3.93,3.3,0,0,10.2,10,2,10,98,,2,0
105284,20,1,2.8,1,62.2,7.4,9.5,0,3.32,4.2,0,0,9.9,8,2,10,81,,0,1
105285,28,0,3.2,0,45.6,8.9,4.6,1,2.74,4.7,0,4,10.7,3,3,10,67,,2,0
105286,19,2,4.1,0,68.0,6.8,10.0,1,2.46,2.4,0,2,7.9,3,2,10,63,,2,0
105287,26,0,1.5,0,76.7,8.1,6.4,0,4.0,3.4,0,0,9.1,5,6,9,93,,2,1
105288,18,1,3.5,1,86.1,7.1,4.5,0,4.0,3.0,0,3,7.8,6,10,5,100,,3,1
105289,27,1,3.17,1,60.1,5.9,9.1,0,2.97,3.6,0,3,9.2,9,5,10,68,,2,1
105290,16,2,6.09,1,44.9,5.4,1.7,1,4.0,7.1,0,0,12.2,7,9,6,100,,3,0
105291,21,2,0.3,0,73.0,5.9,7.1,1,2.98,3.6,0,2,6.3,5,7,8,80,,1,1
105292,26,2,1.2,1,45.4,8.3,4.4,0,3.19,2.9,0,2,5.6,8,4,10,81,,2,0
105293,25,0,5.3,0,43.9,6.3,4.2,1,2.41,8.5,1,5,10.2,1,1,10,72,,0,0
105294,22,2,8.4,0,74.8,6.6,4.2,1,4.0,2.1,0,3,13.4,3,6,9,100,,3,1
105295,21,0,6.91,1,91.3,7.3,8.2,0,3.91,3.2,0,0,10.3,4,2,10,100,,1,1
105296,24,1,6.8,0,83.8,6.5,7.5,1,4.0,2.9,0,4,10.6,8,1,10,100,,1,0
105297,22,0,5.1,1,87.9,7.3,4.5,0,2.94,7.9,0,3,11.9,4,6,9,63,,3,0
105298,24,0,6.3,0,52.4,8.5,5.6,1,3.29,5.9,0,1,14.0,3,1,10,77,,1,1
105299,19,2,4.1,1,44.3,7.8,4.7,0,3.89,4.5,0,4,10.6,1,9,6,100,,1,1
105300,22,1,5.6,0,72.2,10.8,8.5,1,4.0,1.9,0,4,8.9,5,6,9,100,,2,1
105301,16,2,6.6,0,76.5,7.6,6.7,1,3.79,4.8,0,2,10.0,1,8,7,100,,3,0
105302,25,2,3.3,1,47.8,5.5,8.6,0,4.0,3.4,0,5,9.8,1,9,6,99,,2,0
105303,16,1,7.81,1,80.3,8.1,9.3,1,3.48,3.1,0,4,8.9,7,4,10,95,,1,0
105304,16,2,4.6,1,43.1,7.2,6.2,0,4.0,7.8,0,3,13.1,5,3,10,97,,2,1
105305,17,0,8.0,1,42.0,6.0,10.0,1,3.69,4.0,0,5,11.8,5,6,9,92,,2,1
105306,23,2,5.2,1,53.5,7.1,9.3,0,3.92,1.0,0,4,13.6,8,2,10,96,,3,1
105307,21,1,0.0,1,60.9,5.6,8.9,1,3.84,4.7,0,1,7.9,2,9,6,96,,2,1
105308,18,0,5.4,0,63.3,4.0,7.1,0,4.0,6.1,0,3,14.3,8,5,10,99,,2,0
105309,21,1,2.0,1,42.5,6.3,4.9,1,2.82,4.6,0,4,8.2,3,7,8,76,,2,1
105310,24,2,6.5,1,55.1,8.3,5.9,1,3.11,6.2,0,4,14.3,1,3,10,77,,2,1
105311,19,1,2.4,0,70.3,7.6,5.7,0,3.79,8.6,0,0,3.0,5,6,9,99,,2,0
105312,28,0,4.96,0,60.9,6.8,5.3,0,4.0,4.8,0,2,13.2,10,10,5,94,,0,0
105313,25,1,2.5,0,80.6,6.6,8.4,1,3.0,7.3,0,1,5.6,9,2,10,72,,1,0
105314,28,2,5.4,1,64.5,6.3,10.0,1,3.0,6.3,0,0,7.4,2,7,8,91,,1,0
105315,21,2,4.5,0,76.8,4.9,1.9,0,2.93,3.6,0,5,7.5,2,1,10,76,,2,1
105316,24,1,0.0,0,46.0,5.3,9.4,0,4.0,5.0,0,0,5.9,3,8,7,100,,1,1
105317,24,0,1.6,0,74.1,7.7,6.9,1,4.0,6.5,0,1,5.3,5,9,6,100,,1,0
105318,26,0,4.1,1,88.5,6.7,6.1,0,3.81,6.1,0,3,11.0,1,5,10,94,,3,0
105319,26,0,2.1,0,71.1,5.3,9.4,1,2.88,2.7,0,3,8.5,9,4,10,60,,0,1
105320,24,1,2.4,0,76.3,5.1,10.0,0,3.65,6.1,0,1,12.5,9,6,9,82,,3,1
105321,26,2,4.3,1,95.4,7.1,5.2,1,3.86,6.2,0,3,9.4,8,9,6,96,,3,1
105322,28,2,4.6,1,56.2,7.8,6.3,0,4.0,3.7,0,0,12.0,8,6,9,100,,2,1
105323,18,1,2.21,0,42.3,4.3,8.8,0,2.65,6.4,0,0,5.6,9,4,10,68,,0,1
105324,23,1,1.5,1,63.1,6.1,8.2,1,4.0,1.4,0,0,3.4,10,6,9,98,,1,1
105325,24,1,1.7,0,98.3,7.0,10.0,0,3.23,5.2,0,1,6.4,7,9,6,80,,3,1
105326,24,1,3.3,1,58.7,7.7,8.3,0,3.47,4.8,0,0,8.0,2,3,10,87,,3,1
105327,20,1,5.8,1,84.9,5.9,5.2,0,4.0,2.5,0,1,9.0,5,3,10,90,,3,1
105328,25,0,8.1,0,41.8,8.0,10.0,0,3.84,5.3,0,4,15.4,8,4,10,98,,3,1
105329,20,1,8.1,1,99.1,7.0,8.9,1,4.0,1.8,0,2,15.1,3,8,7,92,,0,1
105330,16,1,4.5,1,90.2,8.5,7.0,0,3.69,2.7,0,1,9.3,10,1,10,96,,2,0
105331,24,1,4.6,0,62.1,8.6,3.5,1,3.72,6.1,0,0,13.5,3,4,10,90,,3,0
105332,24,1,5.8,1,54.5,5.0,7.2,1,4.0,5.6,0,2,11.4,7,3,10,99,,1,1
105333,21,2,3.6,1,94.5,6.4,3.5,1,4.0,8.3,0,1,10.7,2,9,6,91,,2,1
105334,18,2,2.9,0,79.4,7.9,7.2,0,3.54,6.5,0,0,8.2,5,1,10,88,,1,1
105335,19,1,7.04,1,60.5,6.7,7.3,1,3.69,3.3,0,3,13.5,6,6,9,86,,0,0
105336,21,2,2.8,0,79.0,4.3,6.7,0,3.81,5.5,0,0,4.8,2,7,8,90,,0,1
105337,20,2,6.5,0,94.6,6.8,5.5,0,3.95,4.2,0,5,10.7,8,7,8,100,,0,1
105338,19,0,3.3,1,64.3,4.7,7.3,0,2.98,5.4,0,4,9.2,4,2,10,87,,2,0
105339,23,0,5.7,0,71.9,9.4,8.0,0,4.0,5.1,0,2,10.4,4,5,10,98,,2,1
105340,16,0,4.8,1,46.3,5.7,7.3,1,4.0,5.5,0,1,13.5,2,7,8,97,,1,1
105341,16,1,3.07,1,48.5,6.5,9.7,0,2.49,7.2,0,1,7.1,3,3,10,66,,3,1
105342,24,2,4.2,0,75.8,9.0,6.6,1,3.91,6.2,0,3,9.7,9,10,5,91,,3,1
105343,28,2,0.2,1,73.8,8.6,5.8,1,3.22,7.3,0,1,7.4,1,3,10,83,,1,1
105344,22,1,1.0,1,91.0,10.7,2.7,0,2.36,8.2,1,2,8.4,5,3,10,57,,0,0
105345,23,0,6.9,1,46.6,9.2,4.2,1,3.1,8.8,1,0,15.1,5,1,10,81,,1,1
105346,28,0,4.1,0,70.0,4.1,9.2,1,4.0,1.7,0,1,11.0,10,6,9,97,,2,1
105347,28,1,5.7,0,69.3,7.3,7.0,1,3.07,3.9,0,0,8.5,10,2,10,77,,2,0
105348,24,2,2.2,0,73.5,5.1,5.6,1,3.07,8.7,1,0,7.9,7,3,10,72,,2,1
105349,25,0,4.5,1,55.4,8.5,7.8,1,4.0,4.6,0,5,12.3,1,7,8,100,,1,0
105350,18,1,9.1,0,73.9,6.2,8.8,1,4.0,3.1,0,3,14.1,1,7,8,100,,1,1
105351,17,1,6.2,0,52.7,4.9,2.1,1,3.91,1.0,0,3,9.5,8,1,10,99,,3,0
105352,23,2,3.9,0,78.9,6.3,5.2,0,2.49,6.6,0,4,10.7,4,4,10,55,,1,1
105353,21,1,5.42,0,76.3,7.5,7.7,1,4.0,4.0,0,0,12.2,9,9,6,98,,2,1
105354,28,0,5.75,1,64.1,7.3,7.3,1,4.0,2.6,0,0,13.3,6,6,9,100,,0,1
105355,25,0,0.5,0,96.3,8.2,9.9,1,3.59,1.1,0,3,4.3,7,5,10,84,,0,1
105356,20,1,3.14,1,79.0,6.6,5.0,1,4.0,3.5,0,1,9.0,3,7,8,100,,2,1
105357,20,2,5.4,0,82.0,9.5,6.8,1,4.0,7.0,0,3,9.5,8,8,7,97,,2,0
105358,20,1,2.2,0,76.7,9.1,5.1,1,3.82,5.0,0,0,8.5,10,1,10,94,,1,0
105359,24,0,4.1,0,96.4,6.8,3.1,0,4.0,2.1,0,4,10.4,2,8,7,97,,1,0
105360,18,1,1.7,1,41.8,6.0,5.5,1,2.78,6.4,0,5,6.1,9,4,10,68,,2,0
105361,18,1,4.0,1,92.7,5.7,10.0,1,3.35,6.4,0,2,10.8,7,2,10,85,,1,1
105362,19,1,4.2,1,94.2,9.1,3.6,1,4.0,9.4,0,4,6.5,8,10,5,100,,2,1
105363,28,1,7.6,1,87.0,9.4,8.4,1,4.0,4.0,0,3,13.5,8,7,8,98,,3,0
105364,16,2,3.2,1,70.2,7.9,6.3,1,4.0,3.5,0,5,5.0,5,10,5,98,,2,0
105365,23,0,6.1,0,43.5,6.4,9.7,0,3.48,2.4,0,1,13.4,4,6,9,87,,1,1
105366,25,2,6.6,0,86.7,7.8,3.2,1,2.88,1.6,0,5,9.7,8,1,10,73,,3,1
105367,24,1,1.2,1,92.0,4.8,9.9,0,4.0,6.1,0,3,5.5,7,10,5,100,,2,0
105368,21,1,6.7,1,96.1,6.1,8.8,1,3.65,1.9,0,3,11.9,7,8,7,97,,3,0
105369,16,1,5.7,0,58.5,6.9,6.0,1,4.0,5.8,0,3,10.2,1,10,5,97,,2,1
105370,21,0,7.0,0,83.4,6.9,6.9,1,4.0,6.6,0,0,11.3,1,1,10,100,,2,0
105371,22,0,2.0,0,99.0,7.0,4.8,0,3.84,6.9,0,1,6.6,3,1,10,87,,2,1
105372,23,1,2.7,1,73.6,10.7,5.7,1,3.36,4.2,0,1,8.4,7,4,10,86,,1,1
105373,17,2,3.4,1,81.6,5.8,6.1,0,4.0,6.1,0,4,11.2,10,7,8,95,,1,0
105374,26,2,6.2,1,89.5,8.7,6.7,0,4.0,2.1,0,1,9.0,10,4,10,100,,2,0
105375,27,2,3.5,1,96.2,6.1,8.3,0,2.97,5.6,0,1,12.6,9,5,10,77,,2,0
105376,22,1,4.5,0,92.9,5.3,8.5,1,4.0,4.6,0,3,9.4,3,2,10,99,,2,0
105377,24,2,4.6,1,54.0,8.4,6.3,1,3.23,3.1,0,3,10.2,7,2,10,80,,2,1
105378,17,0,2.5,0,89.7,8.0,7.1,1,3.13,4.6,0,1,7.2,2,5,10,71,,1,0
105379,19,0,3.3,1,76.2,7.0,6.1,0,3.52,3.7,0,1,11.5,1,2,10,82,,0,1
105380,21,1,6.16,1,64.6,7.1,8.3,1,4.0,2.7,0,1,10.8,9,9,6,100,,1,0
105381,28,2,3.6,1,42.9,8.6,5.7,1,3.48,2.8,0,1,13.4,4,1,10,91,,2,1
105382,23,1,5.3,1,57.7,9.8,10.0,0,4.0,6.5,0,1,10.7,8,7,8,100,,0,0
105383,22,0,4.4,0,99.6,8.9,4.8,0,4.0,4.8,0,0,10.2,6,2,10,97,,1,1
105384,22,1,5.9,1,60.0,5.5,7.0,1,3.88,5.5,0,2,11.4,7,9,6,98,,1,0
105385,24,0,2.4,0,58.8,8.7,8.8,1,3.88,6.5,0,4,9.0,5,10,5,93,,2,1
105386,19,2,1.0,0,45.5,6.6,8.2,0,3.51,4.5,0,2,7.6,2,2,10,88,,2,1
105387,26,0,3.3,1,70.6,8.1,8.6,0,2.78,7.6,0,1,9.0,8,6,9,67,,1,1
105388,17,0,4.6,1,77.7,8.3,7.5,0,3.96,3.4,0,3,10.7,3,1,10,95,,2,1
105389,19,2,4.2,1,53.9,5.7,6.6,0,3.94,5.9,0,2,9.3,5,9,6,100,,2,1
105390,25,2,7.95,1,85.9,9.0,6.2,1,4.0,5.1,0,4,14.1,4,3,10,100,,2,1
105391,16,2,4.91,0,64.8,8.2,4.5,0,3.68,7.3,0,4,9.7,1,1,10,88,,1,1
105392,25,2,7.46,0,68.4,5.0,8.0,0,3.69,2.9,0,0,12.4,4,3,10,90,,2,1
105393,27,1,2.9,1,79.9,9.0,8.8,0,4.0,3.8,0,0,11.9,10,9,6,97,,0,0
105394,20,2,2.48,1,91.4,7.6,6.4,1,4.0,4.2,0,3,6.3,3,9,6,99,,2,1
105395,20,1,5.4,1,78.6,6.5,5.1,0,4.0,6.2,0,1,13.9,2,3,10,100,,2,1
105396,16,0,3.2,1,57.5,6.2,5.7,0,4.0,7.3,0,3,11.6,8,6,9,100,,2,1
105397,19,0,1.7,0,88.4,7.2,5.4,1,3.67,5.8,0,4,5.1,3,8,7,100,,1,0
105398,16,1,2.5,1,84.6,6.1,6.8,1,4.0,4.6,0,2,8.1,2,6,9,100,,2,1
105399,26,2,5.5,0,76.2,7.0,1.2,1,3.6,4.4,0,5,9.5,1,10,5,89,,0,1
105400,23,1,8.0,0,98.1,6.9,7.4,0,4.0,4.9,0,1,14.8,8,6,9,95,,3,1
105401,16,0,2.6,1,40.6,5.8,5.3,1,3.67,5.2,0,5,7.1,9,8,7,84,,2,1
105402,27,1,4.05,0,56.7,7.9,6.1,1,2.95,6.1,0,0,7.0,10,1,10,82,,2,1
105403,21,1,3.7,0,69.6,9.4,5.4,0,4.0,2.0,0,3,10.3,2,8,7,98,,2,0
105404,28,0,5.3,1,49.5,7.2,7.3,0,4.0,5.8,0,2,10.8,1,6,9,92,,0,1
105405,19,2,6.2,0,64.8,6.7,9.5,0,3.15,5.5,0,1,10.8,7,4,10,79,,3,1
105406,20,0,4.4,1,42.5,8.2,7.5,0,3.51,3.8,0,0,9.3,7,4,10,89,,3,0
105407,17,2,2.6,0,54.9,4.8,6.2,0,3.61,4.7,0,4,5.8,4,7,8,89,,2,0
105408,21,2,5.56,0,63.2,5.7,7.2,0,3.3,2.1,0,1,11.1,1,6,9,74,,2,1
105409,19,1,9.45,1,78.5,8.7,6.0,1,4.0,1.8,0,3,15.1,5,7,8,96,,2,0
105410,21,1,6.0,0,48.0,8.9,5.9,0,4.0,5.8,0,3,8.7,6,7,8,100,,3,0
105411,28,2,5.91,0,99.3,7.5,5.8,1,4.0,3.2,0,5,12.6,7,1,10,95,,1,1
105412,22,1,3.3,0,77.8,5.8,10.0,0,3.45,5.4,0,2,7.6,7,3,10,86,,1,0
105413,26,1,8.3,0,97.1,5.1,6.1,0,3.49,3.8,0,2,14.6,9,8,7,89,,2,1
105414,25,2,5.9,0,41.2,7.9,6.3,0,3.16,5.2,0,2,11.0,7,2,10,90,,2,0
105415,22,0,1.6,1,63.6,5.5,3.9,1,2.85,4.4,0,1,8.8,2,10,5,71,,2,1
105416,20,0,7.25,0,64.9,7.8,5.1,1,3.34,6.9,0,5,11.7,1,1,10,90,,1,0
105417,23,0,4.4,1,77.4,8.0,2.3,1,3.69,7.4,0,0,7.4,1,2,10,89,,3,1
105418,23,2,2.5,1,41.6,8.5,4.9,1,3.83,2.4,0,4,7.5,5,6,9,96,,2,1
105419,17,0,3.7,0,92.9,7.6,7.7,1,3.91,6.6,0,5,7.1,5,6,9,100,,2,0
105420,16,2,6.2,0,77.1,8.3,3.1,0,2.92,7.1,0,0,15.8,8,7,8,72,,2,0
105421,27,0,6.7,0,97.0,5.5,5.6,0,3.1,5.4,0,4,12.1,6,1,10,69,,1,1
105422,26,1,4.8,0,89.5,8.9,5.0,0,4.0,5.6,0,0,10.7,5,8,7,99,,2,1
105423,25,0,2.9,1,50.8,8.1,7.5,0,3.75,4.5,0,4,11.3,9,8,7,92,,3,1
105424,20,1,2.5,0,64.6,5.3,9.6,1,3.65,1.0,0,3,9.8,4,2,10,92,,3,0
105425,28,0,4.3,0,87.5,6.8,6.7,0,4.0,5.1,0,1,7.2,2,4,10,100,,1,0
105426,17,2,7.5,1,92.9,8.3,10.0,0,3.58,4.2,0,1,16.4,6,3,10,99,,3,1
105427,16,1,5.9,1,95.7,7.5,8.6,1,4.0,3.8,0,2,12.3,8,7,8,100,,2,1
105428,22,2,0.7,0,99.0,6.3,4.4,1,3.07,5.8,0,4,8.7,9,6,9,79,,1,0
105429,24,1,4.0,1,46.5,9.5,5.2,0,4.0,2.3,0,3,11.4,3,6,9,100,,2,1
105430,24,1,8.85,1,63.1,8.3,8.4,0,3.82,8.6,1,4,13.8,1,3,10,100,,1,0
105431,21,0,3.8,0,64.8,8.8,3.9,1,3.95,6.2,0,5,8.6,2,5,10,100,,3,1
105432,23,1,5.8,1,89.3,7.0,5.5,1,4.0,7.7,0,2,12.2,2,10,5,100,,1,1
105433,21,1,5.5,1,41.0,6.6,3.7,0,4.0,7.8,0,4,11.5,2,10,5,96,,2,1
105434,20,2,4.8,1,85.7,8.5,5.9,0,4.0,5.0,0,5,9.3,10,8,7,98,,1,0
105435,24,0,3.8,1,72.8,7.5,7.4,1,4.0,2.9,0,2,10.5,1,9,6,94,,1,1
105436,18,1,5.7,0,48.6,7.8,9.3,1,4.0,5.0,0,1,13.7,5,8,7,96,,0,1
105437,25,2,6.4,0,46.6,6.1,8.4,1,3.73,2.7,0,3,10.2,8,10,5,95,,2,0
105438,25,0,3.7,1,61.5,4.0,4.4,0,3.36,1.0,0,3,12.1,10,9,6,89,,1,0
105439,26,1,2.6,0,75.0,5.9,7.2,1,4.0,6.0,0,4,9.5,5,9,6,100,,0,0
105440,23,1,3.1,1,47.3,9.0,9.1,1,2.6,5.3,0,3,9.3,2,3,10,63,,1,1
105441,22,1,4.9,0,79.2,6.1,2.9,1,2.61,7.7,0,3,10.6,2,6,9,66,,2,1
105442,26,1,5.1,0,74.5,6.6,4.2,1,3.22,9.0,1,0,8.9,5,1,10,82,,3,1
105443,20,0,8.1,0,72.1,8.7,7.2,1,3.71,4.3,0,4,16.8,3,8,7,95,,3,0
105444,23,2,2.6,1,63.1,7.5,6.0,0,3.37,5.2,0,4,5.8,3,7,8,84,,2,0
105445,17,1,4.14,0,90.9,7.3,6.4,0,4.0,6.8,0,5,10.2,2,6,9,100,,2,0
105446,21,0,4.87,0,52.2,6.2,5.7,0,3.54,5.8,0,1,13.8,10,7,8,92,,3,1
105447,18,2,5.9,0,81.8,6.3,7.9,0,3.26,3.3,0,2,11.0,1,8,7,74,,3,0
105448,17,1,3.4,1,70.7,6.6,6.5,1,3.48,8.4,0,0,9.9,10,10,5,86,,1,1
105449,20,0,3.89,0,72.1,8.7,4.5,0,2.74,9.8,0,5,11.3,9,5,10,76,,2,0
105450,23,1,5.4,1,58.1,7.1,9.3,1,3.53,3.8,0,3,11.2,2,3,10,88,,3,1
105451,21,2,2.6,1,92.1,7.6,5.6,1,3.36,5.4,0,3,12.1,2,1,10,84,,3,0
105452,27,1,1.7,1,67.7,6.8,3.7,0,4.0,5.0,0,5,6.4,3,4,10,94,,2,1
105453,25,2,2.8,1,77.9,9.7,10.0,1,3.83,5.2,0,5,8.4,9,6,9,100,,2,1
105454,16,0,3.6,0,95.9,5.7,5.5,0,4.0,4.6,0,2,6.6,5,3,10,100,,2,1
105455,19,1,2.4,0,46.0,5.4,7.3,1,3.5,1.0,0,1,8.4,2,8,7,92,,3,0
105456,26,0,1.29,0,70.7,7.7,3.4,0,4.0,7.2,0,2,3.0,7,9,6,100,,1,1
105457,17,2,4.5,1,50.5,6.1,7.2,0,2.54,6.5,0,0,9.4,4,3,10,68,,2,1
105458,16,2,1.6,0,73.8,7.0,7.6,1,3.4,6.0,0,0,7.1,4,4,10,86,,2,0
105459,21,1,7.69,0,69.0,6.9,8.6,0,4.0,2.0,0,1,13.2,5,4,10,100,,3,0
105460,22,1,6.22,1,72.4,6.0,4.8,1,4.0,3.4,0,3,12.0,7,8,7,100,,1,0
105461,24,2,5.9,1,83.3,8.0,6.7,0,3.38,6.1,0,3,10.4,6,5,10,85,,2,1
105462,26,1,7.5,1,61.2,8.0,5.7,1,4.0,4.2,0,4,8.8,6,7,8,100,,1,1
105463,25,0,0.0,0,76.0,11.9,8.0,1,4.0,4.5,0,3,4.9,7,9,6,100,,3,1
105464,26,2,0.2,1,88.1,7.0,6.3,1,3.37,8.3,0,3,10.0,6,7,8,72,,2,0
105465,26,0,6.1,1,48.9,6.8,10.0,0,3.66,5.1,0,1,10.6,7,7,8,94,,3,1
105466,17,0,3.2,0,50.1,8.4,6.9,1,4.0,3.5,0,3,10.1,6,2,10,93,,0,1
105467,23,2,5.3,0,97.5,8.8,7.6,1,4.0,3.9,0,3,11.7,10,8,7,100,,2,0
105468,22,2,0.7,1,86.6,4.8,8.1,1,2.73,5.6,0,0,5.1,1,10,5,70,,1,1
105469,26,1,2.0,1,96.2,9.3,8.6,0,3.11,6.1,0,0,5.8,10,1,10,83,,2,1
105470,28,1,4.0,0,65.2,6.9,5.0,0,4.0,5.4,0,1,8.6,1,10,5,97,,1,0
105471,25,0,3.0,1,70.9,5.3,6.0,1,3.67,3.0,0,1,5.0,1,1,10,81,,2,1
105472,17,0,8.9,0,97.3,4.8,5.9,1,4.0,6.8,0,2,13.1,7,10,5,100,,0,0
105473,21,0,4.0,1,40.0,9.1,5.8,1,4.0,3.1,0,5,11.7,4,5,10,100,,2,0
105474,27,1,4.66,1,59.4,7.6,8.3,1,3.36,3.4,0,5,10.6,8,8,7,88,,1,1
105475,17,1,5.4,0,93.7,5.6,5.5,0,3.8,5.3,0,5,9.9,8,3,10,93,,2,0
105476,27,0,4.2,1,86.3,4.0,6.7,0,2.78,2.5,0,2,10.1,3,4,10,60,,2,0
105477,23,1,5.4,0,91.8,9.0,5.1,0,4.0,6.3,0,5,11.6,9,6,9,100,,2,1
105478,20,2,2.4,1,82.8,7.1,8.5,1,3.61,5.2,0,0,5.5,10,1,10,86,,1,0
105479,21,1,3.2,0,91.9,8.0,5.7,0,2.82,1.0,0,5,8.1,4,2,10,67,,0,1
105480,28,1,5.27,0,82.0,10.9,8.6,1,3.6,3.7,0,0,6.7,7,1,10,89,,2,1
105481,18,0,6.78,0,85.8,6.9,2.2,1,2.93,7.0,0,0,12.7,5,6,9,70,,3,1
105482,20,0,3.4,0,63.2,7.2,6.6,1,2.75,5.1,0,2,11.5,8,1,10,66,,2,1
105483,16,0,0.6,0,68.8,5.5,9.8,1,3.13,5.2,0,0,5.6,2,6,9,75,,3,0
105484,23,1,5.5,0,70.8,5.6,5.1,0,4.0,3.2,0,5,14.4,4,4,10,97,,3,0
105485,21,0,3.6,0,72.7,7.7,7.2,1,3.32,2.5,0,0,7.7,5,6,9,91,,2,1
105486,17,2,0.0,0,74.5,4.8,9.6,0,2.22,5.4,0,3,5.2,8,7,8,55,,2,1
105487,20,0,5.68,0,93.4,6.2,8.6,1,2.81,5.1,0,3,7.7,5,5,10,65,,1,1
105488,24,0,7.5,1,60.2,5.5,6.5,0,4.0,7.6,0,1,10.7,8,8,7,100,,3,1
105489,18,1,6.8,1,87.4,8.0,4.8,1,4.0,6.4,0,4,13.9,1,8,7,92,,2,1
105490,20,2,5.5,1,88.9,9.0,4.6,1,4.0,3.5,0,0,13.0,1,1,10,100,,2,1
105491,25,2,4.5,0,41.9,7.4,6.1,1,4.0,3.1,0,0,10.9,3,9,6,100,,0,0
105492,16,2,5.5,1,51.2,6.5,4.8,0,4.0,4.1,0,3,10.4,9,10,5,95,,2,0
105493,22,2,4.2,1,73.7,6.0,9.6,0,2.88,4.5,0,0,9.4,4,2,10,73,,2,0
105494,24,0,2.8,1,78.6,7.4,4.3,1,4.0,3.5,0,4,6.4,5,8,7,92,,1,1
105495,21,2,4.8,0,48.1,9.0,9.2,0,4.0,6.5,0,5,11.2,5,9,6,100,,0,0
105496,16,2,6.7,0,45.5,4.9,5.2,1,4.0,4.2,0,0,15.7,8,9,6,91,,2,1
105497,28,2,3.4,1,93.9,6.4,3.6,0,4.0,1.0,0,2,10.9,10,5,10,100,,1,0
105498,16,2,7.24,1,59.1,6.0,7.8,0,4.0,7.9,0,3,15.1,6,4,10,100,,2,1
105499,22,0,1.8,1,81.0,8.1,5.7,0,3.61,5.4,0,5,6.5,5,9,6,98,,2,0
105500,16,0,0.3,1,92.3,7.2,5.2,1,3.15,6.5,0,5,6.6,4,6,9,80,,1,0
105501,22,1,5.73,1,88.1,6.2,7.9,0,3.63,2.5,0,0,10.7,3,2,10,92,,1,1
105502,25,1,6.7,0,80.7,9.9,7.6,0,3.93,5.2,0,5,13.7,9,2,10,97,,3,1
105503,16,0,4.99,1,47.6,7.0,7.4,1,4.0,1.7,0,5,11.6,1,1,10,100,,1,1
105504,19,2,7.7,0,84.4,7.1,6.2,0,4.0,6.6,0,1,12.4,7,8,7,100,,1,1
105505,22,0,5.5,1,51.1,7.2,6.1,1,4.0,4.6,0,2,8.6,2,1,10,99,,0,1
105506,24,2,4.3,1,55.4,6.7,7.6,1,3.77,6.8,0,4,7.8,2,1,10,100,,1,0
105507,22,2,1.3,0,45.5,7.9,6.0,0,4.0,1.6,0,2,9.7,6,3,10,100,,2,1
105508,16,0,4.8,0,68.1,7.5,6.3,1,4.0,4.4,0,3,11.8,1,3,10,100,,1,1
105509,19,0,6.9,0,91.9,7.3,6.8,0,4.0,5.8,0,5,11.1,4,8,7,99,,2,0
105510,22,2,7.2,1,67.1,5.7,5.5,0,4.0,4.1,0,3,12.7,3,9,6,97,,2,0
105511,25,1,2.9,1,52.7,7.5,5.5,0,3.09,8.8,1,2,7.6,8,1,10,79,,2,1
105512,18,0,0.5,1,63.2,8.4,6.0,1,4.0,6.2,0,0,8.4,1,7,8,100,,2,1
105513,19,1,6.7,0,96.5,7.6,7.7,1,4.0,5.8,0,4,13.3,1,3,10,97,,3,1
105514,18,2,3.8,1,93.5,7.7,3.6,0,3.26,5.8,0,5,7.5,6,3,10,89,,3,1
105515,19,2,4.6,0,56.0,9.0,8.3,1,4.0,5.7,0,3,8.9,6,10,5,100,,2,0
105516,19,1,6.4,0,46.8,7.5,8.6,1,2.84,4.7,0,1,13.6,3,2,10,67,,1,1
105517,26,2,6.44,1,69.2,6.9,6.5,1,4.0,3.9,0,0,10.5,5,8,7,100,,2,0
105518,25,0,5.95,0,53.5,7.0,7.1,0,3.99,5.3,0,5,8.8,1,2,10,100,,2,1
105519,27,1,5.2,1,67.0,8.9,3.7,1,3.18,1.8,0,4,9.3,9,2,10,85,,0,0
105520,25,1,9.66,0,74.8,8.4,7.2,1,4.0,4.4,0,4,16.9,3,10,5,92,,0,1
105521,27,0,5.1,1,55.3,8.0,9.7,0,3.78,6.5,0,0,7.2,8,8,7,94,,3,1
105522,26,2,2.0,1,69.0,8.0,4.6,1,3.41,8.2,0,1,8.1,6,5,10,84,,2,1
105523,28,2,4.58,0,49.1,8.1,8.1,0,3.85,6.6,0,5,10.1,1,10,5,100,,1,0
105524,23,0,2.8,1,78.1,5.6,8.8,0,4.0,5.7,0,3,6.8,6,9,6,100,,2,0
105525,19,2,5.15,0,80.1,7.7,8.5,0,4.0,3.3,0,1,11.1,7,10,5,98,,1,0
105526,26,1,3.4,0,96.2,6.5,6.7,0,3.49,3.8,0,4,8.0,8,3,10,95,,0,1
105527,27,1,1.95,0,58.3,5.9,4.6,1,4.0,3.4,0,5,6.3,5,3,10,100,,1,0
105528,20,1,3.5,0,53.3,4.8,9.9,1,2.9,4.9,0,4,8.9,3,6,9,73,,2,0
105529,22,2,7.3,0,86.9,6.3,6.2,0,4.0,4.0,0,2,11.6,5,10,5,95,,3,0
105530,25,1,5.07,1,62.1,6.4,4.3,0,3.85,7.0,0,0,11.7,3,6,9,100,,2,1
105531,21,0,5.0,1,60.5,7.2,7.1,0,4.0,6.0,0,0,12.6,2,7,8,100,,1,1
105532,26,0,3.11,0,96.8,8.5,7.1,0,4.0,4.8,0,3,7.1,10,7,8,99,,1,1
105533,27,2,7.0,1,54.1,6.6,6.9,0,3.26,3.6,0,0,10.5,5,6,9,77,,2,0
105534,20,1,4.1,0,51.5,6.9,9.3,1,3.46,4.3,0,1,10.2,9,3,10,84,,1,0
105535,21,1,2.9,0,73.4,6.4,8.0,1,2.8,3.6,0,5,12.4,8,1,10,79,,3,1
105536,26,1,5.3,0,45.8,4.8,5.2,0,4.0,1.5,0,0,14.0,10,7,8,100,,1,1
105537,24,2,4.89,1,66.3,7.6,5.2,0,3.23,1.3,0,4,9.9,8,3,10,74,,1,0
105538,26,2,4.4,0,74.5,7.2,9.9,0,3.74,4.6,0,5,9.7,8,4,10,98,,2,0
105539,24,1,5.1,0,49.3,6.7,6.9,1,4.0,1.2,0,0,13.4,10,4,10,98,,1,1
105540,25,1,5.0,0,73.8,5.9,5.5,0,3.0,2.7,0,0,11.1,2,7,8,72,,2,1
105541,18,0,6.4,0,40.2,6.6,7.3,0,3.29,4.5,0,0,12.1,1,5,10,83,,3,0
105542,26,1,2.7,1,55.0,5.5,6.4,0,4.0,4.1,0,2,9.5,7,10,5,97,,2,1
105543,26,0,5.9,1,91.4,8.6,6.1,0,3.39,6.6,0,0,10.6,7,7,8,86,,3,0
105544,18,0,7.5,1,78.7,8.5,7.4,1,4.0,3.6,0,2,12.2,5,5,10,91,,2,1
105545,19,0,3.6,0,64.6,6.1,5.7,0,4.0,3.2,0,0,6.3,1,1,10,94,,1,1
105546,27,2,2.7,1,63.9,5.2,6.4,1,4.0,7.4,0,4,10.7,5,4,10,93,,1,1
105547,24,1,3.4,1,51.7,6.4,5.9,0,4.0,3.2,0,5,9.5,10,5,10,100,,2,0
105548,17,2,8.45,0,81.3,7.4,10.0,0,4.0,6.5,0,3,15.9,3,5,10,94,,2,1
105549,19,2,4.2,1,62.8,7.5,9.4,0,3.2,6.8,0,0,10.0,6,1,10,80,,2,1
105550,26,1,3.3,0,94.2,7.1,6.2,1,3.57,4.2,0,0,6.8,6,5,10,85,,1,0
105551,28,0,4.4,0,97.0,7.5,9.4,0,4.0,1.1,0,1,12.7,1,1,10,95,,2,0
105552,27,0,1.3,1,48.7,5.7,8.7,0,4.0,1.5,0,0,9.3,6,8,7,100,,2,0
105553,16,1,3.2,1,78.9,5.8,10.0,1,4.0,4.0,0,0,6.2,5,9,6,100,,1,1
105554,28,0,3.39,0,65.5,10.3,6.1,0,3.42,1.2,0,3,10.0,9,7,8,87,,2,1
105555,22,2,3.2,0,47.8,8.6,6.6,1,4.0,5.8,0,2,8.4,1,9,6,100,,3,1
105556,23,1,7.3,1,65.8,8.4,6.2,1,3.6,3.8,0,0,10.0,9,10,5,90,,1,1
105557,17,1,3.1,0,76.0,5.9,7.7,0,4.0,4.5,0,2,9.2,7,2,10,100,,2,1
105558,19,2,8.15,0,86.2,6.0,4.2,1,3.5,4.8,0,0,10.2,5,3,10,91,,3,0
105559,26,0,2.7,0,51.8,5.3,4.9,1,3.88,10.0,1,0,9.3,3,1,10,100,,2,1
105560,25,0,5.83,1,95.5,6.7,10.0,1,4.0,4.0,0,4,8.7,3,2,10,100,,3,1
105561,24,1,5.2,1,42.5,8.8,4.5,1,3.16,5.9,0,1,12.3,7,7,8,80,,1,0
105562,20,2,6.75,1,97.7,7.9,6.5,1,3.62,6.0,0,0,10.0,7,2,10,88,,0,1
105563,21,2,2.4,0,48.9,8.2,7.6,1,3.74,3.7,0,2,4.4,2,4,10,87,,0,0
105564,16,0,1.6,0,51.1,7.6,4.9,1,3.57,6.3,0,2,6.6,9,5,10,83,,3,0
105565,16,2,3.8,0,92.7,6.3,3.8,0,3.57,1.5,0,1,10.0,5,6,9,89,,1,1
105566,26,1,2.6,0,70.7,6.0,7.8,0,3.61,5.1,0,2,4.7,9,9,6,93,,3,1
105567,19,1,4.2,1,64.1,6.2,7.1,1,2.59,5.0,0,1,10.9,2,1,10,58,,1,1
105568,23,0,5.3,1,82.1,8.4,6.3,0,4.0,5.7,0,3,12.7,2,8,7,100,,0,0
105569,16,0,2.9,1,75.6,6.4,5.1,1,4.0,5.4,0,1,8.7,5,10,5,98,,1,1
105570,21,0,4.2,0,86.3,7.2,7.4,1,3.2,3.9,0,3,10.8,4,5,10,78,,2,1
105571,16,0,1.7,0,97.4,8.7,6.7,1,4.0,1.0,0,3,3.9,8,9,6,94,,1,1
105572,24,2,2.9,1,56.1,6.3,4.6,1,2.9,2.0,0,5,8.5,10,5,10,80,,3,1
105573,23,0,1.6,1,88.8,5.9,7.0,0,3.63,3.0,0,0,5.9,3,9,6,88,,3,0
105574,21,1,5.1,1,74.9,9.8,6.6,1,4.0,3.8,0,5,8.1,6,7,8,100,,1,0
105575,28,0,6.2,1,65.6,7.9,2.6,0,4.0,4.2,0,2,12.7,3,9,6,97,,2,0
105576,25,0,6.7,0,64.8,8.7,8.3,0,4.0,6.0,0,4,9.6,9,8,7,98,,2,1
105577,27,1,5.7,0,82.7,7.6,7.4,0,4.0,3.6,0,2,12.2,8,3,10,100,,3,0
105578,16,1,2.2,1,81.2,7.2,5.8,0,3.62,4.0,0,0,7.0,1,6,9,90,,0,0
105579,19,1,5.7,1,45.1,6.6,7.2,0,3.52,7.5,0,5,14.1,7,8,7,88,,2,0
105580,23,1,4.1,1,50.2,6.6,5.2,0,3.95,4.9,0,0,11.4,10,8,7,91,,1,0
105581,23,0,3.7,1,64.6,4.0,5.8,1,4.0,5.7,0,5,7.8,2,6,9,100,,2,1
105582,25,0,4.7,1,59.7,6.2,4.4,1,2.92,8.5,0,4,10.0,3,6,9,77,,1,1
105583,28,2,3.6,0,50.2,7.9,8.1,0,3.0,5.8,0,3,11.6,4,4,10,76,,2,1
105584,18,0,5.77,1,73.9,4.4,8.3,1,4.0,1.0,0,5,9.3,6,10,5,100,,3,1
105585,17,2,3.5,0,65.9,5.0,8.8,0,3.07,4.0,0,0,8.8,4,1,10,83,,2,0
105586,25,0,5.3,1,93.3,6.7,8.6,1,4.0,5.9,0,0,8.5,6,6,9,100,,2,1
105587,19,1,3.2,0,72.6,7.5,9.2,0,2.75,4.4,0,5,9.3,6,6,9,64,,2,1
105588,23,0,5.6,0,94.1,6.4,3.4,1,3.9,5.0,0,3,11.8,7,8,7,100,,2,1
105589,26,1,4.2,1,79.2,6.5,10.0,0,2.93,6.4,0,3,11.5,1,4,10,76,,2,0
105590,21,0,4.8,1,99.7,4.0,8.0,1,2.48,3.9,0,1,13.1,7,6,9,55,,2,1
105591,27,1,4.15,0,99.4,4.9,5.7,0,3.22,2.2,0,1,7.3,1,1,10,81,,3,1
105592,21,0,7.3,0,48.4,7.0,4.8,1,3.57,1.0,0,2,15.6,1,5,10,85,,1,1
105593,27,1,3.63,1,50.6,8.5,5.4,0,4.0,3.2,0,0,9.1,6,9,6,100,,1,1
105594,27,2,1.5,0,69.8,9.5,9.2,0,4.0,4.2,0,0,8.0,10,10,5,100,,1,1
105595,19,2,6.0,0,80.2,6.7,5.1,0,4.0,8.0,0,4,10.4,2,7,8,98,,2,1
105596,25,2,1.7,0,50.9,4.0,7.4,0,2.59,6.5,0,5,5.8,5,9,6,61,,0,1
105597,21,1,3.6,1,88.6,6.7,7.3,1,3.98,4.8,0,1,8.0,8,6,9,97,,3,1
105598,23,2,6.0,1,86.8,6.4,3.8,0,3.94,4.4,0,2,15.8,2,7,8,99,,2,1
105599,25,2,5.9,0,88.4,7.2,9.5,1,3.83,3.8,0,1,10.3,7,5,10,100,,3,0
105600,24,0,2.6,0,94.7,6.9,6.3,0,3.81,5.3,0,5,7.9,10,10,5,96,,1,0
105601,21,2,2.3,1,88.5,6.5,3.1,0,4.0,6.8,0,5,8.0,9,10,5,95,,1,1
105602,16,1,7.9,1,95.3,5.9,5.4,0,3.89,8.0,0,3,12.1,7,1,10,93,,1,1
105603,25,1,9.2,1,40.5,6.9,10.0,1,3.53,6.6,0,5,14.5,9,6,9,88,,2,0
105604,22,0,3.14,0,45.4,9.4,9.8,1,3.43,6.8,0,2,8.9,3,6,9,84,,0,1
105605,27,2,0.7,0,85.2,7.2,8.3,0,2.91,7.3,0,5,5.0,5,9,6,76,,2,1
105606,21,2,7.3,0,98.0,8.6,6.5,0,4.0,5.3,0,3,12.2,10,2,10,100,,2,0
105607,18,2,1.7,0,71.3,7.8,6.1,1,4.0,3.3,0,4,9.6,5,2,10,98,,2,0
105608,26,2,0.93,1,97.2,5.3,9.0,0,2.8,5.6,0,1,7.0,8,8,7,69,,3,1
105609,17,1,3.0,0,75.4,6.1,7.2,1,2.81,5.5,0,4,10.7,8,4,10,63,,2,1
105610,21,0,7.2,0,54.8,7.8,7.9,0,3.93,6.5,0,3,11.3,8,5,10,100,,2,0
105611,24,1,3.0,1,80.1,5.3,2.5,0,3.44,3.0,0,1,7.1,4,1,10,87,,2,1
105612,20,0,1.8,1,41.9,9.5,5.7,0,3.17,3.7,0,0,4.3,7,2,10,76,,1,0
105613,23,0,4.27,1,56.6,8.1,3.9,0,3.49,8.3,1,3,12.0,4,3,10,86,,2,1
105614,20,2,2.8,0,63.2,8.9,6.9,0,4.0,4.2,0,3,12.5,3,4,10,94,,2,0
105615,21,0,4.5,1,84.1,7.2,8.2,0,3.83,2.3,0,4,11.0,10,9,6,93,,2,1
105616,23,2,5.1,0,56.6,8.8,7.3,0,4.0,4.7,0,2,10.9,1,9,6,100,,1,1
105617,25,1,4.0,1,73.3,6.8,4.7,0,4.0,5.9,0,2,11.9,1,10,5,100,,0,0
105618,23,0,3.5,1,43.2,5.1,7.1,1,2.99,1.1,0,2,7.7,1,1,10,78,,2,1
105619,27,2,5.9,0,76.4,5.5,3.2,1,3.21,3.8,0,1,13.0,6,8,7,76,,2,1
105620,20,1,3.2,1,94.1,6.1,8.7,1,3.13,6.1,0,1,8.5,4,2,10,85,,3,1
105621,23,0,6.6,0,59.0,8.6,5.2,1,3.95,5.2,0,2,16.6,2,2,10,94,,0,1
105622,26,2,3.1,1,73.1,9.4,9.6,0,3.07,4.2,0,1,9.9,7,9,6,74,,2,1
105623,19,0,7.49,0,85.4,6.0,8.1,0,3.42,6.2,0,4,14.4,3,5,10,89,,2,1
105624,17,0,4.1,1,73.0,6.8,3.7,1,3.58,4.0,0,3,12.5,1,10,5,85,,0,1
105625,21,0,5.1,1,76.8,6.7,3.6,0,3.29,4.1,0,5,12.4,2,6,9,74,,2,0
105626,26,0,4.94,0,66.7,6.7,6.1,1,3.67,4.4,0,2,9.8,5,7,8,100,,0,0
105627,21,2,5.7,1,66.5,5.6,9.2,1,4.0,2.2,0,4,10.3,2,6,9,99,,2,1
105628,26,2,0.6,1,65.8,5.7,8.1,1,3.93,2.4,0,1,8.8,5,3,10,94,,2,0
105629,16,1,2.2,1,84.1,6.3,6.4,1,4.0,7.0,0,0,9.3,1,5,10,100,,2,1
105630,22,0,3.5,1,59.6,5.4,2.5,1,3.2,6.6,0,2,10.7,6,7,8,76,,1,0
105631,16,2,0.7,1,78.9,4.8,4.1,1,2.11,5.0,0,5,5.7,7,5,10,45,,3,1
105632,23,0,1.6,0,88.7,7.4,10.0,0,2.78,5.0,0,5,8.6,6,5,10,64,,3,0
105633,26,0,0.0,1,87.3,7.0,5.9,1,3.42,2.2,0,1,7.1,1,10,5,83,,3,0
105634,28,2,3.6,1,67.0,5.6,6.7,0,4.0,4.1,0,1,7.7,2,6,9,94,,1,1
105635,23,1,6.3,1,69.2,6.1,7.4,0,4.0,2.9,0,2,8.9,10,4,10,100,,2,1
105636,21,1,4.54,0,41.4,7.9,6.3,1,3.32,4.5,0,3,10.0,2,8,7,90,,1,1
105637,25,0,2.9,1,48.6,6.7,4.9,0,4.0,6.5,0,2,4.1,9,9,6,93,,0,0
105638,24,0,4.3,0,78.2,4.0,7.6,0,3.53,5.5,0,4,10.1,5,10,5,90,,0,1
105639,17,1,2.91,1,97.8,6.9,2.8,0,4.0,3.7,0,0,6.9,9,6,9,100,,2,0
105640,27,1,4.77,0,85.8,8.7,7.7,1,4.0,3.4,0,2,11.4,6,6,9,98,,1,0
105641,25,1,4.1,0,83.6,7.1,4.0,1,3.28,7.7,0,1,9.3,8,5,10,80,,2,1
105642,28,2,5.94,1,71.3,8.3,6.8,0,4.0,1.1,0,1,10.3,1,8,7,96,,2,0
105643,16,0,2.7,1,58.9,6.6,8.9,1,3.36,4.5,0,0,7.8,9,4,10,75,,3,0
105644,25,1,2.1,1,56.6,6.9,4.9,0,3.38,5.5,0,5,8.4,10,6,9,88,,3,0
105645,24,0,2.9,1,86.1,6.7,7.5,1,4.0,6.0,0,0,9.0,6,10,5,100,,2,1
105646,18,0,2.5,0,95.6,5.7,6.2,1,3.3,2.8,0,0,9.9,6,2,10,89,,3,1
105647,23,0,6.45,0,77.5,6.0,7.0,0,3.78,4.0,0,3,8.5,3,5,10,95,,0,1
105648,28,1,3.04,0,81.9,9.7,5.0,0,3.08,2.5,0,2,9.0,9,3,10,85,,0,1
105649,25,1,4.7,1,72.3,6.7,9.1,1,4.0,5.4,0,1,13.2,7,4,10,100,,2,1
105650,21,1,6.55,1,97.1,7.8,7.3,1,3.71,6.1,0,5,13.8,5,9,6,95,,2,0
105651,19,2,5.7,0,94.9,4.0,5.2,1,3.77,4.1,0,4,13.8,6,4,10,83,,2,1
105652,22,2,0.3,1,93.0,5.2,8.6,0,3.98,7.0,0,3,6.2,6,9,6,99,,2,1
105653,24,1,5.2,1,63.2,8.5,1.0,0,3.55,2.7,0,3,12.2,6,1,10,100,,3,0
105654,19,2,3.5,0,91.3,4.7,6.2,1,4.0,8.3,0,0,9.2,1,10,5,94,,3,1
105655,28,1,5.0,1,60.2,7.2,7.0,0,3.97,5.0,0,1,10.8,3,5,10,100,,1,1
105656,26,1,4.5,0,70.9,7.4,3.6,0,3.96,5.7,0,0,9.9,2,1,10,100,,2,0
105657,18,2,5.2,0,77.0,7.6,9.6,0,4.0,3.2,0,4,12.8,3,6,9,95,,3,0
105658,23,2,8.1,0,84.5,8.0,7.2,0,4.0,8.0,0,5,14.0,8,10,5,96,,2,1
105659,18,1,6.1,1,73.8,4.5,2.8,0,3.64,8.7,0,5,9.5,1,9,6,95,,1,1
105660,28,2,4.2,0,57.9,6.1,8.3,1,4.0,4.7,0,0,7.5,3,8,7,97,,1,1
105661,19,2,5.51,0,70.6,5.8,8.8,0,4.0,4.8,0,1,10.3,6,1,10,100,,2,1
105662,26,0,2.7,0,58.3,5.4,6.6,1,4.0,5.4,0,0,6.6,9,6,9,97,,2,0
105663,19,0,7.43,0,62.1,10.0,5.3,1,3.88,6.9,0,2,12.4,9,6,9,95,,0,1
105664,26,1,5.2,1,50.2,8.5,5.3,0,3.2,3.4,0,1,7.9,6,4,10,81,,3,1
105665,19,1,2.4,1,89.0,7.9,6.9,0,3.73,2.2,0,1,7.5,3,6,9,91,,3,0
105666,21,0,3.4,1,62.1,9.0,8.8,1,3.57,6.7,0,0,4.6,3,6,9,98,,2,1
105667,18,1,5.8,0,98.7,7.2,7.5,0,4.0,2.9,0,0,13.5,8,8,7,100,,3,1
105668,19,2,6.35,1,42.0,7.4,6.4,1,4.0,3.4,0,2,10.2,6,4,10,95,,0,1
105669,21,2,1.3,0,70.3,8.0,3.7,0,3.81,5.4,0,2,5.6,7,6,9,92,,2,1
105670,21,2,4.8,0,54.6,7.9,7.5,1,3.35,4.0,0,3,11.4,6,5,10,93,,0,1
105671,20,0,5.06,0,74.6,11.3,9.7,0,3.56,6.8,0,4,13.3,8,9,6,90,,3,1
105672,18,0,1.5,0,55.4,6.1,6.8,1,2.25,5.5,0,0,6.2,10,2,10,50,,3,1
105673,17,2,5.1,0,71.6,7.7,4.9,0,4.0,4.6,0,1,10.5,9,2,10,98,,1,1
105674,27,1,4.7,1,66.7,7.9,8.2,0,3.6,1.4,0,1,10.8,10,8,7,85,,2,1
105675,28,0,4.6,0,46.8,6.7,10.0,1,3.09,1.6,0,3,10.6,9,3,10,73,,1,0
105676,18,1,4.7,1,73.9,6.3,3.8,0,3.05,4.3,0,0,10.0,1,5,10,75,,1,0
105677,26,0,2.1,1,66.5,4.6,7.1,0,3.83,5.2,0,5,6.9,6,4,10,100,,2,1
105678,16,0,1.2,1,54.9,6.9,8.2,1,4.0,5.6,0,1,5.4,5,8,7,98,,2,0
105679,19,0,0.8,1,42.4,7.3,5.1,0,2.48,5.7,0,1,8.2,10,5,10,65,,1,0
105680,24,2,4.89,1,89.5,5.1,3.9,0,4.0,5.2,0,0,9.5,6,9,6,98,,1,0
105681,22,2,8.86,1,44.6,8.5,7.2,0,4.0,4.6,0,1,14.4,1,9,6,95,,1,0
105682,26,2,4.11,0,48.7,6.4,8.4,0,3.48,6.1,0,1,9.3,9,5,10,87,,0,0
105683,17,0,3.0,1,71.1,6.5,5.1,1,2.98,1.7,0,3,6.9,3,4,10,74,,2,0
105684,24,1,0.1,1,92.0,5.2,5.5,0,4.0,5.6,0,0,5.7,2,4,10,90,,1,1
105685,19,2,4.6,0,97.4,5.5,4.7,0,4.0,5.1,0,0,10.3,9,3,10,100,,2,0
105686,27,0,7.5,0,55.0,4.0,3.7,0,4.0,4.5,0,3,10.4,1,1,10,100,,2,1
105687,27,2,5.69,0,48.3,6.2,8.6,1,3.77,6.4,0,3,8.1,10,4,10,92,,2,0
105688,25,2,2.2,0,63.3,6.4,10.0,1,2.73,4.9,0,2,8.5,9,3,10,63,,3,0
105689,25,2,2.8,1,48.6,5.1,3.4,1,4.0,7.2,0,1,9.1,3,9,6,99,,2,1
105690,27,0,6.0,1,45.4,8.9,7.7,1,3.3,4.5,0,4,12.8,2,6,9,80,,1,1
105691,17,1,4.87,0,46.1,5.5,10.0,1,3.33,4.2,0,3,7.5,2,8,7,78,,1,1
105692,21,2,3.3,1,95.0,5.1,5.8,0,2.94,4.2,0,5,9.4,9,1,10,67,,3,1
105693,23,2,3.4,0,72.3,7.1,8.4,0,3.75,8.5,1,2,8.8,10,1,10,93,,1,1
105694,27,1,4.9,0,58.1,9.3,5.3,1,2.69,8.2,1,3,10.4,5,1,10,64,,1,1
105695,27,2,5.72,1,99.2,4.9,4.2,0,4.0,4.7,0,3,11.7,2,5,10,100,,3,0
105696,16,2,0.5,1,81.8,4.7,6.1,0,3.57,4.1,0,5,6.0,5,9,6,89,,0,1
105697,19,1,7.3,0,51.2,11.0,9.8,1,4.0,6.3,0,4,12.2,6,8,7,100,,2,1
105698,28,1,2.5,0,76.7,7.8,7.6,1,4.0,6.0,0,4,8.7,4,8,7,99,,2,1
105699,26,0,0.2,0,68.0,7.4,6.3,0,3.68,3.5,0,4,4.2,10,4,10,91,,3,1
105700,20,0,6.13,0,56.4,6.6,10.0,0,2.9,6.1,0,2,11.5,9,4,10,77,,3,1
105701,16,2,3.4,1,47.4,7.5,7.6,0,3.59,3.1,0,1,10.1,5,4,10,93,,2,0
105702,26,1,4.8,1,79.7,7.4,7.9,1,3.96,5.8,0,1,8.3,4,6,9,100,,3,1
105703,16,0,6.01,1,58.6,7.7,3.8,1,3.49,10.0,1,3,8.2,9,3,10,90,,0,1
105704,25,2,6.5,1,97.5,9.4,8.9,1,4.0,3.0,0,0,16.4,4,6,9,100,,1,1
105705,24,0,3.75,0,72.9,7.8,4.7,0,4.0,4.8,0,0,9.8,9,4,10,99,,0,1
105706,19,1,2.2,1,79.6,9.6,10.0,0,3.22,3.1,0,4,6.2,5,9,6,86,,1,0
105707,26,1,3.8,0,77.7,4.6,6.7,1,2.57,4.3,0,2,9.5,2,1,10,57,,2,0
105708,20,0,6.6,0,80.7,8.4,3.4,0,2.88,7.7,0,2,13.6,10,3,10,69,,0,1
105709,21,0,5.1,0,90.4,8.0,6.6,0,3.21,5.6,0,2,8.7,2,6,9,77,,2,0
105710,20,2,7.0,0,82.0,9.5,6.2,0,3.64,3.2,0,3,11.4,6,3,10,81,,2,1
105711,26,2,4.6,1,81.7,5.4,6.6,1,4.0,7.9,0,2,11.2,1,8,7,100,,1,1
105712,18,0,1.3,1,64.7,5.6,7.4,0,3.34,4.3,0,3,7.5,7,4,10,87,,2,1
105713,27,0,2.9,0,83.8,6.8,1.6,1,3.38,3.9,0,5,8.9,9,8,7,75,,2,0
105714,26,1,1.1,0,69.5,5.4,10.0,1,2.44,2.9,0,2,8.6,7,3,10,62,,2,1
105715,28,1,3.1,1,60.8,6.9,5.9,0,2.71,9.4,0,4,10.6,3,4,10,72,,2,1
105716,23,0,2.5,1,40.1,7.1,3.5,1,2.61,7.9,0,4,9.7,2,1,10,72,,1,1
105717,19,0,3.9,0,48.4,7.8,3.0,1,3.34,6.7,0,3,10.7,8,7,8,72,,3,0
105718,16,2,3.3,1,76.2,7.8,3.3,0,4.0,5.1,0,2,10.9,9,1,10,100,,0,0
105719,16,1,4.5,0,44.9,5.7,6.2,1,4.0,3.9,0,2,9.6,6,7,8,100,,2,1
105720,23,1,4.44,1,68.3,6.1,8.6,0,3.47,4.4,0,3,10.9,3,9,6,87,,3,0
105721,23,2,2.0,1,95.2,5.6,7.4,0,3.09,5.5,0,1,6.0,7,5,10,74,,1,1
105722,17,2,3.9,0,72.2,5.9,7.5,1,4.0,5.1,0,4,8.9,3,5,10,100,,1,1
105723,24,1,8.6,1,48.1,10.1,4.3,1,3.74,8.8,0,2,12.1,5,7,8,95,,2,0
105724,17,2,0.1,0,60.2,6.5,6.8,1,3.34,5.4,0,4,5.4,1,5,10,88,,2,1
105725,18,2,3.56,0,76.2,6.2,6.7,1,3.98,7.5,0,0,6.8,3,3,10,95,,1,1
105726,25,0,5.0,1,86.3,6.9,10.0,0,2.68,4.5,0,4,10.9,4,2,10,64,,3,1
105727,17,2,3.0,1,74.8,4.0,6.1,1,3.79,2.7,0,1,6.9,1,10,5,100,,1,0
105728,22,1,3.0,1,41.5,9.3,6.0,1,4.0,4.2,0,0,10.8,3,5,10,89,,3,1
105729,20,2,0.0,0,41.3,9.0,8.7,0,4.0,1.6,0,3,5.9,5,10,5,100,,1,0
105730,17,1,5.0,0,46.1,6.2,7.6,0,4.0,7.2,0,5,12.3,2,10,5,98,,2,1
105731,16,1,5.0,1,69.0,7.7,7.0,1,4.0,2.7,0,3,8.8,1,9,6,93,,1,0
105732,27,2,5.5,0,62.1,4.9,5.7,0,3.35,6.5,0,5,11.7,3,7,8,85,,1,0
105733,27,0,3.48,1,45.4,7.2,5.2,0,3.02,5.6,0,0,9.0,7,8,7,78,,1,1
105734,20,2,1.2,1,53.0,7.5,9.4,1,4.0,1.4,0,5,6.8,1,10,5,100,,2,1
105735,21,0,0.0,1,69.8,6.9,9.3,0,4.0,4.9,0,2,4.6,5,7,8,99,,3,0
105736,17,2,0.6,0,63.8,7.3,5.0,1,3.86,4.0,0,2,3.7,6,8,7,83,,2,1
105737,26,0,3.7,0,78.3,7.9,7.1,0,2.89,4.2,0,3,8.5,8,5,10,76,,2,1
105738,28,1,5.21,1,78.8,6.1,9.7,0,4.0,4.6,0,5,12.3,1,5,10,99,,1,1
105739,23,2,5.9,0,96.9,8.2,7.6,1,2.98,6.3,0,5,14.3,8,4,10,80,,3,1
105740,27,0,4.5,0,54.1,6.9,7.1,1,4.0,1.7,0,1,13.0,6,2,10,100,,3,1
105741,16,0,4.0,1,49.6,11.2,7.2,1,4.0,4.6,0,0,9.2,4,2,10,100,,2,1
105742,20,1,2.3,1,92.6,5.3,8.0,0,4.0,3.6,0,5,6.6,7,8,7,80,,2,0
105743,18,2,1.1,1,93.9,5.5,6.2,1,3.66,1.0,0,2,10.6,5,9,6,96,,1,0
105744,18,2,8.15,0,43.5,7.5,4.9,1,4.0,5.5,0,1,13.6,3,4,10,100,,1,1
105745,26,1,5.5,1,88.3,7.9,4.2,0,4.0,9.1,1,0,9.1,1,1,10,100,,1,1
105746,22,2,3.1,0,53.3,5.8,4.2,0,3.08,7.4,0,5,12.5,4,9,6,84,,2,1
105747,24,0,6.4,1,68.3,6.9,7.0,1,4.0,3.6,0,2,14.2,1,7,8,100,,2,1
105748,28,2,2.0,1,55.8,5.7,8.0,1,4.0,6.0,0,3,10.5,5,3,10,97,,3,1
105749,28,0,6.0,1,59.1,6.4,10.0,0,4.0,6.2,0,5,10.7,9,8,7,98,,0,1
105750,28,1,3.1,0,69.3,6.4,4.9,0,2.72,2.7,0,2,9.3,3,1,10,64,,2,0
105751,23,2,6.2,1,58.9,7.7,6.9,0,4.0,5.1,0,2,9.9,6,10,5,100,,1,1
105752,16,1,3.9,1,90.5,9.4,8.1,0,4.0,4.8,0,4,5.9,9,6,9,97,,2,1
105753,21,1,7.0,1,45.2,5.8,4.4,0,4.0,1.1,0,4,10.1,4,8,7,92,,1,0
105754,25,1,1.6,1,58.2,7.4,8.1,1,2.85,3.7,0,3,5.8,10,6,9,65,,2,0
105755,20,2,4.4,0,97.8,7.5,10.0,1,3.78,3.5,0,5,6.6,10,4,10,98,,2,1
105756,18,0,3.0,1,66.3,6.4,6.3,1,4.0,1.0,0,5,9.5,1,5,10,100,,2,1
105757,25,2,4.1,1,71.7,7.1,8.5,1,3.43,4.8,0,0,5.7,3,2,10,82,,1,1
105758,23,0,6.9,0,74.3,9.2,7.9,0,4.0,7.2,0,3,11.3,8,9,6,99,,0,1
105759,22,0,4.8,1,49.6,8.7,6.3,0,4.0,7.7,0,2,9.8,5,10,5,100,,1,1
105760,18,2,4.4,0,71.5,7.2,6.0,0,3.82,5.7,0,3,9.9,6,5,10,95,,2,1
105761,22,0,0.0,1,75.8,5.4,5.3,0,4.0,6.4,0,1,3.4,2,10,5,100,,0,1
105762,25,0,1.5,0,81.1,8.0,4.8,1,3.32,3.8,0,4,7.6,6,7,8,86,,1,1
105763,25,0,1.7,1,78.1,9.4,8.2,0,4.0,7.4,0,4,9.9,4,2,10,100,,3,1
105764,19,2,3.9,1,63.2,6.2,6.7,0,3.11,5.2,0,5,6.6,5,2,10,82,,1,0
105765,26,1,2.2,0,55.2,7.5,8.3,0,4.0,6.4,0,4,7.3,2,5,10,96,,2,0
105766,21,0,1.7,1,85.4,9.8,7.4,1,4.0,4.7,0,1,4.9,7,3,10,95,,0,1
105767,26,1,6.0,0,61.3,8.7,8.3,1,4.0,4.1,0,0,12.7,10,2,10,95,,2,1
105768,25,0,1.4,0,98.0,6.1,5.5,1,2.9,4.3,0,0,5.3,4,6,9,71,,1,1
105769,21,0,5.2,1,55.6,6.5,7.0,0,2.96,4.8,0,3,10.3,1,4,10,73,,2,0
105770,20,1,0.9,1,77.8,5.1,5.4,1,1.92,7.2,0,5,9.1,9,2,10,48,,2,1
105771,21,1,6.4,0,52.8,7.5,9.6,1,4.0,6.1,0,0,12.8,2,8,7,100,,3,1
105772,18,1,8.8,0,74.6,4.3,7.7,1,4.0,1.3,0,4,13.9,6,1,10,100,,1,0
105773,26,2,0.1,1,92.7,6.3,2.2,0,3.44,8.0,0,1,3.6,6,4,10,87,,2,1
105774,16,2,6.86,1,74.6,6.0,10.0,0,3.09,2.7,0,0,11.4,3,5,10,73,,1,1
105775,22,0,4.6,0,71.8,7.5,9.8,0,4.0,4.1,0,1,11.7,2,10,5,100,,2,0
105776,21,0,5.4,0,76.1,8.5,9.4,0,4.0,1.1,0,1,10.1,1,3,10,97,,0,1
105777,24,1,4.8,0,72.5,8.7,5.9,1,4.0,3.2,0,5,6.9,7,7,8,100,,2,1
105778,23,0,4.33,0,72.2,9.1,10.0,1,3.69,4.4,0,5,10.8,7,10,5,88,,1,0
105779,28,1,4.39,1,96.0,6.6,3.0,1,4.0,6.0,0,2,10.5,1,7,8,98,,2,0
105780,27,2,2.2,1,56.8,7.3,4.5,0,3.26,7.6,0,2,8.1,5,10,5,82,,2,1
105781,22,1,6.3,0,79.9,9.9,8.3,0,4.0,2.9,0,4,9.5,7,6,9,99,,2,1
105782,26,2,5.3,0,84.0,7.7,7.2,0,3.75,4.5,0,0,9.3,5,3,10,90,,1,0
105783,25,2,1.3,0,91.5,5.2,4.5,1,2.19,6.4,0,3,7.8,6,5,10,55,,1,1
105784,17,2,4.6,1,91.9,8.2,6.4,0,3.82,6.0,0,2,9.5,6,5,10,95,,2,1
105785,26,2,2.8,0,70.8,9.5,7.1,1,3.69,6.3,0,0,9.1,5,8,7,89,,0,0
105786,19,2,4.9,0,92.8,8.0,8.1,1,4.0,2.7,0,2,9.5,10,8,7,95,,1,1
105787,28,1,6.8,0,55.8,6.5,4.7,0,4.0,4.6,0,4,10.2,8,8,7,98,,2,1
105788,24,1,1.8,0,64.9,8.6,6.9,0,2.58,8.8,1,2,6.3,8,3,10,60,,3,0
105789,17,1,2.0,0,79.3,7.2,8.4,0,4.0,3.8,0,2,8.0,3,5,10,90,,2,1
105790,16,2,5.5,0,79.4,7.2,8.1,0,4.0,3.7,0,2,11.1,4,4,10,98,,2,1
105791,16,0,7.6,1,81.0,7.1,6.8,1,2.91,3.5,0,5,14.0,1,3,10,67,,3,1
105792,22,2,5.3,1,70.6,5.2,3.6,0,3.08,1.3,0,5,11.2,10,2,10,78,,1,0
105793,26,0,3.1,0,78.1,7.9,8.1,1,4.0,2.2,0,1,9.0,9,1,10,96,,2,1
105794,23,0,6.14,1,42.7,4.9,6.7,0,4.0,3.7,0,4,11.9,4,7,8,94,,1,0
105795,18,1,7.0,1,46.8,6.9,5.1,0,4.0,5.1,0,4,12.8,5,1,10,90,,2,1
105796,22,0,7.4,1,57.4,6.0,6.8,0,4.0,6.9,0,0,10.8,5,6,9,97,,2,0
105797,24,0,4.5,1,74.5,7.2,6.9,0,4.0,4.7,0,2,8.9,3,3,10,100,,3,1
105798,16,0,4.46,1,49.8,4.1,8.3,1,4.0,6.7,0,1,9.5,5,6,9,100,,2,1
105799,20,2,4.0,1,87.2,8.9,7.0,1,3.62,5.7,0,3,12.1,10,6,9,92,,2,1
105800,22,0,6.2,0,80.6,4.0,6.9,0,3.9,2.7,0,3,8.8,1,2,10,98,,2,1
105801,24,1,5.0,0,74.5,8.0,7.3,1,2.79,4.3,0,3,12.1,4,1,10,77,,0,1
105802,25,1,4.1,0,53.1,6.5,6.4,0,3.07,2.0,0,1,9.9,8,6,9,78,,2,1
105803,19,1,3.7,0,41.5,6.8,3.8,0,3.74,2.3,0,2,8.8,3,8,7,100,,2,1
105804,23,2,5.47,0,91.4,4.9,4.2,1,4.0,5.0,0,2,11.3,3,7,8,99,,1,0
105805,28,0,2.6,0,91.6,6.5,8.2,1,4.0,2.1,0,5,8.2,8,5,10,96,,3,1
105806,17,0,5.3,1,75.3,8.9,8.4,1,4.0,2.1,0,4,9.2,10,2,10,100,,3,1
105807,16,0,3.0,1,77.1,5.4,7.1,0,3.86,5.8,0,0,7.9,4,3,10,97,,1,1
105808,28,1,5.2,1,82.9,5.3,5.9,0,4.0,5.7,0,5,10.7,1,7,8,100,,2,1
105809,25,2,6.3,1,96.1,6.0,5.7,1,3.72,3.7,0,0,11.6,10,4,10,93,,0,1
105810,21,1,4.2,1,81.6,6.4,3.2,1,3.57,7.5,0,0,11.9,9,8,7,94,,2,1
105811,26,0,3.6,0,65.4,6.9,7.2,1,3.97,2.7,0,4,8.3,2,4,10,99,,2,1
105812,26,0,0.4,1,72.7,6.3,3.4,1,3.96,6.2,0,4,8.5,8,1,10,96,,3,1
105813,19,2,3.4,0,73.6,8.0,10.0,1,3.86,4.2,0,2,8.0,3,3,10,100,,1,0
105814,23,2,3.5,0,82.3,5.2,7.6,1,3.26,4.0,0,2,9.0,9,2,10,78,,3,0
105815,18,2,5.3,0,74.4,5.8,5.4,0,4.0,4.8,0,4,13.9,3,9,6,100,,3,0
105816,28,1,6.13,0,86.4,9.2,9.3,1,3.37,3.4,0,3,14.9,9,3,10,95,,2,0
105817,26,1,6.3,0,56.7,7.4,9.9,1,4.0,3.5,0,4,10.3,1,6,9,98,,2,1
105818,24,1,2.9,1,82.1,8.4,7.8,1,3.91,3.2,0,2,7.0,3,5,10,100,,2,1
105819,25,0,6.2,0,61.5,7.5,6.3,1,3.26,5.2,0,2,12.1,4,4,10,79,,2,1
105820,20,2,3.3,1,66.7,7.7,5.7,0,4.0,3.6,0,5,6.9,9,3,10,100,,3,1
105821,25,1,4.2,1,64.8,6.8,6.0,0,3.84,6.3,0,0,10.9,1,6,9,88,,1,0
105822,21,1,4.75,1,81.7,7.9,5.3,1,4.0,5.0,0,3,10.0,10,6,9,100,,1,0
105823,17,0,9.7,0,95.2,8.3,6.6,0,4.0,6.7,0,4,16.7,5,9,6,100,,2,1
105824,18,2,0.0,1,89.0,4.0,5.3,1,4.0,1.0,0,5,2.7,8,5,10,100,,2,0
105825,23,2,2.31,0,44.5,8.1,6.8,1,3.51,1.9,0,1,5.6,4,8,7,93,,2,0
105826,19,2,5.7,1,74.6,6.0,6.2,1,3.1,4.3,0,5,10.6,10,6,9,75,,1,1
105827,17,0,3.1,0,89.7,8.5,7.1,0,3.22,4.8,0,2,12.0,4,4,10,79,,2,1
105828,20,0,3.6,0,60.4,5.5,8.7,1,2.86,5.6,0,3,7.2,8,6,9,64,,2,1
105829,24,2,4.8,1,69.9,7.6,9.1,1,2.77,6.7,0,0,11.7,9,1,10,75,,2,1
105830,17,2,1.5,0,75.6,6.8,5.4,0,3.45,3.5,0,0,4.0,6,5,10,97,,2,1
105831,22,1,3.6,0,99.1,6.0,4.6,0,4.0,5.2,0,5,9.9,1,8,7,91,,3,1
105832,24,2,6.0,0,71.7,6.1,8.0,1,2.86,8.4,0,0,14.6,3,7,8,70,,3,0
105833,23,2,2.5,0,48.0,7.4,8.1,1,4.0,2.4,0,1,6.2,8,10,5,95,,1,0
105834,28,2,2.4,0,46.9,7.1,1.9,0,4.0,5.0,0,5,8.7,5,10,5,97,,2,0
105835,26,1,1.1,1,56.4,6.6,8.4,0,3.67,4.9,0,0,7.9,6,9,6,91,,2,0
105836,26,1,4.4,0,95.3,7.8,6.1,1,3.45,8.6,0,2,8.7,2,5,10,81,,1,0
105837,23,0,7.8,1,80.9,6.9,8.9,1,3.42,6.2,0,3,12.3,10,6,9,82,,3,0
105838,27,2,5.4,0,77.0,7.6,6.7,1,4.0,5.7,0,2,12.9,7,2,10,99,,2,0
105839,24,1,3.46,0,63.8,8.7,6.9,0,3.99,5.2,0,4,10.3,2,9,6,91,,2,1
105840,18,0,5.2,1,73.0,6.7,2.7,1,4.0,5.0,0,3,13.2,6,9,6,100,,2,1
105841,26,1,0.4,0,95.3,8.8,8.9,1,3.07,1.8,0,5,7.1,1,7,8,72,,2,1
105842,19,2,5.2,0,72.5,9.5,5.3,0,4.0,2.2,0,5,10.8,4,10,5,97,,3,0
105843,18,1,6.3,1,59.2,9.0,8.8,0,3.83,7.1,0,5,9.4,5,7,8,89,,1,1
105844,28,0,3.2,1,56.9,6.4,3.2,1,2.47,7.6,0,4,7.7,7,7,8,65,,2,1
105845,23,2,3.2,1,89.3,8.7,7.0,0,2.9,5.5,0,0,7.8,5,5,10,75,,1,1
105846,28,0,3.6,0,50.2,6.1,5.2,0,4.0,3.3,0,5,11.2,5,4,10,98,,1,1
105847,28,1,3.2,1,51.1,10.2,6.6,0,4.0,1.0,0,4,12.4,2,1,10,100,,1,0
105848,26,0,2.5,1,74.0,7.6,8.8,0,3.54,3.1,0,0,6.9,1,3,10,91,,1,1
105849,18,1,4.54,1,92.6,6.7,5.0,1,4.0,3.5,0,2,8.1,2,10,5,100,,2,0
105850,26,0,6.7,0,48.4,7.7,5.9,0,3.73,4.0,0,3,10.3,8,7,8,88,,2,1
105851,23,0,9.0,0,72.8,8.1,6.2,1,3.52,5.2,0,5,11.9,2,9,6,84,,1,0
105852,20,1,4.5,1,71.8,8.4,3.3,1,4.0,5.5,0,4,6.7,4,9,6,100,,1,0
105853,22,1,2.3,1,67.3,5.0,9.6,0,4.0,6.5,0,4,10.8,3,5,10,90,,0,1
105854,23,1,5.0,1,89.0,8.7,3.0,1,3.97,3.8,0,3,9.9,4,2,10,97,,2,0
105855,23,2,4.1,0,74.0,8.7,6.5,1,4.0,5.7,0,2,13.0,4,6,9,96,,1,0
105856,16,0,4.4,1,89.1,5.8,7.4,0,3.09,7.0,0,0,14.8,4,6,9,80,,1,0
105857,21,0,8.0,1,49.6,8.3,7.0,0,3.61,6.8,0,1,11.6,3,9,6,89,,3,1
105858,28,1,3.0,1,92.8,8.2,9.9,0,3.91,4.9,0,5,8.6,4,3,10,88,,3,0
105859,27,1,0.0,1,96.0,7.3,5.1,1,3.1,6.9,0,3,2.2,5,10,5,80,,1,1
105860,21,0,4.9,1,60.7,5.5,7.6,1,3.06,5.7,0,0,13.2,8,3,10,76,,1,1
105861,28,2,1.4,1,75.8,4.8,6.5,0,3.76,6.1,0,3,8.4,10,10,5,86,,2,0
105862,28,1,3.89,1,94.0,7.5,2.6,1,4.0,6.1,0,4,8.5,1,7,8,97,,3,0
105863,24,0,6.49,0,64.0,5.8,10.0,0,4.0,4.9,0,1,14.3,8,9,6,100,,0,1
105864,26,0,4.1,0,41.8,7.3,5.1,0,3.94,5.1,0,0,9.4,9,7,8,98,,3,1
105865,21,2,2.8,0,54.9,7.2,10.0,1,3.24,5.5,0,5,10.5,1,2,10,74,,0,1
105866,26,2,2.5,0,46.4,5.9,5.6,1,3.01,3.6,0,2,7.0,1,9,6,85,,2,0
105867,22,2,1.8,1,86.6,7.9,5.4,0,2.24,7.0,0,0,7.0,4,2,10,52,,0,0
105868,25,2,1.3,1,48.1,7.1,4.9,0,3.94,7.2,0,2,4.3,2,10,5,100,,3,0
105869,27,1,0.0,0,47.6,4.9,5.6,0,3.87,5.2,0,5,6.7,7,8,7,85,,1,1
105870,21,0,4.6,0,87.8,4.7,5.0,1,4.0,5.7,0,2,10.7,3,9,6,98,,2,0
105871,27,1,1.3,0,81.8,7.4,8.1,1,3.32,3.4,0,5,7.3,10,4,10,82,,1,0
105872,23,1,5.2,0,62.6,6.4,5.1,0,4.0,4.1,0,3,10.4,10,9,6,100,,1,1
105873,19,2,4.3,0,42.5,8.7,7.9,0,2.97,3.7,0,2,10.2,3,2,10,77,,2,1
105874,27,0,2.5,0,93.7,7.5,9.3,0,4.0,5.0,0,5,9.8,2,3,10,100,,3,1
105875,22,0,4.37,1,43.9,6.6,9.4,1,4.0,2.9,0,0,8.5,7,4,10,100,,3,1
105876,25,1,5.5,0,84.0,7.8,9.1,0,4.0,5.2,0,5,15.0,4,4,10,100,,3,0
105877,21,1,3.1,0,63.3,6.0,7.2,0,3.13,1.3,0,5,7.7,1,9,6,81,,3,1
105878,23,1,5.5,0,92.7,7.2,7.6,1,2.86,6.9,0,0,11.5,3,3,10,77,,3,1
105879,23,0,2.5,0,58.6,6.9,3.8,1,3.94,4.7,0,0,6.7,8,5,10,100,,0,0
105880,16,0,2.6,1,75.0,7.5,10.0,0,3.2,4.7,0,2,8.7,2,3,10,77,,1,0
105881,20,0,1.7,0,86.2,7.4,7.2,1,3.53,5.8,0,5,7.0,1,3,10,89,,0,1
105882,28,1,3.4,0,70.1,7.1,8.2,0,3.15,3.0,0,4,8.8,4,1,10,71,,2,0
105883,26,2,1.9,0,58.1,7.9,8.9,1,3.49,1.0,0,1,6.3,7,5,10,83,,3,0
105884,26,2,0.0,0,95.8,9.3,5.8,1,3.26,8.6,1,4,1.1,5,3,10,82,,2,0
105885,26,0,6.0,1,52.9,7.4,7.8,0,4.0,5.1,0,1,13.1,2,6,9,100,,2,1
105886,28,2,7.46,1,68.9,7.7,4.9,0,4.0,6.8,0,1,12.5,1,5,10,100,,3,0
105887,19,1,2.5,0,46.5,7.5,7.1,1,3.9,5.4,0,5,9.1,4,5,10,96,,3,1
105888,23,2,4.37,1,52.2,7.8,5.8,0,2.74,3.9,0,0,13.4,7,1,10,72,,2,1
105889,20,0,5.1,0,80.3,6.3,2.8,0,2.9,5.9,0,5,10.0,7,3,10,73,,3,1
105890,19,0,1.31,0,68.9,5.6,6.0,1,4.0,3.1,0,5,8.3,1,3,10,96,,1,1
105891,25,1,6.1,1,62.5,9.5,6.5,0,3.3,4.4,0,5,9.6,2,3,10,81,,2,0
105892,21,1,5.1,1,53.5,4.0,8.5,0,2.95,5.3,0,3,11.6,7,2,10,76,,1,1
105893,25,2,7.3,0,80.4,10.0,8.4,0,4.0,4.3,0,1,11.0,7,1,10,100,,1,1
105894,24,1,4.7,1,99.2,8.3,7.3,1,4.0,5.6,0,1,7.5,7,10,5,99,,1,0
105895,16,2,4.47,0,54.0,8.6,8.7,1,3.72,5.5,0,3,6.9,5,2,10,87,,3,1
105896,19,2,6.8,1,68.4,10.5,5.5,1,3.42,2.9,0,2,11.8,5,9,6,94,,2,1
105897,27,2,3.5,0,54.2,4.8,4.9,0,2.66,4.7,0,4,10.2,7,4,10,73,,2,1
105898,27,0,2.9,0,76.7,6.8,5.7,0,3.82,4.0,0,1,7.3,6,2,10,95,,1,1
105899,22,1,5.7,0,51.0,5.6,7.3,0,3.35,2.0,0,1,13.4,6,9,6,82,,3,1
105900,21,2,2.8,1,60.0,6.1,4.6,0,3.05,6.9,0,3,9.0,1,1,10,74,,2,1
105901,17,2,4.3,0,45.5,6.2,5.0,1,3.99,7.6,0,1,7.6,9,5,10,93,,0,0
105902,24,2,3.8,0,88.7,7.5,5.9,0,3.81,6.9,0,2,9.5,10,2,10,98,,1,1
105903,21,0,5.0,0,64.8,6.6,3.5,1,2.86,6.2,0,2,10.9,8,3,10,70,,3,0
105904,25,0,1.1,1,65.0,8.5,8.4,0,3.81,6.6,0,1,4.0,6,5,10,100,,3,0
105905,16,2,0.0,0,62.4,7.2,2.9,0,2.34,5.4,0,1,8.1,4,3,10,63,,2,1
105906,22,1,7.2,0,49.0,6.1,2.6,1,3.7,6.7,0,2,15.6,3,3,10,83,,2,1
105907,26,1,2.5,0,68.5,7.9,3.2,1,4.0,5.7,0,5,9.6,4,2,10,100,,3,1
105908,20,0,5.3,1,85.5,6.8,3.3,1,3.35,1.8,0,2,12.0,5,2,10,75,,2,1
105909,22,1,3.7,0,94.9,8.5,7.7,1,4.0,5.9,0,2,6.2,4,4,10,100,,3,0
105910,28,2,4.6,0,57.0,5.4,4.5,1,2.9,2.5,0,2,11.1,9,5,10,68,,2,1
105911,28,2,3.2,0,69.8,8.2,8.2,1,2.82,9.3,1,4,11.9,3,3,10,67,,3,1
105912,21,2,4.2,0,80.6,6.5,7.1,0,3.87,1.0,0,2,6.3,3,1,10,100,,2,0
105913,27,1,3.7,0,65.2,7.0,7.2,1,3.54,1.0,0,1,9.8,1,4,10,94,,2,0
105914,20,2,4.4,1,90.6,6.9,4.9,0,3.25,5.4,0,3,6.3,5,6,9,80,,0,0
105915,24,2,3.7,0,50.0,9.9,3.1,0,4.0,1.0,0,4,8.7,1,9,6,89,,2,1
105916,17,0,0.0,1,48.8,6.4,8.3,1,3.48,4.7,0,0,1.3,2,10,5,83,,2,0
105917,16,1,0.3,1,89.2,10.0,6.6,1,4.0,5.0,0,5,5.9,8,1,10,100,,2,1
105918,23,0,3.7,0,70.2,7.8,9.4,0,4.0,5.8,0,0,7.1,6,9,6,100,,2,0
105919,26,0,2.8,1,68.4,9.7,7.6,0,4.0,1.9,0,0,11.1,1,7,8,100,,1,0
105920,19,0,5.1,1,56.5,6.4,9.7,0,3.87,5.7,0,3,10.1,3,10,5,98,,3,1
105921,21,0,4.5,0,47.0,7.5,6.7,0,2.88,6.1,0,1,12.7,9,1,10,79,,2,1
105922,21,1,4.0,1,54.8,6.6,5.3,1,4.0,3.5,0,2,6.5,4,10,5,100,,1,0
105923,25,1,6.4,1,50.8,7.0,4.0,0,4.0,4.1,0,0,11.8,8,2,10,100,,0,0
105924,26,1,7.5,1,57.9,6.3,7.6,1,4.0,5.3,0,2,13.9,5,5,10,100,,2,1
105925,23,0,6.1,1,54.9,6.9,7.5,1,3.57,3.4,0,5,11.1,8,6,9,92,,2,1
105926,18,0,5.2,0,55.2,6.0,7.1,0,4.0,5.4,0,0,9.3,2,5,10,100,,0,0
105927,28,0,2.9,0,44.4,7.7,5.8,0,4.0,5.8,0,0,8.8,1,7,8,98,,1,0
105928,24,0,5.3,1,88.3,6.7,5.5,1,4.0,4.1,0,3,11.4,4,1,10,94,,3,1
105929,22,2,4.2,1,71.3,8.4,7.5,0,4.0,8.4,0,5,12.1,2,8,7,90,,3,1
105930,24,0,5.37,1,79.2,7.1,5.9,0,4.0,5.2,0,4,12.6,1,9,6,100,,0,1
105931,26,0,1.7,0,80.2,6.6,3.2,0,3.7,3.9,0,3,5.0,1,4,10,99,,1,0
105932,25,0,3.9,1,45.7,5.6,10.0,0,3.7,7.2,0,3,8.0,3,10,5,96,,0,0
105933,26,0,4.8,1,56.3,9.0,7.3,0,4.0,4.6,0,3,9.4,8,4,10,95,,3,0
105934,22,0,2.7,1,75.6,5.9,6.6,1,3.11,1.7,0,0,3.6,7,10,5,76,,0,1
105935,26,1,0.3,0,71.4,8.5,8.9,0,3.52,4.8,0,1,4.6,8,3,10,93,,1,1
105936,26,2,2.2,1,67.3,7.0,10.0,1,2.45,7.7,0,0,10.0,8,5,10,74,,1,1
105937,16,0,5.8,1,53.4,6.8,6.8,0,3.71,1.9,0,5,14.8,2,7,8,84,,3,0
105938,19,2,1.8,1,80.4,6.4,5.4,1,2.81,6.1,0,4,6.9,4,7,8,71,,2,0
105939,26,0,2.6,1,57.6,7.6,9.2,1,4.0,2.6,0,1,6.7,3,10,5,93,,2,1
105940,18,0,6.27,0,72.3,7.0,8.3,1,4.0,4.1,0,4,12.8,5,9,6,100,,2,1
105941,17,0,3.6,1,66.9,9.2,7.7,1,3.89,6.3,0,0,9.5,10,6,9,90,,2,0
105942,18,2,3.4,1,72.1,5.5,6.3,0,4.0,4.0,0,0,8.0,4,9,6,99,,2,1
105943,27,0,4.9,1,86.1,6.7,2.9,0,3.26,4.7,0,0,6.7,6,9,6,82,,0,1
105944,28,0,3.6,0,75.9,8.3,7.5,0,4.0,2.7,0,5,12.0,7,3,10,94,,2,1
105945,21,2,3.5,0,93.6,5.7,7.4,0,3.85,4.8,0,1,6.4,9,2,10,96,,2,0
105946,22,0,5.2,1,66.5,8.4,4.8,1,3.9,5.6,0,4,11.5,3,2,10,100,,2,0
105947,26,0,5.19,0,62.4,6.7,8.2,1,4.0,3.1,0,4,8.1,10,6,9,100,,0,1
105948,27,1,2.8,0,99.3,7.8,8.3,1,2.93,6.9,0,2,5.8,2,4,10,66,,1,1
105949,16,2,1.0,1,87.5,6.1,5.1,1,3.24,5.1,0,3,4.9,3,3,10,75,,3,0
105950,24,0,5.9,1,49.1,5.7,7.2,0,4.0,7.6,0,1,11.6,7,10,5,98,,2,1
105951,20,0,1.6,1,56.8,5.7,6.3,1,3.96,8.3,0,3,5.2,8,7,8,98,,2,0
105952,19,1,3.99,0,77.5,7.4,4.9,0,4.0,4.2,0,3,9.4,2,7,8,93,,2,0
105953,22,2,2.9,0,83.7,5.6,7.0,0,3.16,5.8,0,2,8.9,9,6,9,78,,1,1
105954,20,2,4.69,1,48.1,5.5,4.2,1,3.28,2.7,0,2,11.3,3,5,10,83,,0,0
105955,21,1,7.33,1,90.7,6.4,8.7,1,4.0,1.2,0,4,10.0,3,4,10,91,,2,1
105956,26,0,3.0,1,75.2,8.8,3.2,0,3.7,5.9,0,5,8.5,10,2,10,87,,2,1
105957,21,1,4.3,0,54.5,7.9,5.1,1,2.96,5.0,0,1,9.7,8,4,10,71,,3,1
105958,20,2,5.4,0,73.5,6.0,6.9,0,3.39,8.9,1,5,11.8,8,1,10,84,,1,1
105959,25,0,3.7,1,94.6,5.1,8.0,1,2.27,8.7,0,0,8.2,2,5,10,55,,1,0
105960,23,0,1.2,1,77.1,9.2,10.0,0,4.0,2.3,0,2,6.2,4,7,8,100,,0,0
105961,16,0,5.4,1,98.0,4.0,6.3,0,3.11,2.7,0,1,13.3,10,9,6,82,,1,0
105962,26,1,5.0,0,66.0,4.6,3.7,1,3.28,7.2,0,5,11.3,8,3,10,85,,1,0
105963,20,1,1.7,1,58.7,8.1,6.7,1,3.84,5.6,0,4,8.6,7,8,7,96,,1,1
105964,17,1,6.4,0,62.6,7.3,5.2,0,4.0,5.2,0,1,12.7,10,8,7,98,,1,0
105965,26,0,2.5,1,80.0,6.1,9.4,0,3.64,2.9,0,3,8.9,9,4,10,91,,1,1
105966,25,2,8.04,0,40.8,7.6,6.5,1,4.0,3.8,0,0,14.2,4,9,6,100,,1,0
105967,26,0,3.12,0,63.0,7.9,9.0,0,3.33,3.6,0,2,8.4,6,6,9,80,,2,1
105968,28,2,6.4,1,81.4,5.5,6.8,0,4.0,3.8,0,2,12.2,4,1,10,100,,2,0
105969,27,0,3.97,0,43.1,6.4,7.2,0,2.96,6.1,0,4,7.2,3,1,10,67,,0,1
105970,19,0,5.9,0,44.4,7.0,2.6,0,4.0,5.1,0,5,13.6,3,1,10,97,,2,1
105971,22,2,3.1,1,59.3,5.7,5.8,1,2.8,3.3,0,5,6.9,4,1,10,80,,3,0
105972,24,2,2.8,0,72.3,6.1,8.5,1,2.92,7.6,0,2,10.1,9,7,8,75,,1,1
105973,19,1,6.9,0,58.5,6.2,8.0,0,3.7,3.1,0,3,12.9,8,10,5,90,,3,1
105974,16,1,3.6,1,58.5,4.9,6.1,1,2.62,6.3,0,5,10.3,8,4,10,68,,1,0
105975,21,0,4.98,0,56.0,5.4,4.9,1,3.39,2.9,0,4,11.4,5,7,8,82,,0,1
105976,26,2,1.6,1,87.9,6.6,9.6,1,3.17,2.9,0,2,9.7,1,6,9,86,,1,1
105977,23,2,4.6,1,42.2,7.2,8.6,0,4.0,2.4,0,0,10.0,7,5,10,96,,0,1
105978,27,1,6.8,1,46.7,5.9,7.2,0,3.6,8.9,0,1,9.8,3,4,10,87,,2,0
105979,20,2,3.7,0,43.0,7.9,8.4,0,4.0,1.0,0,5,6.9,2,6,9,100,,1,0
105980,22,0,4.1,1,64.8,6.0,3.8,0,2.81,5.8,0,5,10.9,7,5,10,68,,3,1
105981,20,0,3.6,0,58.8,8.7,8.4,1,4.0,5.4,0,0,9.3,10,7,8,100,,2,0
105982,23,2,4.4,1,85.2,7.0,7.5,0,2.63,4.2,0,4,10.6,4,4,10,57,,2,1
105983,28,1,4.57,1,70.8,7.5,5.0,0,3.04,9.1,0,2,8.5,3,5,10,72,,2,0
105984,19,1,5.2,0,80.6,8.6,9.2,1,4.0,6.6,0,4,13.5,2,8,7,98,,2,0
105985,20,0,4.5,0,90.0,9.7,7.6,1,3.85,4.0,0,4,10.5,3,7,8,94,,1,1
105986,28,0,4.2,1,42.3,9.3,8.6,1,4.0,4.0,0,2,7.6,5,10,5,100,,1,0
105987,21,2,2.2,0,44.9,7.3,7.6,1,2.47,5.6,0,0,10.3,4,3,10,62,,1,0
105988,19,2,4.4,0,77.5,6.4,8.3,1,4.0,4.7,0,0,8.5,8,10,5,100,,0,1
105989,24,0,2.03,1,87.1,8.5,6.8,1,3.01,6.3,0,5,8.7,10,7,8,78,,1,1
105990,16,0,9.3,0,50.5,5.0,8.8,0,4.0,4.3,0,3,12.7,7,5,10,100,,2,0
105991,22,1,3.8,0,69.4,8.1,4.6,0,4.0,4.9,0,0,9.5,8,10,5,99,,2,1
105992,25,2,3.2,0,75.9,10.2,9.6,0,3.32,3.4,0,3,6.4,8,4,10,86,,1,1
105993,28,1,3.0,1,63.6,8.3,2.9,1,3.32,8.0,0,2,10.3,10,7,8,83,,0,0
105994,16,2,5.6,1,56.9,6.7,10.0,1,4.0,1.0,0,5,13.7,10,8,7,100,,0,0
105995,23,2,5.5,0,56.8,8.8,7.9,0,3.81,5.5,0,5,8.3,1,8,7,93,,0,1
105996,17,1,6.2,0,62.7,6.9,9.6,0,3.14,5.0,0,1,14.8,4,6,9,80,,2,0
105997,18,1,3.7,0,83.4,4.7,3.4,0,2.53,9.7,0,4,7.4,3,5,10,63,,1,0
105998,20,1,2.3,0,67.1,8.0,5.3,0,2.81,8.5,0,5,7.6,8,4,10,62,,1,1
105999,24,1,2.9,0,81.7,6.2,8.4,0,3.49,6.6,0,1,7.3,8,8,7,89,,1,1
106000,22,1,7.8,0,99.7,7.1,4.6,0,3.11,6.4,0,2,12.4,4,4,10,78,,1,0
106001,17,2,5.4,0,99.8,4.0,4.0,1,3.39,8.2,0,0,11.6,5,5,10,88,,0,1
106002,20,0,4.4,0,50.0,7.2,6.5,0,3.45,5.5,0,1,10.6,9,2,10,87,,1,0
106003,27,0,3.3,1,77.9,12.0,4.8,0,4.0,5.1,0,4,10.7,4,8,7,97,,2,1
106004,22,2,7.8,0,86.7,6.7,7.2,0,4.0,2.9,0,4,16.6,7,8,7,98,,0,1
106005,20,0,1.88,0,61.8,6.7,3.7,0,3.03,1.4,0,1,6.7,3,4,10,76,,3,1
106006,17,0,6.9,0,63.0,7.2,7.6,1,4.0,6.7,0,5,11.3,9,7,8,100,,2,1
106007,27,1,4.69,0,58.4,9.7,7.1,0,3.87,6.4,0,5,10.1,7,2,10,99,,1,1
106008,24,1,0.4,1,40.9,6.9,10.0,1,4.0,4.8,0,1,8.4,3,9,6,99,,1,0
106009,23,0,0.4,0,84.8,6.4,9.8,1,3.5,4.4,0,4,2.6,5,10,5,77,,1,1
106010,19,1,5.2,1,46.8,8.8,10.0,0,4.0,1.9,0,4,8.8,5,4,10,100,,1,1
106011,26,0,5.11,0,59.5,9.1,4.7,1,2.64,4.3,0,3,9.5,5,3,10,74,,1,0
106012,24,0,1.9,0,97.6,8.7,8.0,0,4.0,3.6,0,3,5.7,6,3,10,94,,2,0
106013,18,0,0.5,1,44.1,5.4,3.4,1,2.97,5.7,0,5,5.6,3,6,9,74,,1,0
106014,23,0,6.5,1,42.6,6.5,7.9,0,3.45,4.8,0,4,13.1,2,8,7,81,,3,1
106015,20,1,6.1,1,80.9,5.7,4.9,1,3.82,2.8,0,5,10.2,7,6,9,100,,3,1
106016,25,2,8.2,0,77.5,7.8,7.5,0,4.0,1.0,0,5,14.4,6,6,9,92,,2,1
106017,25,0,5.7,0,75.2,6.0,5.0,0,4.0,5.8,0,1,11.0,3,7,8,92,,3,0
106018,18,0,5.1,0,98.8,7.6,6.5,0,2.94,6.3,0,4,13.3,3,2,10,71,,1,1
106019,22,0,0.6,0,43.7,6.0,7.3,0,3.99,3.7,0,3,7.5,8,4,10,97,,2,1
106020,25,2,3.4,1,96.5,7.6,5.5,1,2.73,4.9,0,2,11.3,8,3,10,71,,0,1
106021,16,1,6.09,1,96.6,6.2,2.5,1,3.79,7.9,0,2,11.1,1,8,7,97,,3,1
106022,23,2,7.4,1,49.1,5.7,7.7,0,4.0,3.7,0,5,13.7,2,4,10,90,,2,0
106023,21,0,5.6,0,68.4,7.7,6.9,0,3.38,5.9,0,3,9.4,6,4,10,77,,1,1
106024,16,2,3.1,0,87.4,8.4,6.0,1,3.5,4.7,0,4,6.7,4,6,9,85,,2,1
106025,19,0,0.0,0,89.5,6.5,6.0,0,2.76,5.4,0,2,2.7,7,10,5,65,,0,0
106026,27,1,7.0,0,51.4,8.7,9.0,0,4.0,2.5,0,1,11.1,7,9,6,92,,1,1
106027,25,2,6.2,0,73.5,6.8,7.9,0,4.0,5.7,0,2,13.9,9,7,8,94,,3,1
106028,21,2,2.6,0,79.6,7.9,5.8,0,2.92,4.5,0,1,7.5,8,5,10,77,,1,1
106029,21,0,2.0,0,44.7,7.2,7.0,1,3.1,6.4,0,2,9.8,2,4,10,77,,2,0
106030,23,2,3.2,1,91.1,7.1,6.3,0,4.0,5.1,0,4,7.4,9,1,10,100,,1,0
106031,21,1,5.7,0,67.9,5.8,7.9,1,4.0,2.0,0,4,11.5,9,2,10,93,,1,1
106032,28,0,6.1,1,47.5,6.2,8.6,0,3.51,7.3,0,0,10.8,3,6,9,82,,2,0
106033,22,2,3.6,1,46.0,7.4,8.3,1,3.58,5.9,0,5,11.1,4,8,7,91,,3,1
106034,25,1,3.0,0,61.1,7.6,5.7,1,3.18,6.2,0,4,8.7,8,1,10,79,,1,1
106035,27,1,3.5,1,72.8,5.5,4.2,1,4.0,5.5,0,0,9.1,4,3,10,100,,1,1
106036,24,0,3.0,1,76.8,7.0,4.4,0,4.0,1.3,0,1,6.4,5,4,10,97,,2,1
106037,26,1,3.5,0,85.0,8.8,4.9,1,4.0,5.1,0,3,8.6,5,5,10,95,,2,0
106038,20,2,2.3,0,59.4,7.2,5.1,0,4.0,3.3,0,4,7.4,2,10,5,100,,2,0
106039,28,0,6.17,1,82.9,5.3,7.9,1,3.87,3.7,0,0,12.9,7,4,10,91,,3,1
106040,16,0,8.2,1,72.0,8.7,7.2,0,4.0,1.6,0,0,16.6,10,2,10,100,,2,0
106041,17,1,3.5,0,88.3,4.3,3.9,0,2.98,4.9,0,2,11.6,1,1,10,82,,2,0
106042,28,0,3.4,1,93.4,7.8,6.5,1,3.26,5.1,0,5,9.5,10,1,10,80,,0,0
106043,25,0,5.2,1,66.3,6.9,8.9,1,4.0,2.9,0,2,14.3,8,1,10,99,,1,0
106044,16,2,5.1,0,62.7,8.2,10.0,0,3.09,5.0,0,2,14.2,10,4,10,77,,2,0
106045,27,2,6.6,1,58.0,7.7,6.1,0,3.21,9.1,1,5,10.9,6,1,10,89,,3,1
106046,24,1,2.4,1,94.2,11.9,8.4,1,3.7,6.5,0,5,7.7,4,3,10,90,,2,0
106047,17,1,3.0,1,77.5,9.3,5.0,0,3.68,5.1,0,3,8.4,10,8,7,96,,2,0
106048,22,0,3.84,1,44.6,5.8,4.3,1,3.67,4.7,0,5,10.8,4,7,8,89,,2,0
106049,18,1,0.9,1,84.3,7.1,6.3,1,3.41,3.4,0,4,7.0,5,3,10,88,,1,0
106050,19,2,0.0,0,52.7,9.8,7.3,1,3.35,6.3,0,4,8.7,7,10,5,91,,1,0
106051,27,0,1.2,0,61.0,8.1,5.2,1,3.39,7.9,0,5,7.9,5,10,5,83,,1,1
106052,25,0,2.2,1,95.3,7.0,7.5,1,3.23,7.2,0,0,8.0,1,4,10,70,,3,1
106053,17,1,0.7,0,96.1,6.0,8.8,0,4.0,3.8,0,1,6.9,8,3,10,95,,3,1
106054,20,0,0.0,1,47.5,6.9,8.6,0,2.86,5.2,0,4,5.3,10,9,6,67,,2,1
106055,21,1,1.4,0,66.2,6.9,10.0,1,3.45,5.8,0,1,8.3,9,9,6,87,,1,1
106056,18,2,2.6,1,75.7,6.7,5.1,0,2.67,4.4,0,5,4.8,10,5,10,62,,2,0
106057,25,0,1.2,0,42.1,8.3,7.5,1,3.81,4.0,0,4,8.5,3,1,10,91,,1,0
106058,23,0,2.1,1,71.4,7.2,9.2,0,2.73,6.6,0,4,5.1,10,2,10,71,,2,0
106059,16,0,4.3,0,95.9,8.2,6.2,1,3.3,3.9,0,1,8.7,8,7,8,69,,2,1
106060,16,2,4.4,0,47.6,8.1,9.4,1,4.0,4.1,0,5,12.1,9,7,8,98,,1,1
106061,23,0,5.3,0,78.4,5.9,7.2,1,3.08,3.3,0,5,10.0,1,4,10,80,,1,0
106062,20,2,2.93,1,67.1,4.9,8.5,1,3.36,7.0,0,0,8.3,6,10,5,77,,2,0
106063,23,1,2.5,1,69.3,7.3,2.7,0,4.0,9.9,0,2,11.3,5,9,6,100,,2,1
106064,23,2,2.47,0,66.2,9.0,9.0,1,4.0,4.5,0,4,11.3,2,5,10,100,,0,1
106065,21,2,4.8,0,77.4,8.2,5.2,1,3.51,8.9,1,5,7.9,6,2,10,85,,3,0
106066,27,0,4.2,1,45.9,6.6,10.0,0,3.63,7.6,0,4,9.5,2,4,10,90,,3,0
106067,19,1,2.5,1,47.6,6.5,6.9,1,3.19,2.9,0,3,6.7,8,2,10,80,,2,0
106068,22,2,3.7,0,64.9,7.3,2.6,1,4.0,3.6,0,4,8.4,2,3,10,100,,2,1
106069,28,0,7.2,0,40.6,8.5,8.5,0,3.14,7.2,0,0,10.0,10,4,10,73,,1,0
106070,28,0,7.12,1,49.8,6.5,3.2,0,3.75,8.7,1,4,13.4,4,1,10,89,,3,0
106071,16,1,0.0,0,67.3,7.3,5.4,0,2.79,1.4,0,4,1.6,9,3,10,74,,1,1
106072,27,0,2.7,1,51.8,8.6,3.3,0,3.22,4.0,0,3,6.7,1,5,10,72,,1,1
106073,28,1,4.9,0,59.8,7.9,7.6,1,3.18,3.0,0,5,11.8,1,7,8,89,,2,1
106074,27,0,7.0,0,46.6,7.3,5.3,0,3.93,5.6,0,3,12.3,5,10,5,94,,1,1
106075,19,0,4.12,1,91.3,5.7,7.8,1,4.0,7.0,0,3,13.8,10,5,10,100,,3,0
106076,17,2,3.3,1,51.2,8.1,7.7,0,3.16,6.8,0,0,8.1,10,9,6,75,,2,0
106077,27,2,4.0,1,94.9,11.2,9.2,0,4.0,5.6,0,1,5.2,8,10,5,100,,1,1
106078,28,1,4.3,1,83.1,10.0,9.8,1,4.0,5.7,0,1,12.9,1,10,5,100,,3,0
106079,17,2,2.6,1,71.5,4.2,4.2,1,3.08,4.4,0,5,8.3,4,5,10,76,,2,1
106080,19,1,3.9,1,68.5,7.1,10.0,1,4.0,3.9,0,5,10.5,5,7,8,100,,2,1
106081,28,1,7.1,1,47.6,6.4,6.0,1,4.0,3.9,0,5,12.8,3,6,9,100,,1,1
106082,19,0,6.8,0,85.3,7.6,3.7,1,4.0,5.3,0,4,11.5,8,10,5,100,,3,1
106083,17,2,3.9,0,68.5,6.7,5.6,0,4.0,5.9,0,0,8.2,10,9,6,99,,1,1
106084,18,2,3.3,1,84.0,7.3,6.4,0,3.32,1.0,0,5,8.3,4,1,10,88,,0,0
106085,16,1,5.1,0,79.0,5.1,7.9,1,3.0,1.0,0,0,10.1,6,7,8,75,,2,1
106086,28,2,5.1,0,65.0,7.3,5.6,1,3.6,1.7,0,4,9.3,8,4,10,95,,3,1
106087,20,0,2.3,0,81.8,6.5,7.8,1,3.88,7.3,0,1,5.5,4,5,10,92,,1,0
106088,28,0,2.4,0,65.1,8.6,7.5,0,4.0,1.0,0,0,5.3,3,8,7,100,,1,0
106089,21,0,3.4,1,85.5,5.2,5.7,1,3.47,8.5,1,4,8.3,3,2,10,84,,2,1
106090,16,0,4.2,1,42.2,5.5,4.8,0,3.32,7.2,0,5,9.8,10,10,5,80,,2,0
106091,19,1,5.4,0,51.4,7.3,5.2,1,4.0,5.7,0,4,11.7,3,7,8,100,,2,0
106092,22,0,3.6,1,94.6,5.2,6.5,0,4.0,5.1,0,1,9.5,3,7,8,98,,3,0
106093,23,2,4.1,0,64.0,6.4,10.0,1,4.0,7.8,0,4,9.0,5,6,9,100,,1,1
106094,24,0,1.6,1,62.3,8.2,8.6,1,2.62,6.4,0,3,7.3,7,2,10,66,,1,0
106095,24,0,6.3,1,77.4,4.2,4.3,1,2.54,7.7,0,4,14.1,3,1,10,64,,2,0
106096,18,2,0.4,1,88.3,7.1,5.6,0,3.07,5.4,0,3,4.9,1,6,9,73,,1,0
106097,22,0,3.1,1,49.1,9.6,3.9,0,3.25,4.9,0,4,10.4,1,4,10,80,,1,1
106098,19,1,6.83,0,41.3,7.9,6.2,1,3.49,5.5,0,1,11.9,9,8,7,88,,1,0
106099,28,1,3.9,1,80.1,8.7,5.4,1,3.67,5.6,0,4,7.5,5,9,6,98,,0,1
106100,27,1,4.8,0,55.6,4.7,6.6,0,4.0,6.5,0,4,6.5,4,9,6,100,,2,1
106101,27,2,1.7,1,49.8,9.1,10.0,0,2.95,5.8,0,4,6.4,9,4,10,74,,2,1
106102,21,0,2.2,0,41.2,6.6,8.5,0,4.0,2.3,0,4,4.6,9,6,9,100,,2,0
106103,22,1,2.9,0,98.7,5.9,7.4,0,4.0,2.9,0,0,6.7,6,1,10,93,,1,0
106104,28,1,5.85,1,58.1,7.1,4.4,1,4.0,4.0,0,1,8.5,8,1,10,100,,2,0
106105,16,1,3.8,1,62.0,6.6,7.7,1,3.09,5.1,0,2,9.3,7,5,10,68,,3,1
106106,18,1,1.44,1,76.0,5.0,8.1,1,2.83,5.6,0,0,5.8,9,6,9,59,,2,0
106107,18,1,2.3,1,97.5,4.9,8.1,0,3.99,8.5,0,0,9.2,6,8,7,94,,2,0
106108,28,0,7.5,0,65.4,6.8,7.0,0,4.0,3.5,0,4,12.6,8,4,10,94,,1,0
106109,24,0,3.7,0,64.6,7.5,8.1,1,3.36,2.3,0,4,6.8,8,4,10,76,,0,0
106110,19,2,2.7,1,73.0,5.0,9.7,0,4.0,5.6,0,5,8.9,5,1,10,94,,0,1
106111,20,2,9.88,0,58.1,6.8,8.5,0,4.0,2.3,0,3,16.2,3,7,8,97,,2,0
106112,28,0,1.1,0,83.6,7.9,6.5,1,2.77,6.5,0,5,10.2,4,2,10,73,,2,0
106113,28,2,7.0,0,58.1,7.8,9.2,0,3.73,2.3,0,0,11.9,7,7,8,98,,2,1
106114,28,0,1.11,0,41.4,7.1,8.6,1,4.0,5.4,0,2,9.3,1,7,8,100,,2,0
106115,28,2,5.42,1,41.7,6.5,8.8,0,3.31,3.2,0,1,10.3,4,5,10,82,,3,1
106116,22,2,4.4,1,47.9,6.4,7.9,0,3.62,3.3,0,2,11.4,3,6,9,86,,0,1
106117,24,2,4.1,0,64.4,5.9,3.4,0,4.0,4.5,0,3,8.2,9,1,10,97,,3,0
106118,17,2,4.18,1,42.7,5.8,8.0,0,3.88,5.9,0,3,9.8,4,2,10,100,,2,0
106119,16,1,6.4,0,72.5,7.6,3.6,0,3.69,2.8,0,4,11.5,3,5,10,96,,1,1
106120,16,2,7.38,1,75.0,7.7,6.8,1,4.0,4.1,0,4,15.8,4,8,7,100,,2,0
106121,21,0,6.7,1,47.2,4.6,5.4,0,2.77,4.0,0,0,12.7,4,5,10,65,,2,0
106122,24,2,2.3,0,96.6,5.6,9.5,1,4.0,5.8,0,5,10.6,5,7,8,85,,1,0
106123,28,0,8.3,0,88.7,7.6,6.8,0,3.02,4.5,0,2,14.8,1,4,10,75,,1,1
106124,25,2,4.86,1,62.5,4.6,5.6,1,4.0,2.9,0,2,11.6,9,4,10,91,,2,1
106125,17,0,7.02,0,41.8,10.6,5.4,0,4.0,7.4,0,1,15.8,4,10,5,97,,1,1
106126,21,2,6.0,0,98.3,5.3,4.8,1,3.43,4.6,0,1,12.3,7,5,10,87,,0,1
106127,18,1,4.7,1,80.5,7.0,7.2,0,2.9,9.8,0,5,6.5,10,8,7,73,,3,0
106128,19,0,4.7,0,75.8,6.8,4.9,1,3.35,7.2,0,0,7.3,7,3,10,84,,2,0
106129,20,0,1.0,0,99.5,7.3,6.4,0,2.35,5.3,0,2,5.4,2,4,10,55,,1,1
106130,22,2,5.5,1,80.2,9.1,9.8,1,4.0,4.2,0,0,9.7,6,7,8,98,,2,0
106131,20,0,3.3,0,44.9,6.6,5.0,1,4.0,9.2,1,4,6.7,3,2,10,99,,3,0
106132,23,2,4.35,0,75.0,9.3,5.8,0,4.0,4.5,0,5,12.7,3,8,7,98,,1,0
106133,19,1,5.4,0,74.8,7.8,7.8,0,4.0,4.7,0,5,11.8,7,8,7,94,,1,1
106134,26,1,6.6,1,67.0,8.1,9.0,1,3.44,4.2,0,4,12.7,7,4,10,84,,2,0
106135,28,0,5.7,1,94.9,9.0,6.8,0,4.0,6.4,0,5,13.7,10,6,9,100,,1,1
106136,26,0,3.8,0,74.7,7.0,2.6,0,3.87,7.1,0,3,8.0,9,8,7,100,,2,1
106137,26,2,6.9,0,61.1,8.9,8.2,0,3.86,5.0,0,5,11.3,6,10,5,100,,2,0
106138,20,2,4.04,1,72.5,7.0,6.2,1,3.49,5.2,0,1,7.8,5,9,6,95,,2,0
106139,22,2,2.0,0,56.3,6.9,9.2,1,3.62,5.5,0,4,4.0,5,10,5,87,,2,1
106140,18,1,0.0,1,83.8,6.7,4.8,1,4.0,4.0,0,0,8.6,8,9,6,100,,3,1
106141,17,1,5.07,0,40.8,6.1,3.6,0,3.27,3.2,0,4,10.3,5,3,10,85,,3,0
106142,23,1,3.3,1,78.3,7.9,7.2,0,4.0,2.3,0,5,11.6,5,8,7,91,,1,1
106143,26,0,6.66,0,96.6,8.6,7.4,0,3.71,6.6,0,3,13.1,1,3,10,92,,1,0
106144,22,1,3.06,1,42.2,7.1,7.0,0,2.92,7.8,0,4,5.8,6,2,10,77,,2,1
106145,25,1,3.7,1,43.7,6.9,5.8,0,2.73,9.2,1,1,10.4,7,1,10,80,,2,1
106146,20,0,3.6,1,70.5,7.3,6.5,0,4.0,8.1,0,1,9.0,2,5,10,100,,2,0
106147,19,1,3.0,1,63.8,5.7,6.8,0,3.81,2.8,0,4,6.5,8,1,10,95,,3,1
106148,19,1,3.5,0,63.3,6.1,8.8,1,3.72,5.8,0,0,8.9,3,1,10,97,,0,1
106149,24,0,5.0,1,50.2,8.9,10.0,0,4.0,4.4,0,5,11.4,8,10,5,98,,1,1
106150,22,1,8.1,0,62.1,7.4,4.3,1,3.33,6.5,0,3,14.3,7,3,10,90,,1,0
106151,16,1,3.7,1,83.3,5.7,1.4,0,3.82,1.0,0,1,7.6,8,8,7,92,,2,1
106152,24,2,7.45,1,76.9,4.4,4.3,1,2.6,7.5,0,5,13.1,5,4,10,58,,2,1
106153,19,2,4.5,0,69.7,5.2,6.5,1,3.51,10.0,0,1,12.6,7,6,9,80,,0,1
106154,16,1,2.9,0,72.0,8.0,6.3,1,3.38,6.6,0,3,6.7,5,2,10,77,,2,1
106155,19,0,2.3,1,42.8,5.3,4.8,1,2.47,6.5,0,1,8.2,5,4,10,68,,1,1
106156,27,2,8.7,1,67.7,6.5,8.5,1,3.54,2.1,0,0,15.2,6,6,9,88,,1,0
106157,28,1,6.8,0,72.5,5.7,6.0,1,3.59,4.3,0,4,9.5,1,4,10,86,,1,1
106158,21,1,0.0,0,94.0,8.1,5.8,1,2.23,6.7,0,3,6.5,7,1,10,64,,3,0
106159,26,2,2.3,0,64.1,6.0,6.0,1,3.82,1.3,0,3,6.0,10,9,6,98,,3,1
106160,18,0,2.8,1,89.0,4.9,5.4,0,4.0,4.0,0,0,6.3,8,9,6,100,,0,0
106161,16,0,9.68,1,69.8,5.6,7.2,0,3.22,3.9,0,1,17.0,6,4,10,83,,1,1
106162,27,1,4.2,1,42.1,8.4,5.2,1,3.8,7.7,0,0,10.2,2,9,6,96,,2,1
106163,28,0,3.5,1,89.1,6.5,7.7,0,4.0,4.4,0,3,12.3,7,8,7,100,,2,1
106164,24,1,5.25,1,50.5,7.6,5.7,1,2.74,6.0,0,3,13.7,9,3,10,65,,2,1
106165,20,1,4.0,1,88.6,5.3,7.7,1,3.39,6.4,0,5,9.8,2,3,10,80,,2,1
106166,26,0,5.9,0,50.9,7.4,7.1,1,3.79,5.3,0,3,9.9,10,8,7,98,,2,1
106167,17,2,3.7,0,79.4,5.6,8.7,0,3.81,6.6,0,0,9.7,8,7,8,89,,3,1
106168,26,1,3.7,0,87.2,4.6,7.7,1,3.37,4.4,0,4,9.6,7,3,10,81,,2,1
106169,26,2,0.95,0,48.8,10.5,7.3,0,3.29,4.4,0,2,10.3,2,5,10,91,,1,1
106170,18,1,0.7,1,77.7,7.9,4.3,1,4.0,6.9,0,1,2.2,2,6,9,100,,2,1
106171,20,0,7.7,1,62.5,7.5,5.3,1,4.0,6.7,0,1,14.0,5,7,8,93,,0,0
106172,26,2,5.1,1,76.2,7.4,9.3,0,4.0,5.7,0,1,9.4,7,9,6,100,,2,0
106173,27,1,2.2,0,70.5,7.2,6.1,0,3.03,6.7,0,5,9.3,1,10,5,80,,2,1
106174,17,0,7.3,1,65.6,8.3,4.4,1,3.66,5.6,0,5,12.8,5,8,7,94,,2,1
106175,22,2,5.4,0,77.0,4.8,7.9,1,3.22,2.7,0,5,13.1,4,5,10,92,,0,1
106176,17,1,6.2,1,71.5,7.7,9.7,0,4.0,1.4,0,0,14.3,3,4,10,100,,3,0
106177,19,2,7.5,1,50.2,9.3,6.2,0,4.0,6.4,0,4,10.8,6,6,9,100,,2,1
106178,20,2,3.0,1,95.9,6.9,3.6,1,3.63,2.9,0,1,6.6,6,6,9,89,,0,0
106179,25,1,6.9,0,56.2,8.1,5.6,0,2.99,4.0,0,4,11.5,3,3,10,82,,1,0
106180,20,1,4.1,1,73.0,6.4,5.3,1,3.43,6.9,0,5,9.2,10,6,9,80,,0,0
106181,18,0,1.0,1,87.8,4.9,6.4,1,3.56,7.2,0,2,4.7,8,2,10,94,,2,1
106182,26,1,4.16,1,90.2,6.6,5.7,1,4.0,5.3,0,1,11.5,7,6,9,98,,1,0
106183,27,0,3.61,1,63.4,6.9,4.2,1,4.0,2.0,0,0,9.4,4,7,8,97,,0,1
106184,20,2,4.5,0,64.0,8.7,6.9,0,3.8,5.9,0,4,11.9,10,4,10,95,,1,0
106185,26,1,3.9,1,72.0,6.9,5.0,0,3.58,6.0,0,1,10.0,6,4,10,92,,2,1
106186,16,2,3.29,1,96.2,4.9,6.5,1,3.68,7.1,0,5,4.8,4,3,10,88,,2,0
106187,25,1,6.1,0,94.4,6.2,8.2,1,3.67,6.6,0,5,14.2,7,5,10,89,,1,0
106188,19,1,3.6,0,88.6,7.5,6.0,0,2.99,1.0,0,5,9.6,9,7,8,77,,3,1
106189,23,0,6.4,1,92.5,11.0,6.3,1,4.0,6.0,0,3,10.2,10,9,6,98,,3,1
106190,18,0,4.3,0,63.1,5.7,6.0,0,3.79,5.4,0,5,7.7,2,1,10,94,,1,1
106191,26,1,8.4,1,79.3,7.7,5.1,1,4.0,4.2,0,4,11.9,4,9,6,100,,2,1
106192,16,0,2.9,0,46.1,6.8,6.9,0,3.98,7.2,0,2,8.4,6,3,10,100,,2,1
106193,27,0,2.4,0,66.9,9.2,5.2,0,3.67,4.8,0,0,10.9,6,8,7,91,,2,0
106194,26,2,6.5,1,78.4,5.9,7.5,0,4.0,4.7,0,3,11.4,6,6,9,97,,2,1
106195,18,0,2.0,0,85.3,8.3,8.4,0,3.31,7.4,0,3,10.1,4,4,10,92,,2,0
106196,23,2,3.8,0,88.5,6.7,8.5,0,3.0,6.3,0,5,8.2,8,5,10,70,,2,1
106197,25,2,1.5,1,84.3,6.9,6.6,1,3.57,1.5,0,5,6.4,2,9,6,91,,2,1
106198,27,0,8.1,1,77.5,4.0,7.7,0,3.09,6.1,0,4,15.2,2,1,10,74,,2,1
106199,16,1,4.1,0,74.6,8.2,7.3,0,3.6,6.6,0,2,9.7,3,2,10,90,,3,0
106200,24,0,3.0,1,44.0,4.6,6.6,0,3.05,4.5,0,3,4.8,5,8,7,78,,0,1
106201,22,0,3.8,1,67.6,5.1,8.3,0,4.0,3.8,0,0,12.3,6,8,7,99,,3,1
106202,19,0,5.82,0,92.5,6.4,7.6,0,4.0,3.3,0,3,7.7,7,9,6,93,,3,0
106203,16,0,5.2,1,98.3,5.0,8.8,0,4.0,10.0,0,5,9.5,5,10,5,95,,3,1
106204,18,1,5.2,0,79.8,7.8,4.0,0,4.0,6.7,0,3,12.5,7,5,10,97,,1,0
106205,24,2,3.1,0,65.4,7.4,7.2,0,2.93,4.9,0,3,5.9,9,9,6,76,,1,1
106206,17,0,6.9,0,57.1,7.3,3.1,1,2.93,5.2,0,2,12.2,7,6,9,74,,3,0
106207,22,0,6.95,1,72.8,7.7,6.2,0,3.92,4.1,0,1,15.7,2,5,10,100,,3,0
106208,19,1,3.21,1,40.5,5.6,8.7,1,2.44,5.4,0,1,6.1,2,4,10,54,,1,0
106209,28,0,3.8,1,91.9,5.1,5.7,0,4.0,2.3,0,3,6.9,5,9,6,100,,2,1
106210,20,2,6.31,0,77.4,7.9,3.0,0,3.97,2.1,0,3,11.4,9,1,10,100,,1,1
106211,24,1,6.8,0,79.9,4.0,7.8,1,4.0,4.3,0,2,14.7,7,6,9,100,,1,1
106212,28,2,8.56,0,61.1,7.7,5.3,1,4.0,3.1,0,2,15.8,1,4,10,98,,1,1
106213,28,0,6.6,1,91.0,5.1,6.9,0,3.89,4.3,0,0,13.4,3,2,10,98,,0,0
106214,27,2,8.6,0,85.3,6.9,5.0,1,3.93,1.7,0,5,17.0,8,10,5,98,,2,0
106215,25,0,6.06,0,57.4,6.7,6.9,0,4.0,6.8,0,0,13.3,8,3,10,97,,1,1
106216,22,2,8.47,1,42.8,8.1,4.5,1,4.0,5.5,0,2,11.0,5,4,10,98,,3,1
106217,17,1,6.2,0,78.0,5.4,5.7,1,4.0,5.0,0,3,12.5,5,2,10,100,,2,0
106218,25,0,3.9,0,86.6,5.4,9.2,0,2.6,3.9,0,4,8.3,9,3,10,55,,1,1
106219,19,2,4.6,0,78.3,6.6,7.8,1,3.3,4.1,0,0,8.3,10,4,10,87,,3,1
106220,18,2,5.93,0,53.6,7.9,9.0,1,3.13,5.7,0,4,9.3,7,3,10,74,,2,0
106221,22,1,4.4,1,93.2,9.4,6.9,0,4.0,6.7,0,2,11.0,6,2,10,97,,1,1
106222,23,2,4.7,0,56.8,8.4,8.1,1,4.0,1.0,0,4,11.2,1,7,8,100,,2,1
106223,22,0,3.0,0,84.3,5.6,5.8,0,3.14,3.7,0,3,4.1,1,5,10,84,,2,1
106224,26,0,4.12,0,93.6,5.7,6.4,1,3.59,5.9,0,3,8.7,6,6,9,95,,2,1
106225,27,0,3.8,0,50.1,9.0,6.3,0,3.01,6.0,0,2,9.9,10,4,10,79,,2,1
106226,18,0,2.5,0,89.0,6.7,3.6,0,4.0,2.7,0,1,6.3,9,10,5,97,,1,0
106227,23,0,6.5,0,67.8,5.5,2.0,1,3.41,5.9,0,5,14.3,3,1,10,93,,2,1
106228,22,0,4.74,1,83.2,7.0,8.1,0,3.22,5.8,0,1,9.3,9,5,10,82,,2,0
106229,16,1,4.0,0,94.7,6.5,4.1,0,2.93,6.8,0,0,8.8,3,8,7,79,,2,1
106230,16,1,8.0,0,42.7,8.8,6.7,1,3.97,6.1,0,5,13.5,2,9,6,100,,1,0
106231,23,1,2.5,0,53.2,8.1,4.7,0,3.7,4.5,0,0,6.2,1,6,9,90,,3,0
106232,17,1,3.21,0,76.8,4.0,8.4,1,3.06,6.9,0,5,8.1,6,1,10,75,,2,1
106233,16,2,2.8,1,59.3,9.3,6.5,0,4.0,4.2,0,4,5.9,6,10,5,100,,2,0
106234,27,0,5.8,0,93.4,9.7,9.3,0,4.0,5.1,0,3,14.7,10,3,10,100,,2,0
106235,23,2,2.1,0,70.8,7.7,5.8,0,4.0,5.9,0,1,6.7,5,3,10,95,,1,0
106236,16,2,2.1,1,59.8,4.7,8.0,0,3.4,4.9,0,3,6.3,1,6,9,86,,2,1
106237,28,0,3.26,1,86.0,8.8,7.7,0,2.7,3.0,0,0,11.4,2,4,10,71,,2,0
106238,23,1,4.93,1,67.8,7.6,5.9,0,4.0,6.3,0,3,9.6,1,8,7,100,,2,1
106239,22,0,6.7,0,83.5,5.8,6.6,0,3.04,5.8,0,2,9.6,7,4,10,65,,2,1
106240,21,1,4.3,0,82.8,4.0,5.2,0,4.0,7.8,0,5,8.6,7,3,10,100,,2,0
106241,20,0,2.5,1,43.0,8.4,5.6,0,2.83,5.8,0,4,8.4,5,1,10,75,,2,1
106242,20,1,2.0,0,58.7,7.1,8.9,0,3.06,7.0,0,1,4.4,6,5,10,79,,2,1
106243,24,1,2.6,1,77.1,6.6,8.5,0,4.0,2.5,0,5,8.5,8,9,6,96,,2,1
106244,24,2,5.4,1,88.8,6.6,5.0,0,3.98,7.6,0,3,9.1,10,4,10,100,,1,0
106245,16,2,3.8,0,55.3,5.6,5.3,0,3.1,3.3,0,0,10.2,1,2,10,70,,2,0
106246,17,1,0.2,0,59.2,8.1,5.4,1,4.0,4.8,0,3,3.3,9,6,9,100,,2,0
106247,23,1,4.9,1,70.5,7.6,10.0,1,3.53,3.7,0,1,12.2,6,3,10,85,,2,1
106248,20,0,3.54,1,94.2,9.3,8.4,0,2.98,3.1,0,2,10.4,9,6,9,78,,2,1
106249,16,1,3.7,0,85.6,6.4,8.1,0,4.0,1.0,0,3,7.9,6,9,6,98,,3,1
106250,23,2,4.6,0,72.8,4.1,7.1,0,3.22,4.3,0,1,5.5,7,3,10,80,,1,1
106251,19,0,3.5,0,63.0,9.6,6.6,0,2.47,4.0,0,5,10.1,1,1,10,67,,1,0
106252,21,1,5.5,0,64.1,7.2,3.9,1,4.0,4.6,0,0,11.6,2,7,8,100,,2,0
106253,18,2,7.1,1,89.8,7.7,6.8,0,4.0,7.5,0,2,13.0,9,6,9,87,,1,1
106254,22,1,6.6,1,82.9,8.8,2.6,0,3.93,3.4,0,5,9.8,3,8,7,98,,3,1
106255,27,2,4.4,0,46.9,7.3,7.8,1,3.08,6.2,0,4,8.2,3,2,10,73,,1,0
106256,19,0,4.91,0,55.8,6.6,5.6,0,4.0,6.1,0,5,11.4,1,6,9,100,,1,1
106257,22,0,4.7,0,98.9,9.3,7.0,0,2.91,5.7,0,0,7.5,1,1,10,71,,3,1
106258,25,2,0.85,0,81.0,9.8,5.2,0,3.33,5.4,0,2,7.7,1,1,10,84,,1,1
106259,22,0,5.7,0,81.9,5.7,8.0,1,4.0,4.2,0,4,10.7,10,1,10,98,,2,0
106260,17,2,5.9,0,74.8,7.1,2.6,0,4.0,3.3,0,3,11.3,3,9,6,100,,1,0
106261,25,0,6.24,1,48.6,6.7,3.1,1,4.0,5.9,0,0,12.7,1,6,9,95,,3,1
106262,20,1,3.8,0,48.2,8.2,7.8,0,4.0,4.9,0,3,9.6,5,6,9,100,,1,0
106263,28,0,5.3,1,84.8,9.1,8.3,1,4.0,2.4,0,3,12.6,10,9,6,100,,1,1
106264,21,0,5.3,0,89.5,9.7,5.8,1,4.0,3.7,0,0,12.7,5,7,8,100,,3,0
106265,16,1,1.9,1,61.2,6.7,7.4,1,3.4,4.6,0,2,5.5,1,5,10,88,,1,0
106266,25,1,3.6,1,60.6,4.0,7.2,1,3.85,8.8,0,0,8.2,7,5,10,97,,2,0
106267,24,0,5.2,0,59.3,6.6,9.0,0,4.0,3.6,0,5,8.1,8,2,10,97,,1,0
106268,25,0,3.4,0,59.0,7.3,7.0,0,3.39,3.7,0,2,11.2,10,2,10,78,,1,1
106269,19,0,6.6,1,65.2,8.5,8.7,0,4.0,6.2,0,2,11.6,2,10,5,92,,3,1
106270,27,0,3.9,1,84.8,6.9,6.5,0,4.0,6.1,0,0,6.9,3,3,10,100,,0,1
106271,18,1,1.3,1,81.4,7.0,5.5,0,3.25,5.7,0,5,8.2,2,7,8,84,,1,0
106272,27,1,1.82,1,47.0,5.6,9.4,0,2.72,5.3,0,5,10.1,3,4,10,69,,2,0
106273,17,1,4.4,1,48.8,6.7,4.9,1,3.37,6.6,0,0,12.9,4,2,10,77,,2,1
106274,18,0,5.5,0,80.2,5.0,6.6,1,2.76,4.6,0,1,11.3,3,3,10,62,,2,0
106275,20,2,2.8,0,40.2,6.3,5.6,1,4.0,2.8,0,4,8.6,3,2,10,92,,0,1
106276,26,2,5.39,1,98.4,7.5,6.1,1,3.17,4.2,0,1,11.4,1,6,9,79,,2,0
106277,24,2,2.1,0,52.1,6.9,4.8,0,4.0,3.9,0,5,4.6,5,3,10,100,,1,1
106278,23,0,3.0,0,81.8,8.2,8.5,0,3.91,6.5,0,4,9.5,2,1,10,100,,3,1
106279,23,2,2.5,1,56.4,7.2,8.7,1,3.66,4.8,0,1,6.2,8,3,10,93,,2,1
106280,27,2,5.7,1,79.8,7.1,6.0,1,4.0,4.2,0,1,12.0,8,7,8,95,,2,0
106281,26,1,3.1,1,53.4,10.2,10.0,1,4.0,3.4,0,0,8.0,6,3,10,96,,1,0
106282,20,1,1.1,1,45.2,7.7,4.2,0,3.33,7.7,0,4,6.7,6,3,10,81,,1,1
106283,17,1,2.2,1,86.1,5.5,9.2,0,3.74,3.6,0,4,8.6,2,9,6,96,,3,1
106284,24,2,0.4,1,76.2,6.3,8.0,1,4.0,4.3,0,1,6.6,9,5,10,100,,3,1
106285,21,0,4.07,0,54.7,7.5,8.8,0,3.11,3.5,0,3,11.8,3,9,6,67,,1,1
106286,28,0,4.7,0,85.5,5.6,6.1,1,3.53,4.7,0,0,12.5,7,6,9,82,,2,0
106287,25,2,2.6,1,74.1,6.6,7.0,1,3.95,9.1,0,1,8.2,8,5,10,86,,1,1
106288,17,2,5.11,0,86.6,9.5,6.1,0,3.43,3.7,0,3,12.2,4,5,10,86,,2,0
106289,22,1,2.6,0,70.8,9.9,5.6,1,3.22,6.3,0,2,6.1,1,1,10,87,,3,1
106290,23,2,3.7,0,85.9,5.6,8.3,1,3.0,2.8,0,0,7.9,10,3,10,77,,3,0
106291,26,1,9.35,1,79.0,8.0,9.5,0,4.0,1.6,0,5,14.1,4,3,10,96,,1,0
106292,25,2,9.2,0,59.4,7.5,8.5,1,3.65,8.0,0,2,17.1,4,5,10,93,,1,1
106293,17,1,7.6,1,49.1,7.8,5.9,1,3.18,6.0,0,2,13.4,2,8,7,87,,1,0
106294,17,2,6.3,0,40.8,8.2,8.2,0,3.12,2.1,0,2,14.6,7,3,10,74,,2,0
106295,18,1,4.3,1,56.2,9.5,5.0,0,2.61,5.1,0,1,11.6,5,2,10,61,,0,1
106296,23,0,1.9,0,75.0,7.2,4.6,0,3.71,6.8,0,0,10.6,5,3,10,97,,1,0
106297,18,1,7.79,1,83.7,8.7,8.2,0,3.79,6.7,0,4,15.5,9,9,6,96,,0,1
106298,27,1,4.5,1,47.3,6.8,3.1,0,4.0,8.2,0,2,8.6,3,6,9,99,,1,1
106299,27,2,4.5,1,51.2,8.2,5.3,1,4.0,3.8,0,2,8.2,7,2,10,96,,3,0
106300,16,1,5.9,1,40.1,6.8,6.4,0,2.67,4.3,0,0,9.1,2,2,10,69,,2,0
106301,18,2,3.3,1,70.8,7.0,10.0,0,4.0,6.8,0,2,10.3,9,4,10,100,,0,0
106302,27,1,4.4,1,60.5,6.5,7.3,0,3.35,4.7,0,3,8.9,6,4,10,77,,2,0
106303,25,1,6.2,1,55.9,4.0,10.0,0,4.0,3.8,0,1,13.6,1,9,6,100,,3,1
106304,16,1,6.7,0,59.5,7.6,4.1,0,3.93,6.7,0,2,12.4,10,3,10,100,,2,1
106305,28,2,1.6,1,50.8,4.0,7.0,0,2.44,7.2,0,2,6.2,7,6,9,59,,2,1
106306,28,1,3.6,0,61.5,9.7,7.8,1,4.0,4.1,0,1,6.5,2,2,10,100,,3,0
106307,19,2,2.1,1,62.5,7.8,8.4,1,4.0,3.5,0,0,9.7,4,10,5,98,,2,1
106308,28,2,3.1,0,76.3,5.6,6.1,1,3.68,3.8,0,2,7.4,9,10,5,94,,2,1
106309,16,0,5.1,1,87.8,7.8,7.9,1,4.0,4.9,0,1,9.6,8,4,10,98,,2,1
106310,20,0,3.8,0,41.8,6.2,7.2,0,4.0,2.0,0,5,7.0,2,4,10,100,,3,0
106311,24,1,8.4,1,61.4,6.6,5.1,1,3.34,5.2,0,3,15.6,6,2,10,79,,2,0
106312,17,2,2.9,1,81.3,7.7,9.2,1,4.0,1.6,0,2,9.5,1,7,8,100,,3,1
106313,22,2,0.1,0,84.4,6.9,6.1,1,4.0,2.5,0,2,5.8,8,10,5,96,,2,1
106314,20,2,3.4,1,46.5,5.2,8.4,0,4.0,5.6,0,1,12.0,7,6,9,100,,2,1
106315,24,0,5.4,0,46.7,6.6,6.6,1,4.0,7.5,0,1,13.7,7,7,8,100,,1,1
106316,16,0,4.0,1,56.5,6.5,1.5,0,4.0,6.8,0,1,9.3,10,7,8,100,,3,0
106317,23,1,4.8,1,72.8,8.0,10.0,1,2.77,3.7,0,4,10.7,4,6,9,71,,2,1
106318,18,1,6.5,0,58.0,7.4,2.8,1,3.74,4.5,0,0,10.6,4,6,9,92,,0,1
106319,23,1,3.6,0,64.8,6.2,5.6,1,2.93,6.2,0,0,7.7,5,3,10,67,,0,1
106320,28,1,6.7,0,67.7,7.1,8.3,1,4.0,4.5,0,1,15.3,10,10,5,98,,2,0
106321,27,1,7.2,1,82.2,8.5,5.2,0,4.0,8.1,0,2,12.0,6,7,8,100,,1,1
106322,23,0,4.4,1,89.4,8.8,8.6,1,3.59,2.5,0,0,10.3,9,5,10,93,,2,1
106323,19,2,7.6,1,61.6,5.8,2.8,0,4.0,4.8,0,1,14.6,2,6,9,100,,1,0
106324,16,2,8.0,1,54.1,5.3,5.8,1,4.0,3.0,0,0,14.7,10,7,8,97,,2,0
106325,17,1,3.1,0,63.8,6.7,7.5,1,3.58,5.7,0,5,12.6,3,2,10,79,,1,1
106326,16,2,5.7,0,59.1,6.9,5.5,1,4.0,5.1,0,0,13.6,6,6,9,99,,1,1
106327,16,2,2.9,1,62.4,6.7,9.4,1,3.41,6.1,0,5,10.3,7,8,7,89,,2,1
106328,17,1,6.9,1,99.7,7.2,6.4,0,4.0,1.5,0,1,13.1,3,5,10,100,,2,1
106329,22,1,4.2,0,65.6,7.0,6.4,1,4.0,9.1,0,0,10.7,3,4,10,98,,1,1
106330,25,2,2.7,1,71.1,5.5,6.6,1,2.98,8.1,0,0,10.1,5,8,7,73,,1,1
106331,24,2,2.7,0,42.9,5.1,8.6,0,4.0,5.7,0,1,9.8,4,10,5,96,,1,1
106332,20,0,4.7,0,45.0,5.2,6.6,0,3.66,5.2,0,1,7.3,9,8,7,82,,3,1
106333,18,1,2.9,1,87.5,5.0,5.9,0,2.99,4.4,0,4,9.5,1,5,10,80,,2,0
106334,28,1,2.0,1,64.4,7.5,7.8,0,3.63,4.3,0,4,7.3,6,6,9,95,,2,1
106335,25,2,5.0,1,65.6,7.9,4.6,1,3.75,7.0,0,0,7.8,10,3,10,96,,3,0
106336,22,0,6.93,1,68.9,7.8,9.7,1,4.0,6.1,0,0,12.9,7,8,7,95,,2,0
106337,20,0,1.73,0,86.4,5.5,6.8,1,3.15,4.5,0,5,8.8,2,7,8,75,,3,0
106338,19,1,5.7,1,53.1,5.7,6.5,1,3.72,7.1,0,3,14.2,6,2,10,92,,2,0
106339,16,0,1.6,1,55.8,4.8,5.9,1,2.72,7.2,0,5,6.0,7,7,8,70,,1,1
106340,26,2,5.1,0,90.0,6.7,8.8,1,3.0,2.6,0,2,7.8,4,3,10,68,,2,0
106341,27,1,1.4,1,70.3,7.7,8.8,0,3.7,3.1,0,1,5.2,5,8,7,94,,1,1
106342,26,1,6.4,0,55.0,6.5,8.1,0,4.0,2.8,0,0,13.4,10,4,10,94,,1,0
106343,28,0,3.2,0,82.7,6.0,5.7,0,4.0,5.4,0,0,8.5,9,1,10,92,,2,0
106344,17,0,1.9,0,57.5,4.0,8.3,0,3.98,7.3,0,4,11.2,2,4,10,100,,1,0
106345,16,0,3.7,0,52.9,8.7,5.8,0,4.0,3.5,0,2,7.7,1,9,6,100,,0,0
106346,17,2,0.0,1,46.7,8.8,7.5,1,4.0,2.8,0,0,2.6,7,1,10,96,,1,0
106347,23,2,8.0,1,68.0,9.4,1.5,1,4.0,1.0,0,5,14.0,6,1,10,100,,3,1
106348,26,1,7.21,0,96.7,7.5,5.0,0,3.95,8.5,0,1,16.0,1,9,6,100,,0,1
106349,16,1,5.7,1,43.0,7.4,9.8,0,4.0,2.4,0,3,9.3,10,7,8,100,,1,1
106350,25,1,3.3,1,49.4,8.6,5.2,0,3.22,4.4,0,5,5.7,10,6,9,80,,3,1
106351,25,0,4.5,0,84.9,6.8,5.5,0,2.74,5.1,0,3,12.2,4,1,10,66,,1,1
106352,28,2,3.9,0,46.4,9.8,10.0,1,4.0,1.6,0,2,10.3,5,9,6,99,,3,1
106353,23,2,5.51,0,64.7,8.1,5.8,1,3.98,7.2,0,2,9.2,5,7,8,100,,1,0
106354,23,0,6.14,0,72.7,6.2,10.0,1,4.0,4.7,0,4,10.1,2,2,10,99,,2,1
106355,16,0,3.5,1,89.7,9.4,6.4,1,4.0,6.6,0,4,9.8,3,10,5,97,,1,0
106356,19,2,4.9,1,87.5,8.3,5.9,0,3.68,1.6,0,0,11.3,9,10,5,89,,0,1
106357,28,2,3.3,1,66.5,6.7,7.7,1,2.86,3.1,0,2,6.2,10,1,10,73,,3,1
106358,27,1,2.4,0,54.8,5.6,9.3,0,3.99,7.9,0,2,8.4,4,3,10,100,,3,1
106359,26,2,3.8,0,68.0,6.9,6.0,1,3.78,4.8,0,4,10.2,3,2,10,93,,2,1
106360,20,2,2.7,0,73.2,4.0,5.9,1,2.59,2.3,0,4,10.0,8,5,10,73,,2,0
106361,27,0,0.8,1,73.6,6.7,5.7,1,2.5,2.8,0,0,7.9,10,5,10,65,,0,1
106362,21,0,3.94,0,51.0,5.0,5.0,1,3.44,3.9,0,0,6.3,9,10,5,86,,2,1
106363,21,0,5.2,0,49.1,7.9,5.7,1,4.0,9.6,1,4,12.5,4,3,10,93,,2,0
106364,16,2,2.9,1,92.2,7.5,6.6,0,2.71,9.3,0,0,7.5,5,4,10,68,,2,1
106365,16,1,4.85,0,99.0,4.7,6.5,1,3.58,7.2,0,4,11.0,5,9,6,91,,2,1
106366,24,1,4.1,0,55.0,11.1,7.7,1,4.0,5.0,0,3,11.9,2,10,5,100,,1,1
106367,22,2,6.9,0,48.0,7.4,6.0,1,4.0,8.4,0,3,15.3,7,8,7,97,,2,0
106368,21,2,4.2,0,94.5,6.1,6.8,0,3.21,6.9,0,1,12.4,10,1,10,79,,1,1
106369,26,1,3.1,1,78.3,8.4,6.9,0,2.98,6.2,0,2,8.1,10,6,9,79,,2,0
106370,28,1,1.6,1,69.9,7.8,6.7,1,3.75,1.3,0,4,4.9,6,1,10,87,,1,1
106371,23,0,3.14,0,42.2,4.9,4.2,0,3.76,2.4,0,5,10.1,8,3,10,100,,2,1
106372,18,1,4.1,0,97.4,7.6,7.2,1,4.0,5.0,0,3,5.8,10,7,8,97,,1,1
106373,22,2,4.5,1,64.5,8.0,8.0,0,3.62,3.0,0,2,8.9,10,9,6,95,,1,1
106374,20,0,6.11,0,52.2,7.6,7.0,0,4.0,3.6,0,4,12.5,8,3,10,97,,0,1
106375,21,1,2.2,1,90.4,6.1,6.4,0,2.43,7.9,0,0,8.0,9,3,10,61,,1,1
106376,17,1,4.4,1,72.6,8.0,6.7,1,3.79,7.3,0,1,8.6,3,3,10,92,,1,1
106377,17,2,6.65,1,70.3,6.2,9.7,0,3.68,2.0,0,5,12.8,4,1,10,96,,1,0
106378,22,0,2.1,0,94.1,4.8,4.7,0,3.67,6.6,0,5,6.1,7,10,5,90,,1,1
106379,22,2,0.7,0,68.6,7.9,5.5,1,3.8,5.6,0,5,4.6,7,7,8,100,,0,1
106380,26,2,6.9,1,92.1,4.5,4.9,1,2.9,10.0,0,3,12.7,5,6,9,73,,3,1
106381,22,2,2.0,1,44.0,5.6,10.0,0,4.0,3.8,0,0,7.1,2,6,9,100,,1,1
106382,26,2,2.3,1,74.6,6.1,8.7,0,4.0,7.0,0,0,4.0,8,8,7,98,,2,0
106383,17,2,2.2,0,64.1,6.2,8.7,0,3.48,2.6,0,0,6.9,1,6,9,92,,2,1
106384,24,2,6.02,1,56.6,4.5,5.9,0,3.9,1.0,0,0,12.1,9,3,10,96,,2,1
106385,19,0,7.1,1,94.0,6.4,4.7,0,4.0,5.8,0,4,11.1,1,4,10,99,,1,0
106386,20,0,4.4,1,93.5,6.0,7.1,1,3.04,2.6,0,4,10.6,6,1,10,71,,1,1
106387,16,0,6.5,0,55.8,7.4,4.4,1,4.0,6.3,0,0,11.1,1,1,10,98,,2,0
106388,20,0,5.3,1,44.8,5.9,10.0,1,3.15,6.3,0,3,8.2,10,1,10,72,,2,1
106389,20,1,4.32,0,76.3,5.4,7.7,0,2.84,4.0,0,4,7.2,1,6,9,75,,2,1
106390,22,0,7.51,0,68.6,6.2,4.9,0,3.81,8.1,0,3,9.5,1,9,6,98,,2,0
106391,28,0,2.2,0,61.5,8.7,10.0,0,3.91,5.3,0,0,8.2,1,3,10,100,,2,0
106392,21,1,6.75,1,89.4,6.8,10.0,0,3.55,3.4,0,3,10.5,7,1,10,98,,3,1
106393,23,0,3.4,0,64.1,7.7,5.6,0,4.0,3.2,0,1,9.5,3,6,9,97,,2,1
106394,20,0,6.3,1,55.2,6.8,3.8,1,4.0,5.8,0,3,13.0,3,9,6,100,,1,1
106395,23,2,4.34,0,84.3,4.0,6.8,1,2.84,8.1,1,4,14.7,3,2,10,71,,3,1
106396,21,0,1.89,1,69.1,9.3,3.8,1,3.58,7.6,0,2,7.4,5,9,6,87,,2,1
106397,17,0,2.6,1,92.3,5.0,8.1,1,4.0,4.7,0,0,7.9,3,4,10,100,,2,0
106398,24,0,9.9,0,68.4,4.0,10.0,0,4.0,4.8,0,3,12.8,2,10,5,98,,3,0
106399,16,0,2.9,1,97.1,6.9,9.1,0,3.28,4.8,0,5,9.5,7,9,6,76,,2,0
106400,28,1,3.5,0,77.8,4.0,6.5,1,4.0,7.2,0,1,9.5,9,7,8,100,,2,0
106401,28,1,4.0,1,81.5,6.8,6.0,1,3.82,1.3,0,5,10.0,4,6,9,97,,2,0
106402,21,1,5.2,0,99.0,4.2,8.5,0,4.0,3.3,0,1,12.5,9,9,6,100,,2,1
106403,16,0,2.7,1,83.5,7.0,8.6,0,4.0,4.5,0,4,7.7,2,4,10,94,,2,0
106404,27,0,3.1,1,82.7,9.4,9.8,0,3.28,5.0,0,5,9.0,5,2,10,90,,1,1
106405,19,2,3.0,1,41.3,7.6,8.3,0,4.0,3.0,0,1,10.9,2,8,7,91,,2,0
106406,19,2,3.4,0,51.9,7.4,7.3,1,2.84,8.3,0,5,12.6,2,8,7,71,,0,0
106407,20,2,6.4,0,97.0,8.0,9.1,0,4.0,4.7,0,0,14.7,9,10,5,100,,1,1
106408,26,1,0.0,0,61.3,7.2,8.4,1,2.95,6.3,0,0,5.2,3,2,10,71,,2,1
106409,28,2,0.8,0,59.1,5.0,8.9,1,2.52,1.0,0,2,7.1,9,1,10,60,,1,1
106410,28,0,4.7,1,98.6,5.7,8.6,0,4.0,8.4,0,0,9.4,5,5,10,100,,1,0
106411,28,1,2.8,0,41.3,7.0,7.0,1,4.0,4.5,0,2,10.2,5,6,9,96,,3,1
106412,28,2,5.88,1,74.8,5.8,5.1,1,4.0,7.6,0,4,9.0,10,7,8,100,,1,1
106413,20,2,2.37,0,45.1,6.1,9.0,1,4.0,2.0,0,5,9.6,2,9,6,94,,2,1
106414,27,0,3.0,0,97.0,5.5,5.2,0,4.0,3.0,0,4,6.9,10,9,6,100,,2,1
106415,24,2,5.6,0,66.4,8.7,4.3,1,4.0,8.2,0,5,9.5,3,9,6,97,,0,0
106416,17,0,6.81,1,66.9,7.2,1.2,1,4.0,2.6,0,0,12.2,4,6,9,98,,2,1
106417,16,0,6.3,1,42.5,8.5,6.1,0,4.0,6.5,0,1,12.6,1,6,9,99,,2,1
106418,26,0,5.0,1,52.0,7.4,9.6,1,3.52,5.1,0,2,10.5,1,1,10,88,,1,0
106419,21,2,5.31,0,65.1,5.4,10.0,1,4.0,5.8,0,5,12.7,8,1,10,100,,0,1
106420,18,2,4.7,0,82.0,8.0,4.2,1,3.58,9.1,0,3,10.7,1,10,5,90,,1,1
106421,28,0,0.3,1,97.1,6.2,10.0,1,3.88,5.3,0,2,2.9,9,3,10,100,,3,1
106422,25,0,0.34,0,40.7,9.3,2.4,0,2.9,2.5,0,3,6.4,5,2,10,65,,1,0
106423,26,2,3.5,0,98.4,4.7,5.1,0,4.0,6.2,0,1,5.7,5,8,7,98,,1,1
106424,18,0,5.7,0,44.9,6.9,7.3,0,4.0,4.2,0,4,10.0,2,7,8,94,,1,1
106425,17,1,6.5,0,42.3,5.7,3.2,0,2.73,7.1,0,1,9.0,9,4,10,68,,3,1
106426,17,1,2.5,0,60.5,7.7,5.1,0,3.22,4.2,0,1,5.6,6,5,10,76,,2,0
106427,23,0,5.8,0,72.1,7.2,8.7,1,3.31,3.1,0,0,11.8,8,2,10,75,,3,1
106428,23,0,4.1,0,40.4,7.3,4.7,0,4.0,1.9,0,1,11.5,8,4,10,100,,3,0
106429,21,0,2.7,0,53.3,8.8,9.1,1,2.55,6.4,0,5,5.9,5,1,10,54,,3,1
106430,26,0,4.3,1,45.8,8.4,5.7,0,3.3,6.3,0,5,12.6,8,9,6,77,,2,0
106431,28,2,3.1,0,59.6,7.2,6.8,1,3.04,5.5,0,0,10.0,8,6,9,75,,2,1
106432,27,1,6.6,1,95.7,8.9,9.4,1,3.2,5.2,0,2,15.8,3,4,10,81,,3,0
106433,26,1,4.0,1,94.4,6.0,7.1,1,3.5,5.3,0,1,12.1,8,3,10,95,,1,0
106434,24,2,2.7,1,63.4,6.6,10.0,0,4.0,4.2,0,0,7.8,10,6,9,100,,0,1
106435,19,0,3.3,0,57.8,8.2,7.2,0,3.23,5.3,0,0,7.0,5,1,10,87,,1,1
106436,18,2,6.6,0,61.6,7.6,8.9,1,4.0,4.5,0,3,14.6,8,2,10,100,,2,1
106437,16,2,6.3,1,62.8,11.0,8.0,1,3.69,3.7,0,0,11.2,8,2,10,89,,1,1
106438,18,2,4.7,1,55.2,6.8,7.3,0,3.85,4.3,0,5,5.6,3,1,10,84,,2,0
106439,28,1,4.7,1,92.4,6.9,8.9,0,3.48,4.8,0,1,12.7,4,3,10,86,,3,1
106440,22,1,4.6,0,69.3,6.5,5.7,0,4.0,7.0,0,5,8.4,6,7,8,93,,1,0
106441,20,0,4.4,0,42.3,7.0,9.3,1,3.29,3.3,0,2,8.3,4,4,10,85,,0,1
106442,22,0,4.0,0,63.7,8.7,10.0,1,4.0,5.5,0,2,8.0,1,10,5,92,,1,1
106443,23,0,6.2,0,88.8,8.2,7.4,1,4.0,2.7,0,4,12.2,4,7,8,99,,1,0
106444,25,2,4.9,0,76.0,7.3,5.2,1,3.13,3.6,0,4,10.3,9,8,7,80,,2,1
106445,22,2,5.2,1,95.6,7.9,6.3,0,3.22,3.3,0,5,13.3,6,2,10,73,,2,0
106446,17,1,1.9,1,52.8,7.2,5.9,1,3.2,7.3,0,3,6.5,5,6,9,80,,3,1
106447,19,1,5.4,1,72.1,6.1,3.7,0,3.77,3.2,0,5,13.9,1,3,10,86,,1,0
106448,18,1,0.0,1,88.7,8.3,5.3,1,2.73,4.8,0,2,4.2,1,2,10,73,,2,0
106449,24,1,3.2,1,78.3,8.6,8.0,0,3.04,3.2,0,4,8.7,10,1,10,76,,2,1
106450,17,0,1.3,1,97.0,8.7,7.0,1,3.18,4.3,0,2,5.4,4,7,8,78,,2,1
106451,18,1,4.4,0,87.1,5.3,9.2,1,2.33,9.0,1,4,11.2,8,3,10,47,,1,1
106452,18,0,4.9,0,47.1,4.7,2.6,1,4.0,9.5,0,3,10.1,8,8,7,97,,2,0
106453,21,0,4.7,0,57.3,7.9,7.3,1,3.4,7.0,0,1,9.2,1,10,5,86,,0,1
106454,25,0,1.8,0,53.0,7.3,2.2,0,4.0,7.2,0,3,11.3,9,9,6,97,,1,0
106455,23,0,6.5,1,47.8,5.6,5.1,1,3.91,5.7,0,2,12.4,6,3,10,100,,1,0
106456,24,0,6.7,1,48.8,6.4,4.3,0,3.97,6.8,0,1,14.2,4,4,10,100,,2,0
106457,23,0,4.4,1,91.9,5.9,7.2,1,4.0,4.8,0,4,6.4,6,9,6,94,,0,0
106458,28,2,1.62,1,85.2,6.8,9.2,0,2.47,4.9,0,2,7.7,2,2,10,57,,3,0
106459,19,0,9.2,1,58.6,4.6,7.1,0,3.64,1.0,0,1,12.5,10,2,10,90,,3,1
106460,16,0,5.3,1,48.6,6.3,7.1,0,3.59,3.6,0,1,10.3,9,1,10,90,,2,1
106461,27,2,5.6,0,55.0,7.6,10.0,1,3.49,3.7,0,0,9.0,1,4,10,88,,0,1
106462,23,1,2.8,0,99.6,5.5,8.9,1,3.28,3.3,0,3,6.8,1,9,6,85,,2,1
106463,23,1,7.5,0,55.0,7.0,3.7,1,3.59,3.2,0,1,9.5,8,8,7,99,,1,1
106464,21,1,3.9,1,78.9,8.5,9.2,0,4.0,3.8,0,4,8.1,1,7,8,100,,2,1
106465,22,0,6.7,0,40.1,6.4,6.7,0,2.63,6.3,0,3,13.4,10,2,10,65,,2,0
106466,28,2,3.1,0,74.4,8.0,7.1,0,3.45,2.9,0,1,8.2,7,7,8,75,,0,0
106467,24,2,0.0,1,66.0,5.9,5.2,1,3.52,3.3,0,3,7.1,6,9,6,91,,1,0
106468,26,1,0.0,1,95.6,7.3,9.2,0,2.57,1.0,0,3,3.3,6,3,10,70,,2,0
106469,17,1,2.54,0,81.5,9.1,4.8,0,3.09,9.5,0,3,9.9,1,9,6,79,,2,0
106470,20,2,3.5,1,98.9,8.3,7.1,0,4.0,6.3,0,0,7.0,9,6,9,100,,1,1
106471,24,0,2.2,1,44.6,8.0,8.3,1,4.0,6.1,0,2,7.8,3,9,6,98,,1,1
106472,19,2,0.7,0,61.2,7.9,10.0,0,3.47,5.0,0,3,2.9,8,8,7,95,,0,1
106473,21,1,1.1,1,60.8,8.7,4.9,1,4.0,7.5,0,1,6.6,7,6,9,100,,2,0
106474,22,0,5.3,1,87.7,4.0,4.8,0,4.0,7.8,0,0,13.5,6,8,7,100,,2,0
106475,19,0,8.5,0,79.7,6.1,9.0,1,4.0,3.8,0,0,14.7,3,9,6,93,,3,0
106476,25,0,3.4,1,42.3,8.5,6.9,1,3.69,2.7,0,4,9.7,4,10,5,96,,2,0
106477,27,2,5.04,0,69.1,8.7,8.7,1,4.0,2.5,0,2,14.0,9,6,9,100,,2,0
106478,18,1,3.5,1,72.2,8.8,9.0,1,3.17,4.5,0,5,4.8,4,6,9,78,,1,0
106479,22,0,6.0,0,45.1,7.7,6.7,0,4.0,1.0,0,5,11.5,5,10,5,99,,1,0
106480,27,0,1.6,0,80.6,8.0,6.1,1,4.0,3.8,0,5,5.3,4,5,10,96,,2,0
106481,22,2,5.5,0,74.6,6.4,9.8,0,3.55,5.2,0,4,9.2,2,5,10,85,,0,0
106482,25,1,11.21,0,49.4,5.4,7.8,0,3.77,5.2,0,4,15.7,10,3,10,100,,3,1
106483,18,2,3.4,1,47.6,8.0,7.6,1,4.0,3.1,0,3,8.3,6,1,10,100,,2,1
106484,27,0,5.6,1,41.8,5.3,6.5,1,3.13,2.5,0,1,11.8,8,3,10,76,,0,1
106485,19,0,1.64,0,95.7,8.0,6.7,1,3.88,6.7,0,2,3.5,1,10,5,96,,3,0
106486,20,1,3.4,1,60.4,7.7,5.6,1,2.77,1.1,0,2,8.2,9,3,10,68,,0,1
106487,20,1,0.9,0,72.7,7.4,5.7,1,2.86,4.9,0,1,5.6,10,10,5,78,,1,1
106488,17,0,0.35,1,51.0,8.3,9.1,0,4.0,6.8,0,4,7.5,7,10,5,92,,0,1
106489,21,0,5.28,0,78.5,9.1,7.5,0,4.0,6.3,0,3,11.2,3,7,8,100,,2,0
106490,26,0,1.6,1,49.5,6.8,2.8,1,4.0,3.3,0,4,6.1,10,5,10,100,,2,1
106491,28,1,5.2,1,98.6,7.1,6.0,1,3.72,5.8,0,2,12.4,5,4,10,87,,1,1
106492,25,0,5.8,1,48.5,5.0,8.8,1,3.43,3.4,0,4,14.8,4,7,8,83,,2,0
106493,24,0,4.9,1,50.5,7.4,6.7,1,3.59,5.1,0,1,6.4,5,9,6,94,,1,0
106494,17,2,5.38,0,75.1,6.6,3.8,1,3.78,8.0,0,4,8.9,3,8,7,81,,3,0
106495,19,1,5.0,1,86.8,5.0,5.3,1,4.0,5.2,0,5,11.0,10,8,7,91,,3,0
106496,24,2,4.0,0,57.4,6.2,7.1,0,2.93,5.7,0,3,7.1,2,9,6,68,,2,1
106497,26,0,4.1,0,83.5,7.9,4.2,1,3.04,2.4,0,1,10.5,2,5,10,75,,2,1
106498,28,0,6.0,1,83.4,8.2,5.3,1,4.0,3.7,0,5,10.7,1,2,10,100,,1,0
106499,21,2,6.63,1,56.3,8.1,9.4,1,4.0,4.0,0,0,16.7,6,2,10,100,,1,0
106500,18,0,5.7,0,63.4,5.4,7.9,1,4.0,6.2,0,0,9.1,5,7,8,100,,2,1
106501,25,0,1.6,0,59.1,7.8,7.2,1,4.0,8.1,0,1,2.3,1,8,7,91,,2,0
106502,23,1,5.5,1,68.3,4.0,6.1,0,3.37,6.7,0,3,14.1,5,7,8,79,,2,0
106503,27,0,4.8,1,87.1,5.0,8.0,0,3.45,7.4,0,2,8.4,6,4,10,78,,1,0
106504,22,2,2.7,1,92.2,7.4,6.6,1,4.0,5.7,0,3,11.5,8,9,6,100,,2,1
106505,28,2,2.6,1,47.3,10.0,7.3,1,2.68,5.3,0,3,8.7,2,2,10,63,,2,1
106506,18,1,3.5,0,95.7,5.2,9.0,0,2.78,4.8,0,2,7.2,10,6,9,65,,1,1
106507,25,1,2.9,0,67.1,6.1,4.1,1,4.0,2.6,0,3,9.2,1,7,8,100,,2,1
106508,27,1,3.3,1,82.1,8.5,7.6,1,3.17,6.0,0,3,9.3,7,5,10,72,,2,0
106509,21,1,5.3,0,97.2,9.0,4.4,1,3.72,8.1,1,0,11.4,10,3,10,100,,1,1
106510,16,1,7.66,0,44.9,7.5,7.8,1,3.61,6.0,0,3,13.3,3,1,10,86,,1,1
106511,16,1,0.4,1,63.3,9.4,10.0,1,4.0,4.9,0,4,6.0,7,7,8,94,,1,1
106512,18,2,4.9,0,54.8,7.0,4.9,1,4.0,6.2,0,5,12.9,2,3,10,97,,1,1
106513,25,2,2.3,1,47.4,7.1,7.5,1,3.04,2.1,0,1,7.2,10,7,8,83,,2,1
106514,25,2,0.2,1,98.3,6.1,4.4,0,2.98,6.1,0,1,7.0,3,3,10,71,,3,0
106515,16,2,1.5,0,83.4,6.4,3.4,0,3.67,5.8,0,2,9.7,10,3,10,91,,3,0
106516,27,1,3.4,1,91.6,6.6,7.0,1,4.0,6.7,0,1,9.8,3,4,10,100,,1,0
106517,24,2,2.6,1,56.6,6.4,5.3,1,4.0,4.4,0,1,11.9,4,7,8,100,,3,1
106518,28,2,7.1,1,94.8,7.1,7.9,1,4.0,7.7,0,2,10.3,3,9,6,98,,3,0
106519,19,2,3.4,0,99.2,7.1,9.1,0,4.0,1.7,0,0,10.3,2,3,10,98,,1,0
106520,18,1,2.1,1,66.5,6.0,9.5,0,3.93,6.3,0,0,4.9,8,1,10,98,,3,0
106521,23,1,8.2,1,68.8,5.9,8.4,1,4.0,3.8,0,4,17.2,1,4,10,100,,3,0
106522,20,0,4.0,0,41.4,7.8,5.1,1,3.88,4.8,0,4,9.6,8,7,8,95,,2,1
106523,20,2,5.8,0,47.0,5.5,8.0,0,4.0,6.8,0,4,12.9,8,4,10,100,,1,0
106524,19,2,5.3,0,52.2,7.3,9.1,1,2.98,4.6,0,3,11.7,1,1,10,70,,2,0
106525,23,2,2.9,1,73.3,6.3,3.3,1,4.0,7.8,0,5,9.0,1,6,9,100,,1,1
106526,22,2,0.0,0,97.9,7.0,10.0,0,4.0,4.3,0,3,7.1,5,9,6,90,,3,1
106527,23,0,4.8,1,50.2,4.6,3.8,0,3.28,4.2,0,1,13.2,5,6,9,80,,0,1
106528,28,1,5.6,0,68.6,4.0,4.7,1,4.0,1.9,0,1,11.7,1,7,8,100,,3,1
106529,26,0,1.0,1,63.8,7.7,9.2,0,4.0,7.0,0,0,9.4,1,10,5,100,,0,1
106530,18,1,3.8,1,40.9,8.7,9.1,0,2.52,6.5,0,3,11.1,4,2,10,65,,0,1
106531,25,0,1.6,1,50.1,7.0,6.6,1,3.63,8.0,0,1,5.8,1,10,5,91,,3,0
106532,26,1,2.5,1,72.0,5.9,8.4,0,3.4,5.1,0,2,9.0,8,4,10,96,,3,0
106533,24,1,4.85,0,75.7,4.8,7.8,0,4.0,6.3,0,1,9.7,4,4,10,100,,1,1
106534,17,1,4.7,1,86.0,7.6,7.5,1,3.21,4.9,0,0,10.8,8,2,10,77,,3,0
106535,26,2,1.2,0,95.3,6.7,6.2,1,2.65,6.0,0,2,5.5,2,2,10,69,,3,1
106536,24,1,7.1,0,53.7,7.1,9.8,0,4.0,9.5,0,4,13.9,1,5,10,89,,3,0
106537,21,0,4.9,0,61.6,4.7,8.1,1,3.93,6.8,0,1,10.4,4,8,7,93,,2,0
106538,20,1,0.0,1,62.9,6.7,7.2,1,3.57,5.1,0,4,8.6,10,7,8,87,,3,1
106539,24,0,5.8,1,93.1,6.8,1.3,0,3.07,8.3,0,5,11.0,1,7,8,74,,3,1
106540,16,1,3.9,1,60.5,9.9,6.8,1,4.0,1.3,0,2,10.1,2,3,10,94,,3,0
106541,16,2,1.8,1,54.2,9.5,3.7,1,3.21,4.3,0,1,9.5,8,2,10,90,,1,1
106542,28,2,2.7,0,64.4,7.2,6.2,1,3.23,4.0,0,4,7.6,2,10,5,86,,2,0
106543,28,0,2.5,1,42.5,7.0,6.2,0,4.0,5.0,0,0,8.5,1,9,6,100,,3,0
106544,25,2,6.8,1,55.6,5.9,8.1,0,3.83,9.1,0,2,12.8,7,8,7,95,,2,1
106545,16,2,2.4,1,59.2,7.8,2.4,1,3.55,6.6,0,1,4.6,5,1,10,84,,3,0
106546,23,1,4.3,0,98.1,8.5,8.0,1,4.0,4.6,0,3,11.8,2,2,10,100,,3,0
106547,20,1,2.5,1,66.0,7.9,5.1,0,4.0,3.2,0,3,9.4,10,6,9,100,,3,0
106548,16,1,4.7,1,48.3,9.7,10.0,0,4.0,5.7,0,3,9.9,2,9,6,100,,1,0
106549,23,0,2.1,0,70.5,6.1,5.6,1,3.33,3.0,0,5,10.5,3,5,10,80,,1,1
106550,21,2,2.9,0,57.0,5.9,8.4,1,3.67,4.5,0,2,7.1,9,10,5,85,,1,1
106551,18,2,3.4,1,46.1,8.3,8.0,1,4.0,5.0,0,1,7.2,5,2,10,100,,2,0
106552,28,1,0.9,0,78.5,9.9,5.0,1,3.68,5.4,0,0,5.7,5,5,10,97,,0,1
106553,25,0,6.8,1,53.0,9.1,4.6,0,4.0,4.6,0,1,12.9,10,9,6,100,,1,1
106554,22,0,2.6,1,56.8,5.0,4.4,0,3.95,3.5,0,5,6.0,10,9,6,93,,1,0
106555,18,2,4.0,0,40.3,7.0,5.3,1,2.27,6.4,0,4,11.3,10,2,10,61,,3,1
106556,20,2,3.5,1,52.7,7.6,7.3,1,4.0,3.9,0,5,6.8,9,1,10,99,,0,0
106557,26,1,2.1,1,71.7,6.2,2.7,1,3.69,7.1,0,4,7.6,5,6,9,88,,0,0
106558,22,2,4.9,1,91.6,7.3,9.6,0,3.38,5.7,0,4,11.9,9,7,8,89,,2,0
106559,18,1,7.0,0,41.9,7.8,4.6,0,4.0,3.9,0,2,15.2,7,9,6,100,,1,1
106560,23,2,2.3,0,65.9,6.9,5.7,1,3.25,6.5,0,0,11.7,1,2,10,73,,1,1
106561,21,2,6.4,0,69.2,9.2,8.3,0,3.97,6.8,0,2,8.7,8,6,9,97,,1,0
106562,23,1,1.5,0,56.3,5.0,2.9,0,3.77,8.2,0,0,7.9,8,10,5,93,,2,1
106563,19,0,3.3,0,85.7,4.0,4.9,0,3.48,5.1,0,1,11.6,1,5,10,91,,0,1
106564,28,2,5.6,1,51.6,4.0,9.2,0,3.07,8.8,0,5,10.5,6,4,10,81,,3,1
106565,17,0,3.6,0,91.4,8.0,7.9,1,4.0,4.9,0,1,7.6,3,8,7,100,,1,0
106566,18,2,5.87,1,91.2,6.4,6.1,1,4.0,6.2,0,1,9.8,4,7,8,98,,3,1
106567,22,2,3.4,1,92.3,6.9,7.7,0,3.77,2.6,0,1,9.7,2,10,5,89,,2,0
106568,17,1,4.9,0,98.1,7.0,5.7,0,3.54,7.5,0,2,14.7,3,8,7,92,,3,0
106569,20,0,5.63,1,98.0,8.0,7.4,1,3.25,7.5,0,2,12.4,7,5,10,72,,1,0
106570,17,0,5.8,0,77.1,6.6,3.6,0,3.1,7.2,0,2,6.7,1,2,10,68,,2,0
106571,19,1,1.2,1,52.5,4.7,6.5,1,3.15,5.6,0,1,8.5,9,6,9,78,,3,1
106572,16,0,2.2,0,94.3,9.4,5.7,1,4.0,1.0,0,1,9.1,1,10,5,100,,2,1
106573,25,1,5.9,0,57.9,7.2,3.9,0,3.96,5.1,0,1,14.3,7,10,5,93,,2,1
106574,17,1,4.8,1,75.6,4.9,5.9,1,4.0,5.3,0,4,12.7,2,10,5,95,,1,1
106575,17,0,1.2,1,79.2,6.7,3.8,1,4.0,6.1,0,4,9.5,5,9,6,100,,2,0
106576,27,2,7.4,0,43.1,6.5,7.7,1,4.0,6.6,0,1,12.5,6,7,8,100,,1,1
106577,22,1,0.5,1,96.3,5.6,7.6,1,3.24,4.0,0,5,4.7,1,1,10,77,,3,1
106578,27,2,4.5,1,48.1,9.1,7.4,0,4.0,2.0,0,5,12.8,9,5,10,100,,2,1
106579,20,0,3.93,1,61.7,7.3,6.1,0,3.77,6.6,0,2,7.8,5,1,10,91,,0,1
106580,26,0,3.0,1,67.8,6.0,3.8,1,2.6,5.3,0,3,8.9,4,1,10,65,,2,1
106581,25,2,4.9,0,53.5,6.7,2.2,1,4.0,4.5,0,1,8.9,2,6,9,100,,2,1
106582,19,1,6.05,1,57.8,8.3,4.8,0,3.35,4.8,0,4,12.1,1,3,10,86,,0,0
106583,25,1,3.07,0,40.2,6.2,10.0,1,4.0,6.1,0,2,9.5,3,10,5,94,,2,0
106584,19,0,4.37,0,76.7,10.1,5.0,0,3.61,3.6,0,1,7.8,10,4,10,93,,1,1
106585,18,0,4.6,0,91.7,7.3,5.7,0,3.24,5.4,0,4,9.8,2,5,10,84,,2,0
106586,17,1,5.22,1,86.9,11.3,5.3,1,4.0,8.7,1,2,13.0,6,2,10,98,,2,1
106587,27,0,5.6,0,68.7,10.4,6.6,1,3.48,6.8,0,3,9.6,1,7,8,85,,1,1
106588,23,0,3.2,1,88.1,6.1,6.7,0,4.0,4.5,0,4,6.0,9,7,8,97,,1,0
106589,22,0,6.1,1,67.9,5.0,5.6,0,3.66,2.9,0,1,13.2,9,3,10,83,,3,0
106590,27,2,3.5,1,42.0,4.0,7.0,1,4.0,10.0,0,3,8.8,7,8,7,98,,1,1
106591,20,0,0.7,1,71.7,6.3,7.7,1,2.77,7.4,0,5,8.4,4,3,10,77,,2,0
106592,18,2,8.4,0,41.2,8.0,8.6,0,4.0,7.5,0,1,15.7,3,1,10,98,,3,0
106593,27,1,3.8,1,41.5,4.9,6.5,1,3.27,4.2,0,2,9.1,3,4,10,79,,1,0
106594,20,0,3.77,1,71.0,7.4,4.3,1,4.0,8.5,0,3,6.1,5,9,6,95,,0,1
106595,23,0,4.8,1,87.8,7.5,6.9,1,4.0,6.8,0,3,10.4,7,9,6,93,,3,1
106596,18,2,5.74,0,40.3,6.9,8.5,0,4.0,5.6,0,2,11.5,4,3,10,100,,2,1
106597,17,2,6.3,0,89.3,7.0,6.8,1,2.98,3.1,0,1,12.7,2,4,10,83,,3,1
106598,22,1,1.3,1,46.8,5.6,4.4,1,3.18,3.4,0,2,5.7,3,4,10,68,,1,1
106599,20,0,5.8,0,82.6,9.4,7.7,1,4.0,2.8,0,2,16.0,6,6,9,100,,3,1
106600,18,2,3.7,1,92.0,8.2,8.0,1,3.19,4.0,0,4,8.2,1,8,7,83,,0,1
106601,21,0,5.8,1,98.2,5.5,8.5,1,4.0,1.7,0,4,12.5,5,10,5,97,,3,1
106602,17,2,2.9,1,56.9,6.1,7.3,1,3.93,4.5,0,1,9.7,8,3,10,87,,3,1
106603,22,1,0.0,0,71.3,7.4,8.2,0,4.0,1.7,0,1,4.3,7,2,10,100,,2,1
106604,24,1,1.3,1,85.2,6.2,9.2,1,2.63,5.5,0,3,4.3,8,5,10,71,,2,1
106605,18,1,0.0,1,66.0,5.5,7.2,1,4.0,5.3,0,5,5.2,10,10,5,95,,1,0
106606,28,1,7.6,0,72.6,9.5,7.7,1,3.04,4.3,0,4,13.6,6,2,10,77,,1,1
106607,23,1,2.7,0,53.3,5.8,6.2,1,3.4,6.8,0,3,7.2,7,6,9,77,,2,0
106608,17,1,4.1,0,60.1,8.0,7.5,0,4.0,4.0,0,5,12.6,7,10,5,94,,2,1
106609,19,2,4.2,0,93.5,6.0,5.7,1,4.0,3.5,0,5,6.7,10,8,7,100,,3,1
106610,23,2,5.3,1,71.1,6.4,5.3,1,3.91,2.8,0,1,9.6,3,6,9,100,,3,0
106611,24,2,7.5,1,50.1,8.1,8.0,1,3.74,5.1,0,3,14.4,9,8,7,92,,2,1
106612,23,1,4.2,0,67.3,5.7,8.2,1,3.18,4.6,0,2,11.9,10,8,7,85,,2,1
106613,16,1,5.8,0,59.6,4.8,6.6,0,4.0,2.3,0,3,7.6,1,8,7,100,,1,1
106614,19,0,7.3,0,72.5,5.0,5.1,0,4.0,6.9,0,3,13.4,5,4,10,100,,2,1
106615,18,1,5.14,1,94.2,9.0,6.0,1,3.21,4.6,0,2,7.9,8,1,10,83,,2,1
106616,20,0,0.0,1,57.5,5.6,7.3,1,3.25,3.4,0,2,4.7,9,2,10,76,,3,1
106617,21,0,2.7,0,46.4,4.4,6.4,0,2.7,7.2,0,1,11.6,1,4,10,73,,1,1
106618,26,1,5.6,1,50.0,6.8,5.2,0,3.55,5.0,0,2,13.1,5,4,10,84,,0,0
106619,24,1,6.1,1,43.9,7.1,9.8,0,4.0,2.3,0,0,13.1,8,6,9,100,,0,0
106620,27,1,2.4,0,89.4,7.6,7.2,0,3.28,4.1,0,1,10.0,9,4,10,82,,2,1
106621,22,2,4.6,1,47.4,7.2,6.9,0,4.0,5.8,0,2,9.8,5,3,10,100,,1,1
106622,23,0,4.99,0,55.0,6.2,4.3,1,4.0,6.6,0,1,11.7,3,10,5,100,,3,0
106623,27,0,4.2,1,76.6,8.3,3.8,0,3.44,1.6,0,4,12.4,4,5,10,95,,2,1
106624,18,2,6.9,1,69.9,8.2,5.9,0,3.62,8.6,1,5,11.1,5,1,10,88,,1,1
106625,22,0,2.7,1,88.3,7.2,8.2,0,4.0,6.3,0,4,7.3,8,7,8,100,,2,1
106626,23,0,4.2,0,60.5,9.3,5.5,1,4.0,4.1,0,2,7.6,4,10,5,96,,2,1
106627,22,2,5.0,1,77.4,4.8,9.8,0,3.11,4.9,0,4,9.8,10,4,10,73,,2,0
106628,27,0,1.02,1,45.9,8.6,5.5,0,4.0,7.8,0,3,7.1,8,2,10,100,,2,0
106629,20,1,2.2,1,63.1,4.8,5.6,1,3.02,5.4,0,0,12.6,7,8,7,78,,2,0
106630,28,0,2.5,0,61.5,6.5,5.0,1,3.73,7.1,0,0,8.5,4,10,5,95,,3,0
106631,17,0,8.3,0,66.4,4.6,4.5,1,4.0,2.4,0,0,11.9,3,5,10,100,,3,0
106632,25,1,5.67,0,70.5,6.9,8.9,1,4.0,5.3,0,1,13.1,9,7,8,100,,2,0
106633,19,2,2.3,1,94.4,6.8,3.9,0,3.44,7.4,0,2,7.4,9,3,10,96,,3,0
106634,23,1,1.6,1,52.9,6.7,6.5,0,3.37,6.4,0,2,9.3,10,3,10,79,,0,1
106635,28,2,3.54,1,74.1,7.4,8.6,0,3.11,6.3,0,3,10.7,7,5,10,81,,3,1
106636,27,0,4.5,1,85.4,5.7,8.7,0,3.78,4.5,0,0,10.1,5,5,10,100,,1,1
106637,24,1,5.92,0,77.4,7.6,5.9,0,4.0,7.8,0,4,12.2,5,2,10,100,,1,0
106638,26,2,4.1,0,57.3,7.8,5.6,1,3.21,8.5,0,3,10.2,7,7,8,80,,3,1
106639,22,2,7.3,1,78.4,7.1,5.9,0,4.0,9.7,0,5,10.6,9,6,9,100,,2,0
106640,24,0,5.0,0,46.0,5.3,6.1,0,4.0,4.3,0,2,10.5,1,2,10,100,,2,0
106641,22,1,6.7,1,43.4,9.5,8.0,0,4.0,6.6,0,1,12.7,4,10,5,96,,1,1
106642,16,1,4.5,0,90.6,6.4,6.6,0,3.99,5.2,0,4,9.5,7,9,6,100,,1,1
106643,19,1,2.9,1,65.6,7.8,6.8,0,2.96,3.3,0,1,10.8,3,3,10,76,,1,1
106644,21,1,4.35,0,49.6,7.4,4.3,0,4.0,7.3,0,2,13.3,7,7,8,100,,1,0
106645,25,1,3.27,0,81.8,6.5,5.6,1,2.74,5.4,0,3,10.4,8,5,10,72,,2,1
106646,22,2,5.7,0,57.4,5.5,7.2,1,3.1,8.1,0,1,9.6,1,5,10,83,,2,0
106647,16,0,5.2,0,95.7,9.1,7.0,0,3.64,5.5,0,3,11.6,3,9,6,91,,2,0
106648,18,0,6.0,0,63.5,4.0,9.9,0,4.0,3.0,0,5,8.9,5,3,10,100,,1,1
106649,18,2,7.2,0,73.8,8.1,2.8,1,4.0,2.6,0,4,12.3,3,9,6,100,,3,1
106650,18,1,7.14,1,78.7,5.6,7.0,0,3.54,7.0,0,2,13.6,9,9,6,90,,1,0
106651,24,0,5.9,0,89.9,4.0,4.8,1,4.0,2.6,0,1,13.1,10,9,6,100,,1,1
106652,21,1,5.1,0,97.2,5.3,6.9,0,3.55,5.1,0,5,12.6,1,3,10,86,,3,1
106653,20,2,0.8,0,52.1,6.1,7.0,0,4.0,4.3,0,3,6.2,8,4,10,100,,2,1
106654,22,2,2.1,0,42.3,7.7,7.8,0,3.04,4.3,0,0,5.9,9,6,9,75,,3,1
106655,27,2,7.11,1,60.4,7.8,7.3,0,4.0,3.2,0,5,12.0,10,9,6,98,,1,0
106656,23,0,2.6,0,40.9,6.3,7.9,1,4.0,8.6,0,5,7.4,5,7,8,94,,2,1
106657,23,0,3.8,0,66.4,7.9,6.0,0,3.78,2.9,0,2,8.5,1,4,10,95,,1,0
106658,17,1,3.7,0,49.9,7.7,6.1,1,3.98,8.2,0,2,7.8,5,4,10,100,,3,1
106659,23,0,3.1,0,57.2,8.4,8.4,0,3.31,7.8,0,0,8.4,8,7,8,88,,1,1
106660,24,1,6.8,0,48.9,7.6,7.4,0,3.69,5.6,0,3,11.6,3,1,10,94,,0,1
106661,25,0,8.1,1,92.4,7.4,7.1,1,4.0,2.1,0,0,15.8,6,7,8,100,,0,1
106662,22,1,5.2,1,94.7,4.0,8.4,0,2.42,6.9,0,3,11.1,3,5,10,62,,2,0
106663,24,0,4.8,0,45.4,6.5,5.0,0,4.0,8.4,0,4,10.9,2,8,7,96,,1,1
106664,17,0,3.5,0,41.2,8.8,9.6,0,4.0,5.4,0,0,11.2,7,5,10,100,,3,0
106665,20,0,7.9,1,50.8,6.3,5.9,0,4.0,6.2,0,0,14.1,7,7,8,100,,3,0
106666,19,1,1.8,0,95.1,7.0,7.8,0,3.73,6.4,0,2,6.2,9,4,10,90,,3,0
106667,17,0,3.49,0,80.2,9.4,8.0,1,2.78,7.1,0,3,10.6,2,1,10,64,,3,1
106668,24,1,3.8,0,87.8,7.7,4.0,0,4.0,3.1,0,5,7.7,7,8,7,100,,3,0
106669,27,0,4.7,1,92.6,6.8,9.8,0,4.0,4.0,0,4,7.4,9,5,10,98,,3,0
106670,25,0,4.23,0,45.3,6.9,6.6,1,3.91,4.4,0,0,9.8,3,5,10,100,,3,0
106671,20,1,6.37,1,65.4,6.0,4.5,1,3.86,8.4,0,4,15.4,2,4,10,100,,3,0
106672,16,2,3.5,0,62.4,5.0,5.3,0,2.97,5.6,0,0,6.8,5,2,10,75,,1,1
106673,16,2,5.5,1,86.3,6.5,9.2,0,2.97,5.6,0,0,11.6,6,1,10,72,,1,0
106674,26,1,7.4,1,84.4,5.6,7.1,0,4.0,2.8,0,0,12.7,9,10,5,97,,2,0
106675,25,1,3.2,0,90.9,5.8,5.4,0,3.73,6.3,0,0,6.8,4,4,10,90,,1,0
106676,18,0,3.8,1,91.2,7.5,8.0,1,2.64,8.1,0,5,7.3,10,6,9,71,,1,1
106677,27,1,4.79,1,75.1,6.4,5.3,1,4.0,5.2,0,2,9.4,7,6,9,90,,2,0
106678,25,0,1.1,0,90.4,8.2,9.9,1,3.97,4.2,0,4,7.0,3,1,10,96,,2,1
106679,21,0,5.3,0,57.4,5.7,6.8,0,3.48,7.7,0,2,10.5,3,8,7,88,,2,1
106680,27,1,4.98,0,99.2,7.5,7.4,1,3.41,6.4,0,2,7.6,3,7,8,79,,3,0
106681,25,2,7.4,0,57.4,7.3,7.2,0,4.0,4.9,0,4,17.2,4,9,6,97,,2,0
106682,22,1,2.1,1,49.0,7.4,6.7,0,3.07,8.2,1,4,10.4,9,2,10,79,,2,0
106683,28,0,2.3,1,67.0,8.4,3.7,0,3.69,5.2,0,0,6.7,6,6,9,91,,1,0
106684,21,0,4.9,1,78.5,6.2,6.5,0,4.0,7.2,0,5,6.2,3,6,9,99,,1,0
106685,16,2,6.03,1,87.5,5.8,9.8,0,4.0,5.3,0,4,11.1,10,5,10,100,,1,1
106686,26,2,1.4,1,84.3,6.3,6.7,0,4.0,2.9,0,3,7.1,3,3,10,95,,0,1
106687,22,1,1.4,1,50.8,4.0,5.1,1,3.41,4.2,0,2,5.8,7,7,8,81,,1,1
106688,20,1,4.2,1,99.0,6.7,5.2,1,4.0,8.3,0,5,10.2,6,9,6,98,,3,1
106689,19,2,5.12,0,42.6,5.6,3.5,1,4.0,3.5,0,0,12.3,8,6,9,100,,2,0
106690,19,1,5.0,0,74.6,6.3,4.7,1,2.9,6.4,0,3,9.3,3,9,6,69,,2,1
106691,27,0,4.6,1,98.7,6.7,10.0,1,4.0,2.0,0,0,12.5,3,4,10,100,,3,0
106692,26,2,1.3,0,47.6,4.7,10.0,0,3.58,3.2,0,3,6.3,9,6,9,93,,1,0
106693,28,2,3.8,0,48.6,7.5,7.9,0,3.21,7.0,0,0,9.1,9,2,10,78,,2,0
106694,16,1,0.0,1,78.6,9.1,7.1,1,2.96,6.5,0,0,5.8,10,4,10,70,,0,0
106695,16,1,4.0,0,77.1,7.7,8.2,0,4.0,6.1,0,0,11.3,1,9,6,100,,3,1
106696,27,1,3.0,0,65.6,8.2,4.2,1,3.92,8.1,0,4,11.8,5,8,7,98,,2,1
106697,21,0,1.29,1,94.4,6.3,8.7,0,3.65,6.1,0,5,5.9,7,1,10,91,,1,1
106698,21,0,3.8,1,97.9,5.9,4.9,1,4.0,3.7,0,1,9.8,9,8,7,100,,1,1
106699,23,1,2.7,1,42.2,5.5,5.8,0,3.54,5.5,0,3,10.3,1,7,8,83,,3,1
106700,23,0,3.9,0,54.1,8.5,10.0,1,3.4,1.9,0,4,4.4,10,1,10,75,,1,0
106701,21,1,6.3,1,56.0,6.1,7.5,0,3.18,4.3,0,3,11.1,8,3,10,83,,3,1
106702,22,1,0.9,1,49.7,7.9,9.8,1,3.09,6.3,0,2,5.5,4,8,7,69,,1,1
106703,16,1,5.9,1,84.2,6.9,6.9,0,3.68,2.1,0,2,11.4,9,7,8,85,,1,0
106704,23,2,5.7,1,69.8,6.1,2.8,1,2.97,2.9,0,0,10.3,6,1,10,77,,1,0
106705,18,1,8.7,0,76.4,8.7,4.8,1,3.94,1.8,0,3,16.2,5,6,9,100,,2,1
106706,21,1,2.8,0,63.9,4.3,8.7,1,4.0,5.2,0,3,7.9,9,10,5,100,,2,1
106707,16,0,5.1,0,65.6,6.4,6.7,1,3.67,8.2,0,1,7.5,7,9,6,92,,2,1
106708,23,0,6.4,1,99.8,4.2,5.8,1,3.8,1.0,0,3,12.3,9,10,5,91,,2,1
106709,24,2,5.12,1,66.5,4.7,4.9,1,3.86,7.0,0,3,9.0,6,5,10,98,,2,0
106710,26,1,2.9,1,55.6,7.7,5.7,0,3.8,5.5,0,3,7.9,2,4,10,95,,1,0
106711,18,0,4.1,0,64.1,6.3,2.8,1,4.0,9.9,0,4,12.0,3,4,10,100,,1,0
106712,28,2,4.1,0,95.2,5.8,3.9,1,2.51,7.9,0,2,11.0,8,6,9,65,,2,1
106713,21,0,2.7,1,72.8,6.9,6.8,1,4.0,5.4,0,5,6.1,2,6,9,100,,2,0
106714,26,0,9.1,1,85.6,8.4,5.4,0,4.0,6.2,0,5,16.9,3,8,7,100,,1,1
106715,20,1,7.5,0,91.7,6.9,7.9,1,3.21,4.3,0,4,11.6,6,1,10,84,,2,0
106716,20,0,3.4,1,46.0,4.1,8.8,1,4.0,5.1,0,2,10.7,8,6,9,95,,2,1
106717,21,0,5.5,0,58.4,9.6,7.0,1,4.0,3.4,0,3,10.1,6,9,6,100,,1,1
106718,23,0,3.9,0,47.5,8.4,7.0,1,3.69,3.6,0,3,7.3,6,7,8,91,,2,1
106719,20,1,1.2,1,65.5,9.7,7.8,0,4.0,5.8,0,3,6.6,8,7,8,100,,3,1
106720,17,1,5.2,0,96.2,6.3,7.1,0,2.89,2.7,0,0,11.7,8,1,10,82,,0,0
106721,23,1,4.1,1,85.9,5.1,6.6,0,3.9,1.8,0,0,9.2,2,7,8,93,,3,0
106722,21,2,1.3,0,54.9,6.7,8.5,0,2.0,8.4,1,2,4.3,10,2,10,38,,2,0
106723,16,0,1.0,1,62.4,8.7,6.7,0,3.13,3.7,0,0,7.3,9,1,10,92,,2,0
106724,21,1,2.5,1,76.6,7.5,9.9,0,3.62,7.8,0,4,7.2,3,6,9,79,,2,1
106725,16,0,4.0,1,90.6,6.3,4.9,0,3.69,4.2,0,1,10.6,8,4,10,98,,2,1
106726,18,1,6.97,0,72.2,6.6,8.4,1,3.15,4.0,0,1,13.7,3,3,10,78,,1,1
106727,27,0,4.3,1,60.5,5.8,4.7,0,3.08,3.8,0,1,7.4,3,6,9,75,,3,0
106728,17,0,2.7,1,92.6,6.4,7.3,1,3.52,1.4,0,3,7.6,7,6,9,89,,2,1
106729,22,2,6.6,1,80.8,5.0,4.4,1,3.56,7.1,0,3,11.2,6,9,6,94,,2,1
106730,17,2,4.38,1,92.5,9.0,8.9,1,4.0,3.0,0,0,11.9,10,9,6,97,,2,1
106731,28,1,5.14,1,97.4,6.8,6.5,0,3.04,5.8,0,4,9.5,6,6,9,71,,2,1
106732,21,2,4.9,0,92.1,8.4,7.6,1,4.0,8.5,0,4,13.4,9,7,8,100,,3,0
106733,21,2,4.8,1,52.2,7.1,2.3,0,3.7,8.1,1,2,10.6,10,2,10,100,,0,1
106734,22,1,4.1,0,99.3,8.6,6.9,0,4.0,3.3,0,2,9.5,2,8,7,100,,3,1
106735,28,0,2.8,0,68.1,4.5,6.4,0,3.01,4.1,0,2,6.8,6,1,10,80,,0,1
106736,20,2,0.6,0,95.0,8.7,10.0,0,4.0,7.6,0,2,5.1,4,7,8,100,,2,1
106737,20,1,4.2,0,71.6,6.2,6.9,0,2.91,5.6,0,4,10.2,10,2,10,67,,1,1
106738,21,2,3.4,1,89.6,6.3,7.2,1,4.0,4.4,0,5,7.8,7,4,10,97,,2,1
106739,19,0,0.4,0,56.1,9.0,8.5,1,3.41,4.5,0,5,4.3,5,5,10,90,,0,0
106740,23,0,5.05,1,47.8,6.4,7.7,1,3.75,5.9,0,4,15.0,4,10,5,90,,2,0
106741,24,2,6.74,0,76.3,9.2,9.3,0,4.0,5.3,0,0,10.9,6,3,10,97,,3,0
106742,25,0,5.6,1,64.7,6.1,8.3,0,3.78,4.4,0,4,12.2,5,7,8,94,,2,1
106743,17,0,2.4,1,46.5,6.1,9.8,1,2.59,3.8,0,0,8.1,6,6,9,64,,0,1
106744,20,0,8.3,1,78.0,4.0,10.0,0,4.0,6.7,0,3,13.7,7,5,10,96,,0,1
106745,25,2,4.3,1,84.8,6.8,8.3,1,3.51,4.1,0,4,9.2,9,3,10,88,,2,0
106746,28,2,2.62,0,43.9,7.3,6.9,1,3.04,3.0,0,5,6.8,5,6,9,75,,0,1
106747,24,1,5.4,0,75.6,7.1,4.6,0,4.0,7.6,0,0,9.9,2,2,10,100,,0,1
106748,26,1,4.4,0,44.1,7.9,1.6,1,3.44,3.5,0,0,9.8,5,3,10,80,,2,1
106749,18,0,0.0,0,64.4,4.4,4.2,1,3.21,3.5,0,0,5.3,9,10,5,78,,1,1
106750,20,0,2.9,0,94.7,5.8,7.0,0,4.0,2.2,0,0,6.4,6,5,10,100,,1,0
106751,20,0,3.9,0,52.6,5.9,5.6,0,3.58,3.8,0,1,10.7,8,3,10,94,,2,0
106752,17,0,5.5,0,47.9,4.0,7.5,1,3.24,3.9,0,0,9.2,9,2,10,74,,1,0
106753,26,0,5.1,0,54.6,6.7,9.5,1,3.29,6.5,0,2,8.4,3,1,10,75,,1,1
106754,25,0,3.0,0,40.9,7.2,4.8,1,4.0,5.9,0,1,10.4,6,5,10,100,,2,1
106755,27,2,3.1,0,89.0,7.8,5.9,1,4.0,2.2,0,1,10.9,5,7,8,90,,1,1
106756,25,2,4.2,0,66.1,7.9,8.3,0,4.0,1.8,0,0,11.9,5,10,5,100,,0,0
106757,26,0,6.4,0,85.7,6.4,10.0,0,3.92,9.4,0,0,10.4,8,4,10,94,,2,1
106758,16,0,1.5,0,46.9,5.8,9.1,0,4.0,5.3,0,2,7.0,9,7,8,100,,2,0
106759,16,2,4.1,1,69.3,7.9,9.6,1,4.0,7.1,0,1,11.1,2,7,8,99,,1,1
106760,27,1,4.6,0,98.0,10.6,5.6,1,4.0,5.0,0,0,13.6,4,8,7,97,,2,1
106761,24,0,5.2,0,73.7,6.3,6.9,0,3.27,4.9,0,5,12.8,8,1,10,79,,3,0
106762,21,0,4.41,1,40.0,6.4,5.3,0,3.13,6.5,0,3,9.8,1,9,6,79,,3,0
106763,23,0,5.0,0,99.4,9.4,7.3,0,2.9,5.5,0,5,13.0,9,8,7,67,,2,1
106764,24,1,3.86,0,94.5,6.1,7.5,0,3.27,4.5,0,4,8.8,4,4,10,82,,0,1
106765,18,1,3.1,1,59.5,6.3,8.2,1,3.78,6.8,0,5,10.8,6,9,6,91,,2,0
106766,23,2,2.1,1,93.3,7.9,8.6,0,3.42,2.2,0,1,6.9,3,9,6,90,,0,0
106767,19,1,0.3,1,87.6,8.1,3.1,1,3.55,4.9,0,0,6.6,6,1,10,84,,2,1
106768,21,0,2.6,1,47.2,6.9,6.7,0,2.93,3.7,0,1,8.7,7,1,10,70,,3,1
106769,16,0,4.4,0,69.7,6.1,3.8,0,3.16,8.2,1,1,11.6,8,2,10,75,,2,1
106770,20,0,2.2,1,71.0,7.8,8.1,1,3.63,5.2,0,4,7.7,4,9,6,92,,2,0
106771,23,1,0.8,1,63.9,5.3,7.5,0,4.0,3.6,0,2,6.0,2,5,10,97,,1,0
106772,23,0,4.3,1,93.4,5.8,5.0,1,4.0,5.4,0,1,9.9,9,8,7,100,,0,0
106773,23,2,1.2,1,89.8,6.9,6.5,0,4.0,6.9,0,0,8.4,1,5,10,99,,3,1
106774,18,2,2.3,1,80.2,7.6,5.5,0,4.0,4.4,0,5,9.5,6,3,10,100,,1,0
106775,27,2,5.59,0,61.6,6.4,7.5,1,3.75,5.6,0,0,11.3,1,7,8,94,,1,1
106776,27,2,6.7,0,54.6,4.3,9.3,1,4.0,4.8,0,3,12.2,4,7,8,100,,2,1
106777,24,0,4.9,0,54.5,8.6,5.6,0,3.61,3.3,0,5,11.6,8,4,10,81,,2,1
106778,17,2,6.3,1,65.0,6.2,6.5,0,3.93,5.8,0,5,14.6,1,3,10,97,,1,1
106779,21,1,4.06,0,78.6,5.5,8.8,1,3.84,6.3,0,0,4.9,5,8,7,88,,2,1
106780,21,0,7.4,1,59.1,7.9,2.6,0,4.0,7.0,0,1,10.8,6,8,7,93,,1,1
106781,16,0,2.7,0,59.0,7.3,5.6,1,3.83,1.9,0,2,7.5,2,3,10,98,,2,1
106782,26,1,6.9,0,52.2,9.9,7.2,0,4.0,5.5,0,1,9.9,6,4,10,100,,1,1
106783,20,0,5.7,1,62.1,6.8,4.7,0,4.0,5.0,0,3,9.6,1,1,10,100,,2,0
106784,19,0,5.12,1,43.3,8.8,9.1,0,3.52,2.7,0,5,10.3,3,3,10,92,,0,1
106785,20,1,4.8,0,81.4,7.2,8.1,1,4.0,5.4,0,4,8.1,8,7,8,93,,3,0
106786,23,0,7.8,1,91.0,7.7,6.8,0,4.0,8.7,0,4,14.7,10,10,5,100,,2,0
106787,28,1,3.7,0,97.1,6.1,9.8,0,2.92,3.3,0,5,8.3,8,2,10,74,,3,1
106788,16,1,4.5,0,64.5,6.6,4.7,0,4.0,4.4,0,5,10.6,7,10,5,100,,2,1
106789,19,1,6.98,1,82.4,6.2,7.2,1,4.0,6.4,0,4,14.6,1,8,7,100,,1,1
106790,22,1,2.3,1,66.5,5.2,7.0,1,2.82,6.3,0,5,9.2,10,3,10,77,,2,1
106791,20,2,5.4,0,91.6,9.5,9.9,1,3.64,6.9,0,4,9.8,10,10,5,89,,2,0
106792,19,0,3.4,1,67.5,7.9,10.0,0,3.98,4.5,0,0,10.3,10,10,5,100,,1,0
106793,28,0,2.3,1,82.5,7.0,6.9,0,3.62,3.1,0,3,5.3,3,3,10,86,,2,1
106794,22,2,2.7,0,87.1,5.1,3.8,1,4.0,3.2,0,5,11.9,5,9,6,98,,1,1
106795,28,0,3.6,0,44.2,6.9,5.6,1,3.5,5.6,0,3,12.5,6,8,7,96,,2,1
106796,22,2,2.1,0,80.4,9.6,2.4,0,3.08,7.5,0,1,5.4,4,1,10,73,,3,0
106797,26,1,3.7,0,50.6,5.0,3.1,0,3.24,7.6,0,1,6.4,8,7,8,91,,1,1
106798,26,0,0.1,1,62.2,7.4,5.2,1,2.97,4.0,0,3,1.4,1,4,10,80,,2,1
106799,26,0,5.8,1,95.1,8.5,10.0,0,2.89,5.5,0,5,11.6,8,5,10,81,,0,0
106800,25,0,6.1,1,70.5,7.6,9.1,0,4.0,5.6,0,2,11.1,10,5,10,100,,1,1
106801,22,1,6.1,1,88.0,5.8,6.4,0,3.12,7.0,0,4,7.3,7,5,10,90,,2,1
106802,17,2,6.5,0,66.2,7.2,9.4,0,3.85,5.0,0,0,10.3,2,7,8,97,,1,0
106803,17,2,2.1,1,82.5,7.5,3.8,1,3.58,4.5,0,0,7.1,2,4,10,92,,2,1
106804,28,2,2.2,0,83.3,5.3,9.7,1,3.33,5.3,0,0,9.0,2,8,7,82,,2,1
106805,20,0,4.8,0,70.5,7.7,7.5,0,3.11,3.1,0,5,12.2,4,1,10,84,,0,0
106806,25,2,5.1,0,45.2,7.9,7.5,1,3.06,3.8,0,5,8.6,3,1,10,78,,1,1
106807,16,0,7.6,0,73.8,6.9,5.6,1,4.0,10.0,1,0,10.6,2,3,10,100,,0,0
106808,23,0,2.3,0,87.7,5.5,8.4,1,2.57,5.4,0,0,10.4,9,3,10,71,,3,1
106809,24,1,7.9,1,51.7,4.0,8.5,1,4.0,4.3,0,3,15.0,9,7,8,100,,2,1
106810,20,0,7.4,1,60.5,5.8,7.5,1,4.0,1.8,0,4,13.8,3,8,7,99,,3,1
106811,25,1,5.6,1,77.6,6.8,4.4,0,4.0,1.6,0,2,8.2,9,4,10,100,,2,1
106812,18,1,5.4,0,71.6,4.4,8.8,0,3.44,6.3,0,2,8.9,9,1,10,90,,1,0
106813,24,1,7.6,0,89.5,7.1,9.6,1,3.74,2.9,0,2,12.2,8,2,10,89,,2,1
106814,26,1,7.7,1,76.5,6.4,5.7,1,4.0,7.1,0,5,16.7,5,10,5,95,,2,1
106815,21,2,6.26,1,49.9,5.5,9.1,0,2.67,4.2,0,5,12.8,6,4,10,67,,2,0
106816,20,0,1.5,1,99.9,6.6,7.2,0,2.62,6.0,0,5,7.3,4,3,10,67,,1,1
106817,28,2,5.0,0,88.6,8.5,6.7,0,4.0,7.5,0,2,11.0,6,8,7,97,,2,1
106818,26,1,3.86,1,43.0,6.7,5.5,0,3.42,6.0,0,2,5.9,4,1,10,89,,2,0
106819,21,1,4.6,1,96.9,6.5,4.9,1,4.0,4.5,0,5,8.9,9,3,10,96,,1,1
106820,28,0,5.21,1,46.4,7.3,6.2,0,4.0,6.3,0,5,9.1,9,1,10,95,,3,0
106821,19,2,6.0,0,49.8,7.3,5.5,0,3.41,2.8,0,0,10.1,4,5,10,85,,2,1
106822,18,1,3.9,0,88.9,9.6,5.2,1,4.0,7.4,0,5,10.7,9,1,10,97,,2,0
106823,24,2,4.0,0,87.3,6.6,6.7,1,4.0,4.9,0,1,9.6,1,4,10,100,,2,1
106824,19,2,8.71,0,92.5,7.7,4.3,1,3.41,6.6,0,1,12.1,5,3,10,85,,1,1
106825,19,0,5.3,1,79.2,10.9,4.9,0,4.0,6.5,0,5,11.2,10,2,10,100,,3,1
106826,24,1,5.1,0,76.2,5.7,6.6,1,3.33,5.5,0,0,10.2,6,4,10,72,,1,0
106827,19,1,7.4,1,88.0,7.0,7.4,1,3.04,3.6,0,1,14.6,1,2,10,73,,1,0
106828,20,0,0.0,0,61.9,6.6,4.4,0,3.73,4.1,0,5,4.9,7,7,8,90,,3,1
106829,22,2,3.4,0,97.3,8.0,8.9,1,3.89,3.7,0,3,10.2,7,5,10,94,,1,1
106830,17,1,2.7,0,87.7,7.8,7.6,1,3.11,4.6,0,5,6.8,2,8,7,79,,3,1
106831,23,2,5.78,0,90.4,7.1,7.1,0,3.98,8.2,1,1,9.9,2,3,10,98,,1,0
106832,17,1,4.37,0,53.4,7.9,9.3,0,3.54,3.5,0,4,11.3,5,2,10,87,,2,1
106833,26,1,1.5,1,99.4,5.5,4.5,0,2.88,3.6,0,3,10.0,10,7,8,73,,1,1
106834,23,0,5.1,1,93.5,7.3,6.3,1,3.82,5.6,0,3,11.3,9,6,9,96,,2,1
106835,16,1,6.2,0,54.5,5.3,4.9,0,4.0,8.8,0,1,11.8,7,9,6,92,,1,1
106836,16,1,2.0,0,98.0,5.5,5.6,1,2.82,4.7,0,2,9.4,4,2,10,71,,3,1
106837,27,2,1.4,1,89.5,5.3,4.0,0,2.73,6.4,0,5,7.4,5,7,8,67,,1,0
106838,25,0,5.0,1,44.7,7.5,9.1,0,3.66,2.5,0,3,7.6,3,8,7,89,,2,1
106839,21,1,3.3,1,92.2,6.3,5.1,0,3.04,3.0,0,4,4.7,7,1,10,69,,0,1
106840,28,0,5.8,1,72.5,8.4,3.4,1,3.79,8.6,0,1,11.0,9,9,6,93,,3,1
106841,26,1,2.1,1,95.7,5.0,7.6,0,2.81,4.2,0,0,6.1,10,7,8,70,,3,0
106842,28,2,4.3,0,74.1,6.7,8.6,0,4.0,5.8,0,0,10.3,2,9,6,91,,2,1
106843,24,1,0.0,1,75.9,9.0,6.1,1,3.74,2.6,0,5,5.2,4,2,10,99,,3,1
106844,16,0,4.2,0,47.0,8.1,8.7,0,3.47,5.5,0,3,5.8,3,10,5,87,,3,0
106845,21,2,5.9,1,40.4,6.6,9.1,1,3.8,4.4,0,0,12.0,3,4,10,98,,2,1
106846,18,0,5.8,1,52.8,6.8,8.0,0,3.93,4.4,0,4,10.5,1,8,7,88,,1,0
106847,25,1,8.1,1,50.9,7.4,9.6,1,4.0,4.6,0,4,9.2,3,10,5,100,,2,1
106848,22,2,6.3,1,48.7,7.1,7.3,1,4.0,3.4,0,1,11.1,4,6,9,100,,1,1
106849,27,0,2.9,1,59.5,6.6,7.7,1,2.99,3.4,0,2,8.6,9,3,10,65,,2,1
106850,28,2,3.5,1,77.0,11.4,8.6,0,3.54,5.8,0,4,11.1,5,6,9,96,,3,1
106851,20,1,4.75,0,95.8,6.2,7.2,1,4.0,2.7,0,2,7.9,9,10,5,93,,1,0
106852,17,1,4.22,0,72.6,5.6,7.7,0,3.17,5.5,0,5,10.5,1,8,7,84,,3,1
106853,20,1,7.9,0,43.9,6.6,6.2,1,3.54,5.1,0,5,14.2,2,7,8,89,,3,1
106854,26,2,3.1,1,81.7,4.0,4.3,0,3.45,7.9,0,4,7.4,1,7,8,81,,3,1
106855,18,1,6.9,0,62.9,7.0,7.2,0,4.0,1.0,0,3,10.4,1,2,10,100,,2,1
106856,19,2,2.8,0,81.1,4.5,7.8,1,3.44,9.7,0,4,9.6,10,10,5,83,,2,1
106857,27,0,4.9,1,52.5,8.8,5.1,1,3.77,4.9,0,2,7.8,6,3,10,99,,3,0
106858,21,2,2.6,0,55.5,6.2,5.3,1,4.0,1.8,0,5,5.8,1,4,10,100,,0,0
106859,27,0,3.11,1,94.3,6.4,6.4,1,3.51,4.6,0,5,6.3,6,4,10,87,,2,1
106860,24,0,4.4,0,73.4,10.5,6.6,0,3.7,6.5,0,4,7.8,1,5,10,91,,2,1
106861,18,2,1.6,0,45.0,7.6,7.5,0,4.0,2.5,0,1,8.8,10,4,10,93,,1,1
106862,28,1,8.23,0,46.6,10.9,6.6,0,4.0,2.3,0,3,16.3,5,7,8,97,,2,1
106863,26,0,2.3,1,40.9,5.4,10.0,0,4.0,6.3,0,4,7.0,8,6,9,96,,1,1
106864,27,1,1.7,0,53.6,7.4,5.0,1,3.87,6.8,0,1,7.8,7,4,10,99,,3,1
106865,26,0,5.91,0,53.6,6.0,10.0,0,3.57,7.3,0,0,14.0,7,8,7,94,,2,1
106866,27,1,0.2,1,87.4,6.2,4.7,1,4.0,2.5,0,0,3.6,7,8,7,100,,2,1
106867,16,2,5.63,0,61.9,5.8,10.0,0,4.0,1.3,0,2,8.8,5,10,5,100,,2,1
106868,19,2,6.1,1,43.2,8.7,5.0,0,4.0,3.1,0,3,11.7,1,1,10,96,,1,1
106869,21,0,2.4,1,73.7,6.4,3.6,1,3.34,5.6,0,5,7.1,2,10,5,76,,2,0
106870,21,0,3.37,0,46.3,6.2,4.1,1,4.0,9.1,0,1,8.1,2,7,8,95,,2,1
106871,22,1,3.69,0,51.5,8.6,5.0,0,3.1,7.3,0,5,8.7,4,7,8,86,,0,1
106872,27,2,5.2,0,54.7,8.4,6.2,0,3.67,2.1,0,5,9.1,2,9,6,89,,1,1
106873,27,2,4.4,0,68.1,6.9,5.9,1,4.0,6.0,0,3,10.9,7,4,10,99,,3,0
106874,20,1,2.8,0,45.2,9.5,6.5,0,3.88,7.9,0,2,9.3,7,2,10,100,,2,1
106875,18,1,3.2,1,69.2,6.9,7.5,0,4.0,6.5,0,1,7.1,5,9,6,98,,2,1
106876,28,1,1.1,1,79.1,9.8,9.2,0,2.59,2.9,0,4,6.7,9,5,10,65,,1,1
106877,23,0,4.86,0,92.4,4.4,8.7,0,4.0,2.0,0,5,11.1,5,7,8,100,,2,1
106878,18,1,4.9,1,58.3,6.0,8.2,1,3.27,10.0,0,4,6.2,5,9,6,80,,2,0
106879,28,0,4.8,0,45.2,6.9,6.9,1,3.75,3.7,0,4,6.1,6,10,5,92,,2,1
106880,17,0,4.5,1,59.5,5.6,8.2,0,4.0,8.3,0,3,11.8,8,10,5,100,,1,0
106881,25,2,5.7,0,45.3,7.0,7.1,1,3.41,5.4,0,1,10.2,1,7,8,75,,0,1
106882,27,2,0.0,1,44.2,8.8,8.8,0,3.62,2.3,0,4,1.6,3,1,10,88,,2,1
106883,19,1,3.1,1,49.6,7.3,8.2,1,3.69,7.0,0,2,10.4,3,10,5,91,,2,0
106884,21,2,6.8,1,43.0,8.9,8.5,1,4.0,5.6,0,4,10.6,6,2,10,100,,1,0
106885,26,1,5.4,1,67.6,5.3,7.0,0,3.81,8.8,1,2,10.6,3,3,10,100,,2,0
106886,16,0,6.4,0,52.5,6.4,4.7,1,3.62,7.8,0,3,14.8,4,10,5,97,,2,1
106887,17,1,2.2,1,49.9,7.7,6.1,1,3.16,7.1,0,3,8.1,10,9,6,86,,1,0
106888,25,2,3.98,0,83.0,9.9,6.5,0,2.52,3.2,0,3,7.1,3,1,10,61,,1,0
106889,20,0,4.38,1,40.9,8.3,5.1,1,3.01,5.0,0,2,13.3,5,8,7,77,,2,1
106890,17,0,4.3,0,50.1,6.7,4.0,1,4.0,5.7,0,4,6.6,8,10,5,100,,2,1
106891,18,2,1.8,0,91.0,7.5,8.3,1,3.49,2.0,0,0,7.6,3,4,10,98,,2,1
106892,28,0,2.93,1,91.2,8.5,8.4,0,4.0,4.6,0,3,11.8,3,3,10,100,,2,1
106893,20,1,4.2,1,86.9,6.0,9.5,1,4.0,7.0,0,0,7.6,9,3,10,100,,2,1
106894,18,2,6.9,1,91.9,7.6,5.5,0,3.74,3.7,0,0,11.8,1,4,10,100,,3,0
106895,19,0,3.8,0,47.8,11.9,6.9,0,3.96,6.4,0,1,11.1,5,1,10,93,,3,1
106896,17,2,7.1,0,50.0,8.0,9.2,0,4.0,5.5,0,1,13.4,7,6,9,100,,2,1
106897,28,0,4.5,1,64.0,4.1,6.8,0,2.57,7.1,0,4,10.8,9,2,10,67,,2,1
106898,25,2,1.2,0,95.5,7.9,7.8,0,3.48,5.4,0,3,6.3,6,7,8,97,,3,0
106899,16,1,6.0,0,81.4,6.7,8.7,1,3.15,6.6,0,4,9.7,6,2,10,68,,0,0
106900,24,2,3.2,1,76.6,7.6,7.1,1,4.0,5.8,0,4,8.1,1,2,10,99,,1,1
106901,28,1,7.0,1,53.2,8.4,7.8,0,3.44,4.2,0,3,11.9,2,1,10,79,,3,0
106902,24,0,3.8,1,80.6,6.6,9.3,1,3.18,6.7,0,5,12.2,3,7,8,70,,3,1
106903,24,0,5.62,0,75.3,5.5,7.2,1,3.06,5.5,0,5,15.4,4,9,6,81,,3,1
106904,17,0,3.5,1,49.2,8.1,4.1,1,4.0,2.3,0,0,5.4,6,3,10,100,,3,0
106905,17,1,5.9,0,60.3,7.4,10.0,1,3.48,4.7,0,5,15.1,3,2,10,84,,2,0
106906,22,1,4.32,0,54.5,8.0,5.5,1,3.26,5.7,0,0,9.5,8,3,10,77,,3,0
106907,17,1,6.5,1,44.3,6.4,8.0,0,4.0,3.7,0,3,13.3,4,4,10,100,,1,0
106908,16,0,2.0,0,89.8,6.8,4.1,1,4.0,5.3,0,0,10.8,6,8,7,100,,3,1
106909,17,1,5.08,1,56.8,9.4,8.6,0,3.58,3.3,0,1,12.3,4,10,5,94,,2,1
106910,20,0,4.02,1,98.3,9.8,6.3,1,4.0,6.2,0,1,11.5,10,3,10,100,,1,0
106911,20,1,5.1,0,79.3,6.5,8.0,1,3.64,7.0,0,2,10.3,9,2,10,91,,2,1
106912,27,0,3.5,0,56.2,7.5,6.0,0,4.0,4.5,0,0,6.9,8,10,5,98,,1,0
106913,23,0,7.2,0,50.5,6.1,9.0,0,2.94,5.6,0,5,14.6,7,4,10,69,,1,1
106914,22,0,5.1,1,91.5,10.0,7.4,0,4.0,3.1,0,3,10.5,5,1,10,100,,1,1
106915,22,1,4.8,0,58.6,6.3,9.5,0,2.86,4.1,0,3,12.2,3,5,10,71,,0,0
106916,28,2,4.8,0,99.4,6.8,8.9,0,3.42,6.4,0,1,9.3,6,1,10,83,,2,1
106917,24,0,3.8,1,47.0,5.3,6.5,1,4.0,7.1,0,4,7.1,8,4,10,100,,2,1
106918,19,0,2.13,0,72.8,6.3,8.6,1,2.99,5.5,0,2,10.2,1,9,6,71,,3,1
106919,16,0,1.4,0,67.7,6.3,4.0,0,4.0,4.7,0,5,5.5,9,10,5,98,,2,0
106920,23,2,8.21,0,48.3,6.0,5.4,1,3.03,2.8,0,5,16.1,3,1,10,73,,3,1
106921,20,1,3.64,0,47.9,8.7,5.3,1,4.0,5.9,0,0,7.0,4,10,5,100,,3,1
106922,25,0,3.1,0,47.9,6.3,6.4,1,4.0,3.0,0,4,4.9,5,5,10,92,,0,0
106923,25,1,4.2,0,82.5,9.7,7.6,1,3.33,5.8,0,5,9.0,1,3,10,78,,1,1
106924,24,2,4.9,1,47.9,7.4,6.3,1,3.5,5.7,0,1,10.4,5,10,5,87,,1,1
106925,25,0,2.1,0,49.7,9.1,5.7,0,4.0,4.7,0,3,8.9,3,7,8,100,,3,0
106926,21,0,1.2,0,80.4,9.5,7.3,1,3.82,5.2,0,3,4.6,5,10,5,96,,3,0
106927,28,2,5.93,1,57.5,9.9,3.9,0,4.0,4.5,0,3,7.1,5,7,8,96,,1,1
106928,18,0,0.0,0,90.8,6.8,6.9,1,2.38,5.8,0,2,0.9,6,2,10,62,,1,0
106929,28,2,3.17,0,81.6,7.2,8.1,1,3.85,6.1,0,4,10.0,1,2,10,100,,3,1
106930,23,0,4.3,0,81.4,9.6,7.2,0,4.0,3.1,0,5,8.9,2,9,6,100,,2,1
106931,22,1,2.1,1,90.2,8.6,4.0,1,2.45,6.9,0,0,7.6,8,2,10,62,,0,1
106932,26,1,4.0,1,61.7,7.9,8.8,1,4.0,4.7,0,0,7.5,2,7,8,100,,3,1
106933,17,1,5.8,0,74.2,7.4,3.6,0,4.0,5.2,0,1,12.2,6,1,10,93,,3,0
106934,19,1,3.7,0,96.3,7.2,6.3,0,4.0,3.5,0,3,8.8,7,6,9,100,,0,0
106935,19,2,1.8,1,82.5,7.5,7.3,0,3.41,4.9,0,5,6.5,10,3,10,91,,1,1
106936,20,1,7.5,0,72.7,7.2,5.2,0,2.39,7.6,0,3,13.6,10,3,10,61,,3,1
106937,17,0,2.8,0,65.4,7.7,6.9,1,4.0,2.5,0,1,6.9,9,8,7,97,,2,1
106938,17,1,3.7,0,62.7,7.3,5.4,0,3.93,3.0,0,4,10.2,4,5,10,99,,3,1
106939,25,0,5.6,0,90.3,4.0,10.0,1,4.0,4.0,0,4,9.7,9,9,6,93,,3,1
106940,27,1,4.6,0,71.2,7.0,6.8,0,3.48,4.8,0,3,9.1,5,8,7,89,,1,1
106941,24,1,1.45,1,57.0,8.2,6.7,0,4.0,6.3,0,1,3.7,6,9,6,100,,2,1
106942,27,1,2.3,0,66.7,8.0,6.2,1,2.82,7.2,0,3,7.2,10,4,10,74,,2,1
106943,28,0,6.1,0,92.8,7.3,4.6,1,4.0,4.1,0,0,12.6,2,5,10,100,,1,1
106944,28,2,2.6,1,50.2,9.0,3.7,1,3.33,5.5,0,1,9.4,8,3,10,76,,0,1
106945,20,1,4.0,1,93.7,9.1,10.0,1,3.84,2.6,0,1,9.3,3,4,10,89,,2,1
106946,25,2,7.16,1,50.6,7.0,6.4,1,4.0,7.0,0,4,12.4,9,5,10,95,,2,0
106947,16,1,3.9,0,43.9,6.9,9.5,1,2.32,6.8,0,4,12.2,1,1,10,67,,2,1
106948,18,2,5.6,1,81.0,7.3,1.6,1,3.27,7.6,0,1,11.3,7,5,10,67,,1,1
106949,21,2,7.09,0,78.6,9.5,6.9,0,4.0,1.4,0,2,13.5,10,6,9,99,,2,0
106950,19,2,5.61,0,77.4,4.7,9.0,0,2.8,6.8,0,5,10.0,7,3,10,67,,1,1
106951,20,2,4.38,1,47.9,7.8,7.7,0,2.88,9.8,0,0,6.4,10,7,8,72,,3,0
106952,22,2,3.06,0,49.7,6.4,9.1,0,3.35,6.9,0,4,7.7,1,4,10,89,,1,1
106953,22,2,4.0,0,73.9,6.2,8.3,1,4.0,1.8,0,1,13.1,1,8,7,96,,3,0
106954,16,0,3.8,0,79.1,6.3,3.4,1,4.0,1.0,0,0,10.3,3,3,10,96,,1,0
106955,22,1,5.1,0,92.6,7.1,2.2,1,4.0,3.4,0,2,12.0,5,10,5,99,,2,0
106956,28,2,1.7,0,95.2,6.1,4.8,1,3.78,6.6,0,1,10.7,4,6,9,92,,1,1
106957,23,2,2.41,0,48.4,8.7,10.0,1,2.5,6.2,0,1,9.3,2,2,10,59,,3,1
106958,19,2,3.57,0,41.1,4.0,8.9,0,3.42,9.7,1,1,9.0,3,1,10,87,,3,0
106959,28,2,6.3,1,70.0,7.8,5.4,1,3.45,7.3,0,2,11.7,4,2,10,87,,3,0
106960,28,1,4.4,1,81.0,4.3,7.7,1,4.0,4.8,0,0,7.6,10,10,5,94,,2,0
106961,24,1,3.7,1,54.1,4.0,4.7,0,3.96,8.7,0,2,8.3,2,5,10,98,,1,0
106962,22,0,4.7,1,94.8,7.1,5.5,0,4.0,9.2,0,0,9.6,5,4,10,100,,2,0
106963,19,1,3.2,1,41.9,7.5,10.0,1,3.92,4.2,0,2,11.2,5,7,8,95,,3,1
106964,20,1,5.7,1,93.6,6.3,6.0,0,3.16,4.8,0,4,6.8,7,9,6,77,,2,0
106965,28,0,5.46,1,75.1,6.4,9.3,0,4.0,3.6,0,4,13.7,9,4,10,100,,3,1
106966,23,2,3.33,1,72.0,7.8,10.0,0,4.0,3.4,0,5,12.2,1,5,10,93,,1,1
106967,26,2,6.04,0,75.5,6.4,8.5,1,4.0,6.2,0,5,11.6,2,2,10,99,,3,0
106968,25,0,6.0,0,91.4,8.2,7.9,0,4.0,4.6,0,3,11.4,6,9,6,93,,2,0
106969,24,0,7.4,1,69.6,6.7,8.2,0,4.0,5.6,0,4,15.0,4,8,7,86,,3,0
106970,28,1,3.7,1,79.2,6.3,3.5,0,4.0,3.9,0,5,11.5,5,4,10,100,,2,1
106971,20,2,2.5,0,63.3,11.2,6.5,0,4.0,1.0,0,4,5.0,10,7,8,97,,2,1
106972,21,1,6.3,1,95.3,6.2,4.3,0,3.74,10.0,0,0,10.2,1,9,6,89,,2,0
106973,23,0,7.1,0,80.1,6.3,9.5,0,4.0,5.3,0,1,12.4,4,10,5,98,,3,1
106974,16,1,6.5,1,99.4,5.9,4.0,0,3.4,6.3,0,3,13.3,6,4,10,79,,2,0
106975,19,0,1.9,1,45.9,4.0,6.9,0,2.75,8.5,1,3,8.3,8,1,10,67,,3,0
106976,17,1,4.47,1,89.8,6.8,8.0,0,4.0,4.2,0,5,9.7,1,1,10,92,,0,0
106977,23,2,8.52,1,68.8,6.4,6.0,1,3.21,5.5,0,0,18.2,4,3,10,89,,0,1
106978,28,2,5.4,0,65.5,8.6,7.3,1,3.31,7.5,0,2,9.3,5,10,5,82,,2,1
106979,27,2,5.6,0,71.2,6.4,4.8,1,4.0,7.0,0,0,10.3,5,10,5,100,,3,1
106980,19,2,2.9,0,84.1,5.5,3.8,0,4.0,4.2,0,3,11.0,4,6,9,100,,1,1
106981,28,2,3.9,1,88.6,5.7,6.7,1,4.0,3.2,0,2,9.5,10,10,5,97,,2,0
106982,25,0,5.37,1,78.6,7.8,7.6,0,2.96,7.9,0,3,8.5,6,5,10,74,,2,1
106983,20,0,6.5,1,80.3,8.0,2.1,1,3.07,5.1,0,5,11.5,5,2,10,69,,1,1
106984,20,1,2.2,1,72.1,5.6,10.0,1,4.0,6.7,0,0,6.8,10,5,10,100,,1,1
106985,25,0,4.8,0,43.3,5.7,7.7,1,2.77,7.1,0,3,9.7,4,10,5,63,,0,1
106986,25,0,0.0,1,41.4,5.6,6.6,0,3.7,4.2,0,4,7.0,1,3,10,96,,2,0
106987,21,1,0.7,1,59.0,4.8,5.4,1,3.12,7.3,0,1,4.9,3,6,9,75,,2,1
106988,24,0,2.9,1,68.4,8.0,6.9,0,3.41,5.6,0,3,9.1,7,3,10,85,,1,1
106989,20,1,2.0,1,80.7,8.2,6.0,0,4.0,2.8,0,4,6.9,3,1,10,100,,3,1
106990,25,1,5.8,0,79.1,11.0,8.3,0,3.85,4.3,0,0,10.8,1,4,10,100,,3,1
106991,18,0,5.3,1,52.6,8.7,6.2,0,4.0,7.4,0,4,12.8,6,3,10,100,,2,0
106992,19,1,1.8,0,46.5,8.4,9.9,0,3.11,4.0,0,0,6.3,10,8,7,86,,2,0
106993,25,2,2.22,1,78.9,4.0,7.4,1,3.36,5.0,0,4,8.1,9,1,10,85,,1,1
106994,20,0,4.0,1,71.0,7.6,4.3,1,3.03,4.6,0,2,8.1,3,2,10,77,,2,0
106995,25,1,6.15,1,68.4,8.7,7.6,0,4.0,4.8,0,3,8.5,1,5,10,97,,3,1
106996,22,2,5.71,0,67.9,6.9,7.5,0,4.0,6.0,0,2,8.5,9,6,9,100,,3,0
106997,17,2,3.9,1,52.3,7.1,5.5,0,4.0,8.8,1,0,12.8,10,2,10,94,,0,0
106998,28,0,2.7,0,88.2,6.2,6.0,0,4.0,7.5,0,5,7.4,9,9,6,100,,0,0
106999,24,2,2.1,0,57.9,7.6,6.9,0,2.76,4.0,0,2,5.6,9,5,10,64,,3,0
107000,27,2,3.9,0,86.6,7.4,7.9,0,2.69,7.5,0,4,13.4,4,2,10,67,,1,1
107001,21,2,4.4,0,47.6,7.1,7.0,0,3.38,6.2,0,2,10.5,6,1,10,83,,2,1
107002,20,1,0.0,0,63.2,7.8,9.7,1,3.56,3.6,0,1,5.1,2,4,10,89,,0,0
107003,26,1,2.2,1,70.9,7.8,8.0,0,4.0,2.4,0,5,4.0,7,6,9,95,,3,0
107004,25,2,2.8,1,62.5,8.3,5.4,0,4.0,4.5,0,1,5.2,9,3,10,100,,1,0
107005,17,0,5.52,0,98.6,6.1,6.8,0,3.98,2.0,0,3,12.4,10,8,7,94,,2,0
107006,28,0,5.07,1,90.4,6.2,8.2,1,4.0,6.6,0,5,11.3,2,7,8,94,,0,1
107007,28,2,3.3,1,65.6,8.5,10.0,0,4.0,3.8,0,1,12.2,9,7,8,99,,1,1
107008,24,2,5.5,0,76.6,5.9,8.0,1,4.0,6.5,0,5,11.4,2,7,8,100,,2,1
107009,22,1,7.3,1,93.0,6.3,5.9,0,3.7,7.5,0,2,13.8,9,9,6,94,,0,1
107010,17,1,3.6,0,88.3,7.0,9.5,0,3.96,3.2,0,0,12.4,6,10,5,91,,1,1
107011,21,0,4.5,1,96.6,5.7,8.0,0,3.23,4.0,0,1,12.1,10,2,10,83,,1,0
107012,16,0,3.2,0,50.0,9.0,5.4,0,4.0,3.8,0,5,6.9,2,6,9,93,,0,0
107013,24,0,1.8,0,95.5,7.5,6.8,1,2.96,7.7,0,5,4.7,2,8,7,66,,3,1
107014,21,2,2.4,0,57.4,9.1,6.2,0,2.94,6.5,0,2,8.7,5,4,10,71,,2,0
107015,19,1,1.7,1,40.5,6.7,6.2,1,4.0,5.1,0,1,7.9,3,10,5,100,,3,0
107016,22,2,5.36,1,86.1,7.5,4.6,1,4.0,6.4,0,2,9.5,8,9,6,100,,1,1
107017,28,2,0.0,0,47.2,8.3,10.0,1,4.0,6.6,0,4,5.8,2,4,10,100,,0,0
107018,21,1,5.55,0,45.1,9.0,6.2,1,4.0,4.1,0,3,12.4,8,9,6,100,,2,1
107019,25,0,5.2,1,99.0,5.2,7.3,0,4.0,2.2,0,0,12.2,9,8,7,99,,0,1
107020,21,2,4.5,0,93.6,6.7,7.5,1,3.77,3.9,0,3,9.8,7,4,10,94,,2,0
107021,22,0,6.61,0,95.2,7.4,8.5,1,4.0,2.3,0,4,14.8,3,10,5,96,,1,1
107022,18,2,3.8,0,79.8,8.2,5.9,1,4.0,10.0,0,5,8.4,6,6,9,95,,2,1
107023,26,1,3.05,0,53.7,6.3,5.2,0,3.54,1.0,0,1,9.4,5,9,6,92,,3,1
107024,19,2,5.0,1,49.5,8.0,4.9,1,4.0,2.2,0,4,9.8,4,8,7,100,,3,0
107025,22,0,6.33,0,65.0,6.2,9.4,1,3.48,3.8,0,0,13.4,2,2,10,82,,2,1
107026,23,2,5.2,1,97.2,7.5,8.7,1,3.2,4.8,0,5,9.6,8,3,10,86,,2,1
107027,25,2,3.6,0,50.8,5.3,7.0,0,4.0,4.6,0,1,9.9,10,9,6,100,,0,0
107028,23,0,5.9,1,99.1,8.2,4.7,0,3.26,5.2,0,1,10.2,2,3,10,75,,2,0
107029,27,1,3.8,0,83.9,8.0,8.1,1,3.69,7.2,0,4,8.9,3,4,10,92,,3,1
107030,27,2,4.3,0,41.6,7.1,6.6,0,3.01,5.5,0,5,13.5,3,6,9,74,,2,1
107031,17,2,5.0,0,68.0,4.8,7.6,0,3.09,7.0,0,1,12.7,5,1,10,78,,2,1
107032,20,2,2.0,1,80.1,5.3,6.9,1,3.43,7.8,0,3,7.2,9,9,6,85,,2,0
107033,27,2,0.9,1,61.2,7.7,6.7,0,2.97,6.1,0,0,8.6,2,7,8,79,,2,0
107034,24,0,2.7,0,84.6,5.2,8.8,1,3.06,6.2,0,4,7.8,8,9,6,81,,2,1
107035,28,1,4.6,1,47.0,9.1,2.7,1,3.92,2.4,0,1,11.2,3,1,10,98,,1,1
107036,21,2,1.5,1,77.8,5.8,5.3,0,3.86,7.4,0,3,6.0,6,2,10,94,,2,0
107037,28,2,6.0,1,66.1,4.0,7.4,0,4.0,4.3,0,1,8.9,9,6,9,98,,1,0
107038,25,0,4.0,0,96.4,8.7,8.1,1,3.53,2.5,0,1,5.7,3,5,10,98,,2,1
107039,28,1,4.3,1,97.6,5.0,3.2,1,3.37,5.8,0,4,11.0,3,3,10,84,,0,1
107040,24,2,0.9,1,99.1,5.6,10.0,1,2.95,3.2,0,5,4.9,2,1,10,72,,3,1
107041,19,0,5.3,0,77.5,6.7,6.3,0,4.0,4.4,0,3,8.5,3,9,6,96,,3,0
107042,22,1,7.9,0,74.5,7.2,10.0,1,3.76,2.6,0,4,13.3,3,5,10,99,,2,1
107043,20,2,8.2,1,71.7,8.3,5.6,0,4.0,5.0,0,0,12.6,9,3,10,100,,0,1
107044,22,1,5.28,1,44.5,7.3,8.7,0,4.0,4.6,0,5,15.0,4,10,5,92,,3,1
107045,17,1,4.5,0,79.3,6.0,3.5,0,4.0,4.3,0,3,11.9,10,1,10,98,,3,0
107046,16,1,1.2,1,79.8,5.9,7.8,0,3.05,7.9,0,4,5.1,6,9,6,80,,2,1
107047,19,1,3.6,1,95.5,6.3,6.6,1,2.67,5.4,0,5,7.7,1,1,10,60,,3,1
107048,23,2,6.1,0,59.8,7.0,8.8,0,4.0,4.3,0,3,9.1,2,3,10,100,,0,1
107049,18,1,3.2,1,73.0,9.5,6.4,0,4.0,8.5,0,1,10.0,1,6,9,97,,2,1
107050,26,0,0.0,0,44.4,9.2,9.5,1,3.06,3.6,0,2,5.7,10,5,10,74,,2,1
107051,17,2,4.5,0,71.5,7.3,5.2,0,2.98,3.1,0,2,10.6,7,6,9,83,,1,1
107052,17,2,0.1,1,75.3,7.7,7.2,1,4.0,5.5,0,1,7.1,6,6,9,100,,2,1
107053,16,0,5.8,0,63.9,7.2,8.8,0,3.97,5.9,0,3,12.8,7,2,10,98,,2,0
107054,17,0,10.1,1,83.1,10.0,10.0,0,4.0,3.6,0,5,15.2,10,5,10,93,,1,0
107055,24,2,6.7,1,61.0,6.7,5.2,1,4.0,5.8,0,0,13.2,4,9,6,100,,2,0
107056,16,2,5.4,1,54.3,6.2,4.5,0,3.75,8.4,0,0,9.5,8,5,10,91,,0,0
107057,27,1,6.67,0,41.2,8.6,4.0,1,3.86,5.5,0,3,15.9,7,2,10,100,,2,1
107058,23,1,4.7,0,40.5,9.3,3.6,0,4.0,6.9,0,1,14.0,10,4,10,99,,2,0
107059,25,2,4.3,0,57.9,5.7,10.0,0,3.7,6.5,0,0,12.2,10,7,8,98,,1,1
107060,22,1,4.9,0,48.8,6.7,3.1,1,4.0,2.4,0,5,12.0,6,6,9,92,,2,1
107061,16,2,1.1,1,94.6,9.0,8.6,1,3.35,4.7,0,1,6.1,10,8,7,77,,2,0
107062,18,1,7.2,1,56.7,7.6,1.7,0,4.0,10.0,0,4,14.7,9,7,8,97,,2,1
107063,26,1,3.0,0,49.5,7.6,6.8,1,3.54,5.6,0,1,10.1,4,8,7,87,,2,1
107064,17,1,2.6,0,94.1,7.0,3.9,0,2.76,8.3,0,4,8.0,3,7,8,72,,1,1
107065,18,1,6.7,0,42.6,7.5,3.5,0,4.0,4.3,0,3,14.1,4,4,10,100,,1,0
107066,24,1,0.0,0,84.2,8.1,7.7,1,4.0,4.1,0,5,8.3,3,8,7,100,,3,1
107067,18,1,4.5,1,88.8,5.9,3.6,1,3.13,3.4,0,3,8.6,9,5,10,75,,1,0
107068,16,1,5.3,0,90.4,8.4,1.6,0,4.0,2.9,0,3,11.0,4,4,10,100,,1,1
107069,23,1,5.46,1,64.0,10.0,7.9,0,3.38,2.5,0,4,8.7,3,6,9,84,,0,1
107070,22,0,6.8,1,78.8,7.3,7.7,0,4.0,4.2,0,4,10.9,3,9,6,95,,0,1
107071,27,2,3.0,1,53.4,8.8,4.8,0,3.19,5.2,0,0,5.9,8,6,9,72,,0,1
107072,19,1,4.3,1,73.7,6.6,5.0,1,4.0,5.8,0,1,9.1,2,1,10,100,,1,1
107073,22,2,6.5,0,75.9,5.0,7.6,1,3.92,1.0,0,4,10.0,4,3,10,100,,1,0
107074,16,0,5.1,1,95.8,9.9,6.9,1,3.5,4.6,0,4,12.1,8,9,6,88,,1,1
107075,16,2,0.5,0,51.7,8.0,6.9,0,4.0,3.7,0,4,5.4,10,6,9,100,,1,1
107076,25,0,0.0,0,43.9,7.4,10.0,1,3.92,5.1,0,5,8.0,3,2,10,95,,0,0
107077,16,1,3.7,1,49.8,4.5,4.8,1,3.51,4.0,0,0,6.5,7,7,8,90,,2,0
107078,23,0,3.42,1,81.4,7.5,8.9,0,3.5,6.1,0,1,7.7,7,7,8,84,,2,0
107079,17,0,0.9,1,72.6,9.2,6.7,0,4.0,3.5,0,5,6.7,2,5,10,94,,2,0
107080,20,0,1.6,0,56.4,7.9,4.8,1,3.99,6.1,0,0,4.2,7,2,10,100,,2,1
107081,17,2,4.7,0,42.4,6.8,6.6,1,4.0,3.6,0,2,12.0,2,3,10,100,,2,1
107082,19,2,3.6,1,63.6,6.3,6.7,0,2.93,4.2,0,2,6.5,1,5,10,74,,2,1
107083,22,0,4.6,0,70.4,7.9,4.3,1,3.06,6.0,0,4,9.8,5,6,9,82,,3,1
107084,28,2,5.9,1,49.7,6.6,7.1,0,4.0,7.0,0,0,12.7,8,4,10,100,,2,1
107085,27,2,4.6,0,84.1,6.3,8.7,1,2.66,2.5,0,3,12.1,6,2,10,62,,0,1
107086,23,1,4.2,1,59.1,4.0,5.2,0,4.0,3.2,0,5,11.1,5,1,10,97,,2,0
107087,28,0,3.6,1,73.8,7.8,10.0,1,4.0,5.6,0,2,10.2,9,3,10,100,,2,0
107088,22,1,2.9,0,47.7,9.2,3.6,0,3.72,7.7,0,5,7.1,4,9,6,94,,2,0
107089,26,1,4.35,1,50.9,7.1,5.6,1,2.97,6.1,0,1,8.3,6,4,10,72,,2,1
107090,28,2,4.0,1,69.7,6.4,8.3,0,3.61,9.5,1,5,10.8,2,2,10,83,,2,0
107091,26,1,4.4,0,58.5,7.4,3.1,1,3.85,8.6,1,1,6.9,3,3,10,93,,0,0
107092,22,0,0.9,0,47.9,6.1,6.6,1,2.42,3.3,0,4,3.6,6,6,9,55,,2,1
107093,25,1,3.9,0,43.8,7.5,7.0,0,2.77,10.0,1,0,6.8,1,2,10,78,,3,1
107094,27,0,3.3,1,49.2,6.7,6.7,1,3.22,3.2,0,5,9.9,1,3,10,82,,2,1
107095,25,2,3.6,1,90.6,9.1,9.8,0,4.0,1.9,0,2,10.6,7,9,6,100,,0,0
107096,23,2,6.4,0,74.7,6.4,4.3,0,4.0,5.7,0,1,10.2,6,9,6,99,,2,1
107097,18,0,4.4,1,46.5,8.3,5.1,0,3.47,6.6,0,2,8.2,8,2,10,84,,3,1
107098,28,1,5.37,1,59.6,7.6,9.0,0,4.0,6.7,0,2,9.7,9,1,10,100,,3,1
107099,24,2,2.1,0,64.4,5.9,7.0,0,3.84,1.0,0,4,8.1,9,9,6,100,,1,1
107100,18,0,8.6,1,69.2,6.5,3.1,1,3.48,5.9,0,5,12.9,7,6,9,93,,2,1
107101,27,2,4.3,0,95.4,7.3,8.5,0,4.0,6.3,0,4,10.9,9,4,10,100,,2,1
107102,16,2,4.9,0,54.6,8.2,6.3,1,3.31,8.5,1,0,10.7,6,2,10,86,,2,0
107103,21,2,4.7,1,46.3,5.1,5.8,1,2.99,10.0,1,1,9.8,10,3,10,70,,2,0
107104,16,2,5.3,1,78.6,9.1,7.8,1,4.0,7.3,0,3,9.4,7,8,7,97,,1,0
107105,27,1,2.6,1,80.6,6.6,6.6,1,2.56,3.5,0,0,10.9,8,6,9,62,,3,1
107106,19,0,0.0,1,74.7,4.4,4.7,0,2.83,3.8,0,5,4.7,7,10,5,69,,3,1
107107,16,2,5.13,1,90.7,6.1,7.7,1,3.43,3.3,0,2,11.7,2,8,7,85,,2,0
107108,27,1,4.0,1,79.8,8.3,10.0,0,3.69,6.5,0,3,9.2,6,9,6,94,,1,0
107109,20,1,4.9,0,55.7,9.2,8.7,1,4.0,6.7,0,0,14.6,1,6,9,100,,2,0
107110,22,2,5.1,1,73.4,9.1,3.7,0,2.92,3.4,0,1,13.3,6,6,9,73,,1,0
107111,26,2,3.8,1,68.5,7.0,7.5,0,2.83,7.5,0,5,9.3,2,2,10,69,,2,0
107112,22,1,4.3,1,49.5,8.6,7.9,1,4.0,6.7,0,4,11.6,10,9,6,100,,1,0
107113,24,1,8.65,1,97.1,10.2,5.3,0,4.0,1.3,0,0,14.9,10,3,10,97,,1,1
107114,21,0,3.6,0,75.8,4.0,5.5,1,4.0,3.2,0,1,10.2,9,2,10,93,,3,0
107115,16,2,6.2,0,53.8,5.7,5.5,0,3.23,9.7,0,5,11.7,9,10,5,75,,2,0
107116,20,1,2.8,1,55.6,8.9,6.4,1,3.8,2.1,0,2,11.1,3,4,10,93,,0,0
107117,26,2,5.9,0,89.7,4.8,7.6,0,3.52,4.8,0,1,12.8,9,8,7,95,,2,0
107118,18,1,3.1,0,99.6,7.5,8.2,1,4.0,4.6,0,3,12.1,6,9,6,96,,2,0
107119,23,0,4.48,0,82.3,7.3,9.6,1,3.57,4.4,0,1,10.6,5,4,10,82,,1,1
107120,16,2,5.5,0,40.9,9.4,2.9,1,4.0,3.8,0,0,11.8,10,10,5,98,,3,1
107121,22,1,5.5,0,62.5,4.7,2.0,1,3.14,5.1,0,5,10.1,10,7,8,97,,1,1
107122,17,2,0.9,1,43.6,5.0,7.7,1,3.2,4.5,0,3,8.4,10,8,7,84,,3,0
107123,17,0,5.65,1,53.3,7.5,6.6,0,3.37,9.7,1,5,9.5,9,2,10,87,,1,1
107124,28,1,3.8,0,40.8,7.1,5.6,0,4.0,1.0,0,4,9.6,10,4,10,99,,2,1
107125,26,1,5.38,1,72.9,8.0,6.7,1,4.0,6.9,0,4,12.5,1,8,7,100,,2,0
107126,16,1,6.8,0,89.9,7.1,7.6,0,4.0,4.3,0,0,9.1,4,3,10,94,,3,0
107127,24,1,2.71,1,60.0,7.0,9.1,1,3.03,4.7,0,1,6.2,2,1,10,80,,2,0
107128,26,0,1.5,1,89.8,5.4,9.1,1,3.9,4.1,0,1,5.5,10,6,9,97,,1,1
107129,27,1,1.1,1,61.1,7.1,7.2,0,3.9,3.4,0,0,4.7,6,2,10,95,,3,1
107130,18,1,9.1,1,99.8,4.1,5.9,1,3.55,7.4,0,2,13.7,9,4,10,91,,0,0
107131,23,1,3.6,1,57.9,6.4,6.6,1,4.0,6.3,0,2,9.0,7,1,10,100,,3,0
107132,26,2,4.3,0,72.2,5.6,4.5,0,3.75,1.0,0,3,9.0,3,3,10,96,,1,1
107133,28,2,3.6,1,47.8,8.4,5.5,0,2.98,6.1,0,5,6.4,8,3,10,77,,2,1
107134,18,2,3.0,1,90.0,6.3,7.0,0,4.0,1.0,0,2,8.2,8,5,10,97,,2,1
107135,25,2,5.7,0,87.3,7.2,2.7,0,4.0,5.5,0,3,8.3,10,10,5,99,,1,1
107136,26,2,4.3,1,49.4,7.5,6.8,1,3.79,4.6,0,4,9.4,7,2,10,100,,3,0
107137,28,0,7.2,0,41.1,7.3,3.2,0,4.0,2.2,0,2,10.1,9,9,6,98,,2,0
107138,16,1,0.0,0,91.3,8.8,6.7,0,2.85,3.4,0,4,1.7,1,4,10,65,,1,1
107139,18,2,8.0,1,96.4,5.0,9.0,0,4.0,1.4,0,4,15.0,8,8,7,100,,1,1
107140,17,1,3.8,1,69.8,6.6,4.6,1,3.46,6.0,0,5,7.2,8,7,8,85,,1,1
107141,19,0,7.21,0,83.6,5.3,8.4,1,4.0,3.4,0,4,12.4,9,7,8,100,,2,0
107142,16,1,4.9,0,71.5,6.0,6.1,1,4.0,3.6,0,0,7.2,8,8,7,100,,1,0
107143,23,0,3.0,0,56.0,7.2,8.3,1,3.8,4.2,0,0,8.3,8,4,10,93,,1,1
107144,27,2,5.2,0,88.6,7.3,9.0,0,3.9,2.1,0,3,9.8,8,5,10,95,,3,1
107145,16,2,7.4,1,66.2,7.6,3.4,1,3.33,6.4,0,5,13.8,5,3,10,80,,1,0
107146,24,2,5.4,0,72.2,9.5,9.2,1,4.0,6.0,0,5,12.9,7,4,10,94,,3,1
107147,28,0,8.12,0,98.3,5.5,8.6,0,4.0,5.5,0,5,15.8,6,10,5,100,,3,1
107148,19,1,7.59,0,81.5,6.8,8.3,0,2.96,6.6,0,5,13.0,1,4,10,70,,3,1
107149,25,0,9.6,0,86.4,6.5,6.1,1,4.0,5.9,0,1,15.5,6,3,10,100,,0,1
107150,28,0,8.8,0,43.7,4.6,8.5,0,4.0,6.1,0,2,14.8,9,7,8,97,,3,0
107151,16,0,3.3,0,87.4,6.2,10.0,0,4.0,1.1,0,3,8.5,4,9,6,100,,1,0
107152,24,1,5.4,0,75.3,6.9,3.7,0,3.58,4.9,0,2,13.9,1,10,5,87,,1,1
107153,28,0,6.2,0,49.0,6.5,7.3,0,3.1,4.5,0,2,13.4,3,2,10,70,,3,0
107154,28,0,3.4,1,45.0,7.2,6.3,0,3.28,1.6,0,2,9.8,1,6,9,70,,2,0
107155,21,1,1.8,0,93.9,7.2,8.6,1,3.88,4.4,0,5,8.2,2,4,10,96,,2,1
107156,28,2,3.0,0,87.3,9.4,6.1,1,3.96,5.5,0,0,7.7,1,4,10,100,,1,0
107157,21,1,6.7,0,79.2,5.4,7.5,0,3.72,6.4,0,4,9.4,4,5,10,100,,1,1
107158,16,2,3.3,1,94.7,5.3,8.0,1,2.86,4.5,0,4,8.4,7,3,10,66,,2,1
107159,22,0,3.5,1,41.4,7.8,5.9,0,4.0,6.8,0,5,8.6,4,8,7,100,,3,1
107160,22,0,1.9,1,45.3,4.3,8.5,0,3.64,9.4,0,4,8.2,5,5,10,87,,1,0
107161,16,1,0.9,1,88.8,7.9,8.1,1,4.0,4.9,0,5,6.1,3,4,10,99,,1,0
107162,18,0,3.2,0,53.3,6.2,7.3,1,3.8,4.1,0,0,8.5,7,5,10,99,,0,1
107163,23,2,5.26,0,66.5,8.3,5.8,1,4.0,7.1,0,2,8.3,5,9,6,100,,1,0
107164,16,2,3.2,1,99.4,4.0,3.7,0,3.12,3.5,0,5,7.3,8,8,7,72,,1,1
107165,20,0,0.5,0,82.4,5.2,6.0,1,2.33,4.8,0,1,3.9,3,2,10,55,,0,1
107166,23,2,4.0,0,96.7,6.7,5.2,1,3.96,1.0,0,3,11.0,7,7,8,100,,2,1
107167,19,1,1.8,0,41.7,4.4,5.4,1,4.0,4.6,0,3,9.3,3,7,8,96,,1,0
107168,20,0,7.07,0,79.3,8.1,8.5,1,4.0,6.9,0,5,14.0,3,1,10,100,,2,1
107169,28,0,6.6,1,73.3,4.2,6.0,0,4.0,6.8,0,2,12.4,2,3,10,93,,1,1
107170,19,2,6.82,1,72.0,9.0,9.5,0,4.0,4.9,0,3,9.6,2,3,10,96,,3,1
107171,22,2,4.4,0,78.7,8.1,5.2,0,3.76,2.7,0,3,10.9,8,8,7,99,,1,0
107172,22,2,7.0,0,93.6,6.4,3.3,1,3.37,2.8,0,4,12.9,4,7,8,84,,0,1
107173,28,2,3.8,0,84.2,6.8,10.0,1,3.49,4.5,0,5,9.6,9,8,7,85,,3,1
107174,19,2,4.73,1,69.1,6.2,6.8,1,4.0,6.1,0,5,11.1,2,10,5,95,,2,1
107175,19,2,3.7,0,76.2,5.0,2.8,1,4.0,3.0,0,5,10.0,4,10,5,100,,3,1
107176,23,1,5.1,0,54.8,8.7,8.8,1,3.77,5.5,0,0,7.8,3,10,5,98,,1,1
107177,24,1,4.2,1,77.9,8.4,4.9,0,3.74,8.0,0,3,9.4,3,3,10,86,,2,1
107178,18,0,1.6,0,93.8,9.7,8.1,0,3.89,6.9,0,4,6.8,7,3,10,91,,2,0
107179,19,2,5.0,0,54.0,6.8,4.7,1,4.0,4.8,0,4,11.5,10,4,10,95,,2,0
107180,21,1,3.8,1,61.5,8.5,9.9,1,4.0,4.7,0,3,9.6,10,4,10,93,,2,1
107181,25,0,5.8,1,61.5,4.5,8.9,0,4.0,3.2,0,3,11.2,6,6,9,97,,2,1
107182,24,0,1.9,1,54.7,4.0,6.9,0,4.0,2.6,0,4,7.4,9,2,10,99,,2,1
107183,26,0,6.0,0,94.9,5.1,6.3,0,4.0,5.3,0,3,13.6,6,1,10,100,,2,1
107184,22,2,1.3,1,53.7,6.6,9.0,1,3.75,6.5,0,5,8.5,2,5,10,90,,2,1
107185,22,2,5.5,1,93.3,8.4,5.4,1,3.47,7.2,0,2,12.8,10,8,7,90,,2,0
107186,26,1,5.0,1,46.3,8.2,4.7,0,2.96,7.5,0,4,10.8,7,7,8,66,,2,1
107187,19,2,2.3,1,71.7,9.0,8.7,1,3.61,4.0,0,3,10.3,1,7,8,95,,2,0
107188,26,0,6.0,0,98.5,4.8,8.6,1,4.0,6.1,0,4,6.6,3,10,5,100,,0,1
107189,22,1,4.5,1,47.3,5.2,5.3,1,3.6,5.4,0,4,10.6,2,3,10,89,,2,1
107190,18,0,4.7,1,93.8,7.2,5.5,1,3.8,7.1,0,2,12.1,6,2,10,98,,3,0
107191,20,1,4.2,0,69.3,8.6,6.4,0,3.6,6.3,0,1,11.2,5,7,8,82,,2,0
107192,17,2,4.4,1,92.4,5.0,5.4,1,4.0,6.1,0,3,8.1,5,5,10,100,,2,0
107193,17,2,7.1,0,91.3,4.1,6.2,1,3.19,6.7,0,2,15.4,10,5,10,78,,2,1
107194,24,0,4.58,1,55.7,6.7,4.5,1,3.52,2.6,0,0,13.9,2,9,6,92,,2,1
107195,23,0,4.3,1,65.8,7.9,5.8,1,2.87,6.4,0,3,8.1,1,8,7,76,,3,1
107196,16,1,3.9,0,97.0,5.3,7.5,0,3.87,4.3,0,0,11.0,2,3,10,98,,0,0
107197,21,1,3.9,0,48.9,5.0,9.3,1,3.49,6.7,0,4,9.4,7,2,10,88,,0,1
107198,21,0,2.13,0,58.7,4.2,6.6,1,3.86,7.3,0,0,8.1,5,10,5,93,,3,1
107199,25,2,4.7,0,91.6,6.6,7.5,0,4.0,6.2,0,3,11.3,1,8,7,100,,2,1
107200,28,1,5.9,0,60.0,6.6,6.1,1,4.0,4.9,0,4,10.9,8,8,7,100,,2,1
107201,16,1,3.54,1,99.2,5.9,10.0,0,2.99,6.1,0,4,8.8,7,5,10,80,,2,1
107202,23,2,7.25,1,96.0,7.6,4.2,1,3.76,7.2,0,2,14.5,10,9,6,88,,2,0
107203,22,2,6.7,0,40.2,5.1,5.9,1,4.0,3.8,0,3,14.9,8,2,10,91,,2,0
107204,16,2,3.7,1,58.2,7.2,8.1,0,2.25,6.0,0,4,8.5,5,1,10,53,,2,0
107205,25,1,4.48,1,97.1,8.8,7.4,1,4.0,2.9,0,5,9.5,10,3,10,91,,2,0
107206,19,0,4.3,1,71.6,4.0,7.8,1,4.0,2.3,0,3,9.1,7,8,7,100,,2,0
107207,22,2,2.4,0,52.2,5.0,6.6,1,3.36,4.5,0,5,11.2,5,10,5,88,,3,1
107208,19,2,2.4,1,93.3,4.7,5.3,1,4.0,4.9,0,1,10.1,1,9,6,94,,1,0
107209,28,2,5.9,1,85.5,6.1,5.0,0,3.48,6.5,0,2,15.3,4,4,10,89,,1,0
107210,27,1,0.8,1,42.0,7.6,9.0,0,2.8,1.0,0,0,5.4,4,7,8,64,,1,1
107211,21,1,1.9,0,45.5,7.3,7.2,0,3.28,6.6,0,1,11.0,2,2,10,80,,2,1
107212,24,1,1.3,1,98.5,6.4,6.7,0,2.65,5.7,0,0,6.3,10,4,10,75,,1,0
107213,28,1,4.6,0,70.3,9.2,5.3,0,4.0,5.4,0,5,13.1,3,9,6,99,,1,1
107214,24,0,4.2,1,95.8,7.5,7.7,0,4.0,6.5,0,5,10.7,7,6,9,100,,0,0
107215,28,2,3.0,1,55.7,5.5,5.2,1,3.64,2.8,0,4,9.1,3,7,8,95,,3,1
107216,22,1,3.1,0,75.6,7.3,6.8,1,3.42,5.9,0,3,9.9,6,8,7,87,,2,1
107217,21,2,0.0,1,89.0,7.1,3.5,0,2.45,9.3,0,5,4.3,6,6,9,59,,1,1
107218,17,0,4.9,1,95.7,6.0,8.0,0,4.0,1.7,0,5,11.6,3,10,5,97,,2,1
107219,26,1,8.3,1,57.9,8.9,9.3,0,2.98,5.3,0,5,14.0,3,2,10,74,,1,0
107220,19,1,0.24,0,52.0,7.6,7.0,0,2.84,5.3,0,2,7.3,7,4,10,79,,1,1
107221,24,1,4.3,0,88.2,8.2,5.4,1,2.65,7.5,0,4,7.5,5,5,10,55,,2,1
107222,22,0,1.8,1,70.6,6.6,7.7,1,2.61,4.8,0,0,5.7,4,2,10,78,,2,1
107223,16,1,4.1,0,51.7,5.1,4.5,0,2.92,6.4,0,3,10.8,10,5,10,76,,2,1
107224,28,0,4.5,1,79.3,5.4,6.6,0,4.0,6.2,0,0,13.0,9,9,6,100,,2,1
107225,27,1,0.0,0,69.8,9.8,7.7,1,4.0,4.5,0,5,6.0,8,10,5,98,,1,1
107226,21,2,1.0,1,74.3,4.2,8.1,1,3.55,2.4,0,5,3.2,6,8,7,82,,3,0
107227,20,1,4.5,1,43.1,8.0,3.3,0,3.29,6.5,0,0,9.0,8,3,10,84,,1,1
107228,25,2,4.5,0,95.4,9.3,4.9,0,4.0,5.1,0,4,9.7,6,4,10,98,,2,1
107229,17,0,4.4,0,88.9,6.1,8.1,0,3.75,3.7,0,5,8.5,1,3,10,94,,3,1
107230,24,0,1.8,1,53.3,8.4,8.4,1,4.0,6.9,0,2,6.5,7,7,8,99,,1,1
107231,17,1,4.0,0,40.6,5.2,6.5,1,2.54,6.5,0,0,6.5,6,2,10,64,,1,1
107232,17,0,4.3,1,99.0,5.9,8.4,1,4.0,2.6,0,3,8.1,1,10,5,100,,2,0
107233,26,0,3.7,1,76.9,4.5,4.1,1,3.43,4.1,0,5,12.5,1,3,10,86,,1,1
107234,19,2,4.9,1,88.3,5.0,8.7,1,4.0,4.5,0,5,8.3,7,10,5,93,,3,0
107235,27,2,3.9,0,76.4,6.0,9.1,1,3.52,2.3,0,0,8.5,5,4,10,100,,1,1
107236,16,2,1.6,1,82.6,5.9,4.3,1,4.0,7.2,0,2,4.6,5,7,8,96,,1,1
107237,23,1,7.1,0,49.9,6.9,6.4,0,4.0,5.6,0,2,11.1,7,8,7,95,,3,0
107238,22,2,4.2,1,94.5,7.7,6.8,0,3.97,5.3,0,1,10.7,6,6,9,91,,1,0
107239,22,2,0.0,0,52.9,5.1,10.0,1,3.29,5.2,0,0,5.5,7,8,7,88,,3,0
107240,27,0,1.8,0,80.4,9.6,7.8,1,4.0,3.6,0,4,4.4,4,6,9,100,,1,0
107241,22,2,4.9,1,96.0,4.8,8.4,0,3.66,5.5,0,0,10.4,6,9,6,79,,3,1
107242,26,1,5.2,0,76.9,6.9,4.8,1,3.45,4.2,0,5,9.7,7,6,9,77,,1,1
107243,22,0,2.5,1,66.8,8.0,3.3,1,4.0,4.2,0,5,8.9,7,7,8,100,,1,1
107244,22,0,2.9,1,51.1,7.7,4.0,1,4.0,6.6,0,5,6.5,6,4,10,100,,2,1
107245,26,1,5.68,1,72.7,7.7,8.2,1,4.0,6.8,0,1,10.2,4,3,10,96,,1,1
107246,26,2,10.53,0,47.2,8.1,8.1,1,4.0,1.0,0,5,15.3,2,9,6,92,,1,1
107247,18,2,2.3,0,49.7,8.3,7.2,1,3.34,6.6,0,0,8.8,9,6,9,89,,1,0
107248,19,1,0.0,1,88.2,5.6,5.0,1,3.86,4.2,0,5,6.0,8,6,9,94,,2,0
107249,18,0,4.5,1,89.6,6.2,9.8,1,3.87,2.2,0,3,8.2,1,4,10,100,,3,1
107250,20,0,2.3,0,64.5,6.7,4.9,0,3.62,6.9,0,2,7.6,8,6,9,86,,3,1
107251,23,1,2.4,0,75.7,6.8,5.2,0,3.59,7.6,0,5,5.5,1,3,10,95,,2,1
107252,27,1,4.5,1,95.1,7.2,7.5,0,3.0,3.7,0,0,11.4,10,6,9,68,,0,0
107253,20,1,5.0,0,67.7,6.9,6.1,0,2.64,5.2,0,0,8.5,9,2,10,68,,2,1
107254,28,0,2.2,0,48.7,9.1,6.0,1,4.0,7.0,0,4,8.6,6,6,9,100,,1,0
107255,18,2,2.0,1,49.3,9.6,7.3,1,3.14,7.3,0,2,4.4,8,7,8,80,,0,1
107256,28,2,5.1,0,95.7,5.9,9.9,1,3.63,2.2,0,3,12.6,7,3,10,91,,2,1
107257,23,0,0.69,1,91.8,5.4,7.2,0,3.62,6.3,0,3,3.0,6,5,10,84,,2,0
107258,20,0,1.7,0,83.5,8.2,6.1,0,2.88,7.8,0,0,7.2,2,8,7,72,,3,1
107259,21,1,3.5,0,59.2,6.6,6.8,1,4.0,2.6,0,4,12.0,2,5,10,98,,3,1
107260,26,0,4.0,0,52.2,7.2,10.0,0,4.0,1.2,0,4,7.9,1,10,5,92,,2,1
107261,18,0,1.4,1,68.3,6.3,6.0,0,3.79,4.6,0,5,7.3,5,3,10,91,,3,1
107262,27,2,6.1,0,77.8,5.3,6.2,0,3.05,4.7,0,2,13.2,2,5,10,71,,2,1
107263,21,2,6.5,0,59.8,6.0,1.1,1,3.98,8.5,0,1,8.9,10,9,6,86,,3,0
107264,26,1,4.2,1,72.4,4.6,10.0,0,3.08,5.3,0,2,5.6,9,9,6,75,,1,0
107265,16,0,4.0,1,95.3,9.7,6.3,0,4.0,3.9,0,0,9.2,4,1,10,100,,1,0
107266,22,2,5.0,1,96.1,9.6,2.5,1,4.0,6.3,0,0,10.3,5,7,8,100,,2,1
107267,21,1,6.3,1,46.6,7.0,4.9,0,4.0,6.4,0,2,11.6,4,2,10,98,,1,0
107268,18,1,5.16,1,40.0,7.6,7.1,1,3.07,4.4,0,3,14.5,6,7,8,85,,0,0
107269,24,0,4.65,1,70.4,5.2,10.0,1,3.07,3.1,0,3,9.2,2,5,10,73,,1,1
107270,20,0,5.3,1,88.3,7.5,4.8,1,3.68,6.0,0,4,12.8,10,2,10,96,,2,1
107271,18,0,6.09,0,64.6,8.7,7.4,0,3.05,4.0,0,3,13.4,9,1,10,79,,3,1
107272,23,1,5.8,0,55.1,7.2,6.4,1,4.0,5.0,0,0,13.5,9,7,8,95,,1,1
107273,26,0,3.4,0,42.7,6.2,6.6,1,3.94,5.4,0,1,6.7,5,4,10,100,,3,1
107274,19,0,4.1,0,59.7,8.6,7.4,0,4.0,3.9,0,3,8.6,9,4,10,100,,3,1
107275,24,2,3.3,0,54.8,7.4,9.5,1,3.69,2.5,0,3,4.7,3,8,7,87,,1,1
107276,25,2,3.0,0,73.1,5.8,6.1,0,3.15,5.7,0,4,6.6,7,3,10,73,,2,1
107277,27,2,7.3,1,70.5,5.1,6.2,1,4.0,4.2,0,3,12.5,6,10,5,97,,3,1
107278,25,0,3.6,1,97.8,7.3,4.5,1,4.0,7.2,0,5,9.5,2,9,6,99,,3,1
107279,26,0,3.6,0,57.2,5.8,6.5,1,3.0,3.2,0,4,6.9,4,4,10,85,,1,1
107280,21,1,2.0,0,53.0,8.0,4.2,1,2.78,2.2,0,1,8.7,6,5,10,64,,1,1
107281,26,0,4.0,0,72.1,7.9,6.1,1,4.0,6.5,0,3,10.3,5,1,10,90,,3,1
107282,28,1,3.2,0,49.2,7.3,8.3,0,2.33,5.2,0,5,9.4,8,5,10,64,,2,1
107283,16,0,4.7,1,88.5,6.1,3.9,0,4.0,5.5,0,3,8.2,4,10,5,99,,1,1
107284,21,2,3.1,1,52.0,7.1,9.1,0,3.55,3.4,0,2,9.3,5,7,8,82,,1,1
107285,18,2,4.4,1,59.6,7.1,7.2,0,4.0,4.2,0,0,8.5,5,7,8,97,,2,1
107286,20,0,4.48,1,96.2,6.9,7.0,0,3.4,2.8,0,1,10.6,4,6,9,79,,1,0
107287,24,2,6.1,1,44.2,9.5,6.6,1,4.0,2.7,0,4,12.2,1,8,7,98,,2,1
107288,21,2,1.8,0,69.0,9.0,6.2,0,3.53,2.7,0,1,3.7,1,9,6,89,,2,1
107289,22,0,3.2,1,46.0,7.1,5.6,1,4.0,7.0,0,3,10.9,4,7,8,100,,1,0
107290,22,2,5.4,1,40.6,6.7,7.3,0,4.0,6.1,0,1,11.6,5,3,10,100,,1,1
107291,25,2,1.0,0,89.8,5.2,6.3,1,4.0,3.5,0,2,5.8,5,10,5,96,,3,1
107292,21,0,5.1,1,86.9,10.0,6.8,0,3.64,8.4,0,1,10.2,9,5,10,82,,2,1
107293,18,0,9.0,1,86.0,8.5,7.6,1,4.0,8.8,0,3,14.0,8,6,9,96,,2,1
107294,19,2,0.0,0,73.5,4.5,6.4,1,3.25,1.2,0,3,7.8,2,2,10,80,,2,1
107295,24,2,4.9,0,67.3,11.0,5.8,0,4.0,3.9,0,4,9.3,10,2,10,92,,1,0
107296,17,0,6.72,1,40.0,7.1,6.5,0,4.0,6.0,0,2,15.0,3,5,10,100,,2,1
107297,27,0,3.9,0,82.2,7.2,6.0,1,3.98,7.9,0,0,8.3,6,7,8,91,,2,1
107298,16,0,5.57,0,95.3,7.2,5.5,1,3.33,1.5,0,1,7.2,1,8,7,76,,0,0
107299,28,2,7.3,0,42.6,7.0,8.6,1,4.0,5.7,0,4,14.5,4,3,10,100,,1,1
107300,28,1,1.8,0,59.6,4.9,7.2,1,2.78,7.5,0,3,4.6,7,4,10,63,,2,0
107301,21,2,4.97,0,77.1,8.1,6.7,0,3.6,7.2,0,0,12.0,10,9,6,93,,2,1
107302,22,1,1.3,0,61.7,7.3,2.9,1,3.51,1.2,0,0,4.8,1,5,10,97,,3,1
107303,20,2,3.8,1,71.6,9.0,10.0,1,3.8,2.5,0,2,9.9,5,4,10,100,,0,1
107304,18,2,4.2,1,84.1,6.2,8.4,1,4.0,7.5,0,2,12.6,10,8,7,99,,1,1
107305,24,2,4.7,1,73.3,8.5,8.0,1,3.52,5.1,0,1,11.1,5,8,7,86,,3,0
107306,20,2,3.4,1,76.1,6.1,7.9,0,3.24,6.7,0,0,8.2,5,4,10,76,,2,1
107307,23,2,7.4,0,43.9,10.4,7.8,0,3.63,4.1,0,4,15.9,1,10,5,100,,2,1
107308,28,1,4.7,0,59.5,7.6,8.4,1,4.0,4.4,0,1,10.3,3,4,10,100,,2,1
107309,25,0,2.5,0,57.0,5.1,5.5,0,3.23,5.0,0,5,8.7,7,8,7,81,,0,0
107310,20,0,2.8,1,71.9,6.1,4.7,0,4.0,7.1,0,0,5.6,1,7,8,100,,3,1
107311,24,0,7.76,0,91.7,6.8,3.7,0,4.0,2.2,0,4,15.7,6,10,5,100,,1,0
107312,16,1,3.0,1,97.0,7.1,10.0,1,2.88,6.2,0,0,11.3,7,8,7,70,,0,1
107313,17,2,6.2,0,97.9,7.2,6.7,1,3.68,1.0,0,2,16.1,8,8,7,89,,1,1
107314,28,0,5.8,1,67.8,7.3,7.0,1,4.0,4.2,0,1,15.1,6,10,5,94,,2,0
107315,23,1,4.39,0,52.8,8.4,4.1,1,4.0,3.0,0,5,11.8,7,5,10,93,,1,1
107316,18,1,2.77,1,80.3,7.0,4.8,0,4.0,3.7,0,3,9.4,7,10,5,100,,0,0
107317,17,1,5.7,1,67.7,5.4,8.1,1,3.9,5.2,0,0,11.5,3,9,6,93,,0,1
107318,23,0,1.5,1,65.1,6.8,7.0,1,3.67,4.7,0,2,5.9,9,3,10,90,,1,0
107319,28,1,6.9,0,54.0,4.5,9.1,0,3.09,3.6,0,0,14.0,2,1,10,82,,1,1
107320,21,0,2.7,1,73.6,6.9,5.8,1,3.47,3.0,0,1,10.3,10,6,9,92,,1,0
107321,20,1,2.07,0,75.5,9.0,7.9,0,3.2,2.3,0,1,4.6,10,10,5,86,,1,0
107322,27,0,1.95,1,84.5,5.9,5.1,1,3.76,4.7,0,1,6.4,9,1,10,91,,1,0
107323,21,0,5.4,0,83.3,6.6,7.6,0,4.0,3.5,0,3,10.4,5,10,5,100,,2,0
107324,22,0,1.9,0,89.6,8.1,6.8,1,4.0,4.0,0,5,6.1,3,10,5,94,,2,1
107325,25,2,7.1,0,43.8,6.1,7.7,1,4.0,1.9,0,3,14.9,5,2,10,99,,1,0
107326,28,2,5.23,1,50.8,7.4,5.8,0,3.27,3.3,0,4,9.6,5,6,9,83,,2,0
107327,21,1,5.8,0,98.5,6.3,6.3,1,2.66,2.9,0,2,11.6,9,6,9,60,,3,0
107328,24,1,2.2,0,75.8,4.0,7.1,1,2.88,7.6,0,1,8.9,9,5,10,68,,3,1
107329,20,1,6.6,1,78.8,7.1,6.8,1,3.55,7.2,0,4,13.5,5,7,8,88,,2,0
107330,17,2,1.3,1,72.4,7.9,7.9,0,3.34,5.7,0,3,7.0,8,8,7,81,,2,0
107331,17,0,3.3,0,52.7,6.5,8.5,0,2.34,6.9,0,5,9.0,10,2,10,59,,2,1
107332,26,2,2.0,0,48.4,6.5,5.7,1,4.0,5.3,0,2,6.9,6,6,9,100,,2,1
107333,23,1,2.3,1,75.5,7.3,7.9,1,3.37,4.6,0,2,9.2,1,7,8,82,,1,0
107334,19,0,2.9,1,98.4,5.6,7.5,0,4.0,4.9,0,0,8.3,9,1,10,96,,2,0
107335,27,1,1.9,0,62.7,4.6,7.7,0,3.35,5.3,0,2,7.1,1,6,9,94,,3,0
107336,26,0,3.73,1,94.6,5.8,3.8,0,4.0,2.7,0,3,8.6,6,8,7,100,,2,0
107337,16,2,5.26,1,66.2,7.0,6.6,1,3.03,5.6,0,0,12.0,5,1,10,70,,1,1
107338,25,0,2.5,0,77.8,6.2,7.8,1,2.65,6.7,0,2,8.1,9,4,10,72,,3,1
107339,28,2,5.0,1,45.8,8.2,7.5,0,4.0,1.6,0,2,10.5,3,8,7,99,,1,0
107340,21,0,4.0,0,49.9,6.2,5.7,1,3.79,7.0,0,2,11.1,5,7,8,94,,1,1
107341,22,0,6.98,1,84.4,6.6,6.2,1,3.63,3.5,0,4,15.1,3,10,5,89,,2,1
107342,26,1,8.0,0,69.0,8.4,6.1,1,4.0,6.1,0,1,11.4,10,10,5,100,,2,1
107343,27,1,0.4,0,82.4,6.5,7.8,0,2.42,8.7,1,4,4.6,6,2,10,63,,1,0
107344,20,2,4.6,0,79.4,6.5,8.1,0,2.91,1.0,0,3,9.0,1,4,10,71,,2,0
107345,18,2,1.8,0,40.0,9.0,6.3,0,4.0,5.8,0,0,6.0,5,10,5,100,,1,1
107346,21,2,4.9,0,92.6,4.6,7.9,1,4.0,5.5,0,4,11.0,3,9,6,100,,2,1
107347,28,1,3.3,1,92.3,6.0,6.4,1,2.92,4.4,0,3,8.8,7,3,10,81,,1,1
107348,26,1,5.1,1,64.5,5.8,4.7,1,3.18,2.6,0,3,9.0,6,9,6,78,,2,0
107349,24,1,0.0,1,48.3,5.9,6.8,1,3.07,1.0,0,1,4.1,10,2,10,75,,1,1
107350,28,0,7.5,1,41.9,7.2,5.2,0,4.0,6.3,0,5,13.1,3,4,10,100,,1,1
107351,28,1,0.7,1,98.8,7.4,6.6,0,3.49,5.6,0,5,8.5,3,5,10,84,,1,1
107352,27,2,4.2,0,41.2,7.5,8.1,1,2.84,8.3,0,3,7.6,2,4,10,72,,3,1
107353,19,1,3.1,0,72.3,5.8,7.3,1,4.0,1.0,0,2,9.9,6,5,10,100,,2,1
107354,28,1,4.3,1,62.4,4.9,8.3,0,3.52,6.9,0,4,10.8,8,3,10,90,,2,1
107355,17,1,4.2,0,73.5,6.9,5.7,1,3.71,3.5,0,2,8.6,3,7,8,86,,2,1
107356,20,0,7.3,0,42.1,6.6,9.0,1,4.0,8.5,0,1,12.7,3,6,9,100,,3,1
107357,16,0,5.2,0,97.3,6.7,2.0,1,4.0,4.2,0,5,9.3,4,8,7,81,,1,1
107358,19,1,4.5,0,94.8,6.0,4.1,1,3.75,9.1,0,4,8.4,10,9,6,98,,2,1
107359,22,1,5.95,0,99.4,5.7,9.5,0,4.0,1.2,0,2,13.7,10,1,10,100,,2,1
107360,22,1,5.8,1,55.8,5.7,5.5,1,4.0,2.3,0,5,10.0,2,8,7,100,,2,1
107361,18,2,2.77,0,51.8,6.0,7.8,0,4.0,2.6,0,4,4.7,9,5,10,95,,3,0
107362,23,1,4.6,1,40.5,7.4,8.6,0,4.0,1.6,0,1,9.2,6,6,9,100,,2,0
107363,27,1,4.1,1,42.9,5.9,3.2,1,2.82,8.4,0,2,7.6,10,8,7,70,,3,1
107364,19,0,4.3,1,79.8,4.9,6.8,1,3.02,6.4,0,1,8.4,9,6,9,76,,1,1
107365,27,1,5.51,1,75.9,7.6,5.4,1,2.85,7.1,0,0,11.0,7,2,10,78,,1,0
107366,19,1,6.7,0,91.8,8.5,4.1,1,4.0,4.7,0,1,15.8,10,8,7,100,,2,1
107367,16,1,5.6,1,41.0,7.6,6.0,1,4.0,5.0,0,4,9.0,5,6,9,97,,3,1
107368,27,0,8.3,0,66.0,5.9,7.1,1,3.98,4.7,0,2,13.5,4,2,10,97,,2,0
107369,20,2,8.69,1,82.4,6.6,4.4,1,4.0,3.2,0,1,13.3,6,4,10,94,,2,0
107370,24,0,6.2,1,95.7,8.9,8.8,0,4.0,1.0,0,5,12.3,5,10,5,100,,1,0
107371,16,1,3.2,0,66.4,6.0,9.7,0,4.0,3.8,0,3,9.3,6,8,7,99,,3,1
107372,23,2,2.9,1,75.8,9.9,6.0,0,3.1,4.8,0,3,7.0,3,2,10,76,,1,1
107373,28,1,4.8,0,53.1,8.3,6.7,1,4.0,7.4,0,5,12.9,4,1,10,100,,2,0
107374,26,0,3.2,0,73.0,7.3,9.9,0,3.99,2.5,0,4,5.0,8,5,10,100,,2,0
107375,19,1,5.7,1,62.8,8.7,7.5,0,4.0,5.9,0,0,9.1,4,1,10,100,,2,0
107376,23,0,2.2,0,44.0,6.7,8.2,1,3.45,2.8,0,2,6.0,3,9,6,84,,2,1
107377,26,0,5.1,0,95.7,8.3,4.4,1,4.0,3.5,0,4,11.8,1,10,5,100,,0,0
107378,18,1,7.4,1,92.1,4.0,7.7,1,2.92,7.4,0,3,10.0,5,5,10,75,,3,0
107379,27,0,5.4,1,67.1,5.9,3.6,1,3.58,8.1,1,4,10.9,2,1,10,91,,1,0
107380,23,1,0.2,0,87.0,8.6,3.8,1,3.67,8.2,0,2,6.2,9,4,10,92,,2,0
107381,23,1,7.3,0,53.9,7.2,6.8,0,4.0,3.0,0,5,13.6,9,8,7,100,,1,1
107382,22,2,6.3,0,47.7,5.4,3.7,1,2.93,8.5,1,3,7.3,5,2,10,74,,1,0
107383,28,1,3.6,0,87.9,6.2,7.5,0,4.0,5.3,0,0,4.9,1,10,5,100,,1,1
107384,24,0,0.0,0,55.5,6.4,8.9,1,3.68,9.2,1,4,6.3,5,1,10,83,,2,1
107385,19,0,5.43,0,96.6,6.7,7.0,1,3.11,2.3,0,2,10.6,1,3,10,82,,2,0
107386,19,2,2.59,1,72.8,4.0,3.9,1,3.46,4.6,0,4,4.8,8,10,5,81,,2,0
107387,22,1,5.4,1,54.8,6.1,9.0,0,4.0,5.5,0,1,7.6,1,8,7,100,,3,0
107388,20,1,5.2,0,57.1,7.0,4.6,1,4.0,3.5,0,2,7.8,9,3,10,100,,2,1
107389,18,2,5.6,0,94.9,6.2,5.5,1,3.74,5.8,0,4,8.0,10,8,7,92,,1,1
107390,27,0,3.3,1,91.4,4.0,5.8,1,2.57,6.0,0,3,9.4,3,4,10,68,,1,1
107391,20,2,0.0,0,89.9,6.1,10.0,1,2.8,5.7,0,4,5.4,7,1,10,79,,0,1
107392,24,1,4.4,1,96.7,8.9,8.1,1,3.2,6.9,0,2,9.4,10,5,10,82,,1,1
107393,28,2,3.7,1,97.3,6.7,8.8,0,3.11,5.4,0,3,10.1,9,3,10,89,,0,0
107394,21,2,5.7,1,63.1,5.2,8.2,0,4.0,4.8,0,2,7.6,9,10,5,100,,2,1
107395,28,0,2.1,1,64.7,8.0,7.3,0,2.64,3.0,0,1,5.1,9,3,10,63,,3,1
107396,17,2,5.51,0,67.8,6.1,5.8,0,4.0,1.0,0,4,9.0,6,5,10,100,,2,0
107397,20,0,7.3,0,46.4,5.7,5.0,0,4.0,6.7,0,2,13.9,6,8,7,100,,2,1
107398,25,1,1.4,0,83.0,7.7,10.0,0,3.39,5.0,0,5,2.2,4,5,10,75,,1,0
107399,28,0,4.3,0,54.3,9.9,7.6,1,3.41,3.0,0,1,10.1,2,4,10,84,,1,0
107400,21,1,5.2,1,90.3,6.2,8.0,0,3.36,3.5,0,0,7.7,6,5,10,82,,1,0
107401,19,2,0.0,0,87.0,8.0,10.0,0,2.59,4.8,0,0,4.3,6,5,10,59,,2,1
107402,19,1,4.0,1,98.4,6.7,9.9,0,3.17,1.8,0,2,10.7,6,7,8,89,,2,1
107403,18,1,6.3,1,44.1,6.0,4.1,0,2.78,6.2,0,3,10.4,1,2,10,73,,1,1
107404,28,1,2.3,1,75.0,7.3,5.9,0,4.0,3.7,0,2,7.8,5,9,6,100,,1,1
107405,25,2,2.0,1,84.8,9.4,8.2,1,3.79,4.8,0,1,7.6,5,6,9,95,,2,0
107406,26,1,6.97,1,71.8,10.5,8.0,1,4.0,2.2,0,3,10.9,8,6,9,100,,2,1
107407,23,0,5.5,1,44.5,8.3,8.3,1,3.68,5.6,0,4,10.1,7,2,10,81,,1,1
107408,25,0,3.6,1,40.9,5.7,7.2,1,3.16,4.9,0,2,8.5,6,3,10,83,,1,1
107409,24,2,3.83,1,42.9,9.5,5.3,0,4.0,2.6,0,2,9.1,9,7,8,98,,2,0
107410,18,2,2.44,0,42.9,5.6,6.9,0,4.0,4.0,0,1,5.8,9,2,10,100,,2,1
107411,24,0,3.44,1,61.6,7.6,6.3,0,4.0,4.8,0,1,7.6,9,8,7,93,,3,1
107412,23,2,4.58,0,73.5,4.8,10.0,0,3.86,7.5,0,2,10.9,4,5,10,99,,1,1
107413,21,0,6.8,0,76.9,8.7,5.1,1,4.0,5.4,0,3,13.0,9,6,9,91,,2,1
107414,21,0,7.28,1,93.8,8.2,8.2,0,3.28,4.4,0,2,10.8,9,6,9,94,,1,1
107415,21,1,3.1,1,85.3,6.5,5.6,0,4.0,4.0,0,2,7.8,8,8,7,89,,2,0
107416,16,2,5.0,1,41.6,4.3,7.6,1,4.0,6.0,0,0,11.3,6,4,10,100,,1,0
107417,26,0,3.2,0,60.2,7.1,9.8,0,4.0,3.8,0,0,7.9,1,1,10,100,,1,1
107418,27,0,1.7,1,67.2,8.3,4.6,0,2.85,7.5,0,4,4.7,6,9,6,69,,2,1
107419,28,0,1.0,1,66.3,6.9,7.2,1,4.0,1.7,0,4,7.7,7,5,10,95,,2,1
107420,18,2,2.1,1,73.1,8.7,8.0,0,3.81,7.1,0,2,7.7,7,10,5,98,,2,0
107421,19,2,2.3,0,84.2,7.6,4.7,0,3.53,3.0,0,3,8.0,10,9,6,88,,2,1
107422,20,0,2.1,0,60.9,10.8,7.6,1,3.97,6.2,0,4,8.7,5,5,10,99,,1,1
107423,24,1,6.14,0,65.1,7.1,6.6,0,4.0,3.8,0,5,11.7,6,1,10,100,,2,1
107424,20,0,4.7,1,97.8,7.5,9.1,0,3.2,3.9,0,3,11.1,7,8,7,85,,1,1
107425,20,0,7.2,0,78.3,6.4,6.5,1,3.22,4.1,0,5,14.8,8,3,10,75,,2,0
107426,26,1,5.7,1,76.8,8.3,6.8,0,4.0,1.2,0,3,12.4,7,1,10,97,,2,0
107427,20,2,0.0,1,55.8,7.2,8.0,0,3.87,4.3,0,1,5.3,7,1,10,100,,2,1
107428,19,0,5.7,0,90.5,5.8,4.4,0,4.0,4.5,0,5,10.9,5,3,10,100,,1,1
107429,19,1,7.9,0,89.4,6.2,10.0,0,3.17,7.4,0,3,15.4,6,4,10,84,,1,1
107430,22,1,6.89,0,55.4,6.9,7.1,1,4.0,2.1,0,0,14.9,9,2,10,100,,1,1
107431,17,2,2.9,1,59.7,5.4,4.2,1,3.81,2.6,0,4,6.4,6,6,9,100,,1,1
107432,19,2,3.12,0,49.9,5.9,5.6,1,4.0,3.6,0,1,8.6,6,5,10,100,,3,0
107433,22,0,3.6,0,70.5,4.5,8.5,0,3.28,6.1,0,1,12.3,7,2,10,81,,3,1
107434,26,2,6.1,0,83.7,8.4,10.0,0,3.52,5.7,0,5,11.9,7,1,10,87,,2,1
107435,22,0,4.4,0,50.6,9.7,5.3,0,4.0,3.8,0,5,9.5,2,6,9,100,,1,0
107436,20,1,4.1,1,41.8,7.0,6.7,0,3.42,6.5,0,2,10.5,10,5,10,88,,3,1
107437,19,2,3.4,1,44.2,6.7,5.9,1,3.38,5.2,0,0,10.1,1,10,5,78,,2,1
107438,21,2,1.5,0,71.6,6.0,4.6,0,3.6,5.2,0,1,9.8,1,5,10,95,,0,1
107439,24,2,4.83,1,75.7,9.6,10.0,0,3.51,4.6,0,5,8.8,7,5,10,86,,2,0
107440,16,0,5.1,0,91.7,6.2,4.8,1,3.58,4.1,0,0,9.8,10,10,5,92,,2,1
107441,28,1,2.5,0,90.4,5.5,6.6,0,3.91,4.2,0,0,8.8,1,4,10,89,,0,1
107442,26,2,4.0,0,68.9,9.3,6.6,1,3.35,5.5,0,2,8.4,10,1,10,82,,0,1
107443,20,1,4.96,0,49.4,8.0,6.3,1,4.0,4.5,0,0,10.9,3,7,8,96,,2,1
107444,16,1,0.7,1,55.0,8.6,6.4,0,4.0,5.7,0,4,5.4,1,8,7,100,,0,1
107445,17,1,2.8,0,79.6,8.6,10.0,1,2.74,6.1,0,1,6.3,7,4,10,61,,0,1
107446,16,0,1.2,0,70.7,9.7,4.1,0,3.91,8.9,1,5,9.0,10,3,10,94,,1,0
107447,22,1,0.2,0,89.0,5.9,6.1,1,4.0,6.1,0,2,2.8,6,10,5,100,,3,0
107448,20,0,3.96,1,88.9,8.5,3.5,0,3.36,4.9,0,2,11.7,5,5,10,90,,2,0
107449,26,2,1.8,0,80.9,8.4,5.7,1,3.63,5.0,0,2,9.5,6,3,10,100,,2,1
107450,16,2,6.0,0,88.4,7.2,6.6,1,3.66,3.3,0,2,14.4,3,5,10,98,,2,1
107451,27,0,4.2,1,48.9,5.9,7.8,0,4.0,1.1,0,0,9.8,5,10,5,90,,2,1
107452,22,2,0.8,1,50.6,7.4,8.0,1,2.93,7.1,0,4,6.6,1,10,5,77,,2,0
107453,16,2,5.0,1,44.5,6.3,6.7,0,3.17,8.4,0,2,9.7,4,10,5,79,,0,0
107454,17,0,4.7,1,48.4,7.6,8.4,0,4.0,2.5,0,0,11.7,6,7,8,99,,2,1
107455,22,1,4.3,0,45.7,7.4,5.0,0,3.74,8.1,1,5,8.7,1,1,10,94,,0,0
107456,23,2,4.2,0,48.1,6.6,9.4,1,3.96,4.9,0,3,9.1,6,7,8,94,,2,1
107457,19,2,6.6,0,81.2,8.6,7.2,0,3.34,8.8,0,2,11.5,8,6,9,80,,3,1
107458,26,1,7.29,0,71.7,4.5,6.2,0,4.0,1.0,0,4,11.4,9,4,10,98,,1,1
107459,17,1,4.9,1,56.2,8.5,7.3,1,3.07,7.7,0,3,10.2,6,2,10,70,,2,1
107460,16,2,5.1,1,45.2,6.1,8.8,0,4.0,4.4,0,1,8.6,4,7,8,96,,0,1
107461,16,1,1.9,0,55.5,5.5,7.3,0,2.57,1.3,0,2,8.9,3,2,10,66,,3,1
107462,23,1,4.1,0,87.3,6.7,10.0,1,2.82,4.7,0,4,12.6,6,1,10,72,,2,1
107463,16,0,3.9,0,90.7,5.8,10.0,0,3.85,4.4,0,3,13.2,2,7,8,93,,3,0
107464,28,1,0.5,0,47.4,9.8,7.6,1,3.37,6.8,0,4,4.2,6,8,7,75,,2,1
107465,25,2,2.87,0,51.4,10.5,8.5,0,3.8,2.4,0,4,6.9,1,3,10,100,,1,1
107466,17,2,2.9,0,43.6,7.9,7.9,1,3.35,5.6,0,1,6.0,1,2,10,82,,3,0
107467,25,2,0.7,1,46.9,6.2,4.8,0,4.0,2.5,0,3,9.2,2,8,7,99,,2,1
107468,24,2,3.3,0,77.6,8.7,8.3,0,3.59,7.1,0,5,9.0,6,8,7,88,,2,1
107469,18,0,5.2,0,45.3,6.0,7.5,0,3.07,6.5,0,4,7.4,1,3,10,76,,2,1
107470,17,0,6.7,0,43.1,7.4,5.9,1,4.0,2.5,0,1,13.0,5,7,8,100,,1,1
107471,24,0,3.71,1,42.3,6.2,7.8,1,4.0,6.0,0,4,8.2,7,7,8,100,,2,1
107472,28,0,3.1,0,69.0,5.2,5.1,0,3.65,3.3,0,0,8.8,9,2,10,94,,1,1
107473,22,1,2.8,1,62.5,10.5,4.5,0,4.0,6.4,0,4,6.0,10,4,10,95,,3,1
107474,24,0,7.1,1,95.2,7.2,7.7,0,4.0,6.9,0,0,13.5,9,1,10,96,,0,0
107475,18,0,6.7,1,81.2,9.1,7.7,0,4.0,6.9,0,0,11.9,2,9,6,99,,2,0
107476,19,1,2.4,1,66.5,8.5,4.8,0,3.59,5.6,0,3,7.1,10,7,8,95,,3,1
107477,23,0,5.36,1,87.7,5.6,6.3,1,4.0,4.3,0,4,10.8,4,4,10,95,,0,1
107478,18,2,4.34,0,72.9,5.8,1.0,1,4.0,8.0,0,0,13.0,10,10,5,100,,1,0
107479,16,2,6.2,1,56.6,7.5,6.3,1,4.0,6.4,0,4,11.7,6,7,8,100,,0,1
107480,17,0,3.6,1,78.4,8.7,8.2,0,3.93,4.3,0,2,10.6,3,5,10,93,,2,0
107481,18,2,2.7,1,40.6,5.1,2.7,0,2.83,2.8,0,0,7.7,8,1,10,69,,1,1
107482,25,0,0.8,1,83.0,6.5,5.5,0,3.19,6.5,0,0,6.8,10,6,9,76,,3,0
107483,23,2,4.93,0,52.0,7.7,6.4,1,3.8,8.0,0,4,11.1,7,7,8,86,,2,1
107484,20,1,5.6,0,99.8,5.5,8.1,0,2.49,5.2,0,5,12.1,6,2,10,70,,2,0
107485,17,0,4.7,0,44.4,7.6,5.2,0,4.0,3.8,0,3,8.4,10,4,10,100,,3,1
107486,28,2,3.6,0,41.4,8.5,5.1,0,4.0,3.9,0,0,9.3,1,10,5,100,,1,1
107487,25,1,3.7,0,58.4,7.5,8.4,1,2.83,6.4,0,0,10.3,6,3,10,72,,2,1
107488,18,2,4.7,1,83.1,6.2,6.5,1,4.0,4.1,0,1,9.8,10,10,5,94,,2,1
107489,16,2,8.6,0,83.1,4.3,8.3,1,4.0,4.5,0,1,17.4,1,2,10,99,,0,0
107490,24,0,2.1,0,45.0,7.3,8.0,1,4.0,4.0,0,3,5.8,5,3,10,100,,3,1
107491,27,2,2.9,0,89.1,6.7,7.0,1,4.0,3.7,0,1,5.4,5,9,6,98,,2,1
107492,21,0,5.1,0,93.1,7.2,6.7,1,4.0,7.7,0,2,10.1,8,9,6,100,,3,1
107493,18,2,5.37,1,48.8,6.6,8.3,1,2.69,10.0,1,3,12.8,2,2,10,66,,3,0
107494,18,2,1.8,1,90.9,9.1,9.9,1,2.31,5.8,0,3,8.8,4,4,10,56,,2,0
107495,22,0,2.6,0,51.6,9.4,5.7,1,4.0,1.0,0,1,11.4,9,7,8,96,,3,1
107496,20,2,2.78,0,73.1,8.4,5.5,1,3.52,8.7,1,3,9.0,2,1,10,84,,2,1
107497,19,1,2.51,0,41.4,4.0,7.1,1,3.91,2.9,0,4,11.0,5,7,8,100,,3,1
107498,20,1,5.2,1,73.6,5.2,5.3,1,3.71,6.4,0,4,11.5,10,9,6,92,,1,0
107499,23,2,5.36,0,47.1,7.1,10.0,1,3.73,8.3,0,1,11.3,10,8,7,100,,0,1
107500,27,0,7.2,1,97.7,6.9,5.3,1,3.83,5.7,0,1,11.9,4,6,9,97,,1,1
107501,24,2,7.5,1,98.3,9.3,5.3,1,4.0,3.5,0,5,13.2,9,1,10,97,,1,1
107502,19,2,3.79,1,84.5,7.1,6.2,0,3.3,7.0,0,2,7.4,8,8,7,94,,2,1
107503,18,0,4.24,1,46.9,6.4,8.6,0,3.27,5.7,0,2,8.7,8,6,9,89,,0,0
107504,18,1,1.5,0,77.2,6.5,10.0,0,3.42,6.7,0,0,8.2,2,3,10,91,,1,1
107505,21,1,5.9,0,86.6,7.6,7.4,1,4.0,4.8,0,2,14.1,9,2,10,96,,0,1
107506,28,0,4.1,1,89.4,8.7,4.4,1,4.0,3.5,0,3,10.4,5,10,5,100,,2,0
107507,20,2,5.3,1,54.8,6.8,5.0,0,4.0,5.9,0,1,9.4,8,4,10,95,,1,0
107508,22,1,1.3,0,58.9,5.6,7.2,0,2.37,8.1,1,0,6.9,9,3,10,67,,2,1
107509,27,1,4.8,1,92.9,8.2,8.8,0,3.35,4.8,0,2,9.7,8,8,7,90,,0,0
107510,23,1,10.0,0,54.4,7.7,10.0,0,4.0,3.7,0,3,17.4,3,7,8,100,,2,1
107511,23,1,3.96,1,54.1,4.0,3.6,1,4.0,4.1,0,0,12.1,3,8,7,100,,1,1
107512,18,1,3.0,0,43.0,8.2,8.9,0,3.16,3.1,0,1,7.0,8,9,6,78,,0,0
107513,18,1,5.55,0,80.1,8.6,8.0,0,3.89,6.6,0,1,9.7,4,4,10,96,,1,1
107514,24,2,6.1,1,55.7,9.6,5.7,1,4.0,4.6,0,2,12.6,1,10,5,97,,3,1
107515,27,1,5.5,1,87.2,6.2,8.3,1,2.99,5.0,0,4,10.6,1,3,10,71,,2,1
107516,16,0,3.3,1,67.7,8.5,8.2,1,4.0,6.0,0,5,9.0,7,9,6,97,,3,1
107517,22,0,5.5,1,63.7,9.2,7.6,1,3.02,1.0,0,1,15.0,4,3,10,76,,2,1
107518,17,0,3.8,0,79.7,7.0,7.9,0,4.0,3.1,0,5,10.6,10,5,10,90,,1,1
107519,25,2,5.2,1,63.4,7.1,5.6,0,4.0,3.0,0,0,10.8,2,5,10,100,,3,1
107520,24,2,2.1,1,47.5,4.7,5.7,0,3.22,6.3,0,1,9.5,2,7,8,84,,1,1
107521,20,1,1.77,1,95.5,7.6,8.8,1,4.0,7.4,0,3,5.6,10,10,5,98,,0,1
107522,24,2,3.5,1,62.4,7.7,7.1,1,4.0,6.3,0,0,5.8,6,7,8,100,,3,0
107523,27,2,9.1,0,48.0,5.2,10.0,1,4.0,1.1,0,2,13.9,8,9,6,96,,1,1
107524,23,2,6.2,0,76.0,4.9,8.6,0,3.33,4.9,0,2,14.0,6,8,7,90,,2,0
107525,27,1,5.4,1,54.3,8.4,5.7,1,3.48,9.5,1,4,11.6,5,3,10,87,,0,1
107526,24,1,3.1,1,73.8,5.6,7.7,1,3.22,4.7,0,0,8.8,4,9,6,78,,1,1
107527,22,1,6.0,0,85.3,7.7,10.0,0,3.64,6.1,0,4,12.8,4,2,10,94,,2,1
107528,21,0,4.4,0,75.1,4.2,10.0,0,4.0,2.6,0,3,8.2,2,8,7,100,,0,1
107529,16,2,3.5,0,42.6,7.6,9.0,0,3.3,4.6,0,0,10.4,6,6,9,87,,3,0
107530,28,2,0.0,1,89.8,8.2,7.0,1,2.61,2.9,0,4,4.8,8,7,8,73,,2,1
107531,26,2,4.4,0,78.2,6.7,6.2,1,2.65,7.8,0,0,10.1,4,3,10,63,,1,1
107532,18,2,9.75,1,66.5,5.5,7.7,1,3.55,7.2,0,4,17.7,3,4,10,88,,2,1
107533,20,0,6.37,0,53.3,6.7,6.9,0,4.0,5.1,0,1,13.0,7,2,10,100,,2,1
107534,22,2,1.8,0,98.2,8.8,9.2,0,3.44,5.0,0,5,8.1,1,7,8,89,,2,0
107535,22,1,2.8,0,75.6,4.2,3.6,1,3.99,6.7,0,0,9.0,9,10,5,100,,1,1
107536,18,2,1.2,0,61.1,7.3,8.2,1,3.41,1.4,0,4,5.8,6,9,6,88,,3,1
107537,21,0,2.8,0,44.4,7.9,4.4,0,3.03,5.3,0,0,8.1,4,8,7,77,,3,0
107538,18,0,4.7,0,48.1,6.9,4.6,0,3.4,5.6,0,5,8.2,1,5,10,88,,1,1
107539,20,0,5.7,1,78.5,5.6,4.9,0,3.58,6.2,0,2,10.5,1,10,5,88,,3,1
107540,16,1,6.5,0,73.3,9.3,7.8,0,2.89,5.0,0,0,10.7,10,3,10,82,,2,1
107541,25,1,0.0,1,64.1,8.9,7.1,1,4.0,7.7,0,1,9.2,6,4,10,100,,3,1
107542,22,0,7.26,0,83.3,5.2,5.7,1,4.0,4.3,0,1,13.6,1,6,9,100,,2,1
107543,24,2,7.88,1,69.5,5.0,8.6,0,3.78,3.7,0,4,15.1,6,5,10,86,,2,1
107544,21,2,7.0,0,51.9,6.1,4.8,1,4.0,9.7,0,0,12.3,6,4,10,99,,1,0
107545,25,0,5.7,0,76.6,5.8,9.6,1,2.93,6.1,0,5,13.9,8,9,6,75,,2,0
107546,24,0,4.6,1,86.7,5.9,6.5,1,4.0,4.5,0,2,8.0,7,10,5,100,,2,1
107547,27,1,2.6,0,84.1,7.9,7.3,0,3.14,1.0,0,4,8.0,8,1,10,86,,2,1
107548,27,2,2.9,0,67.5,4.8,3.3,1,2.52,9.4,1,2,6.4,8,1,10,54,,2,0
107549,28,2,2.7,0,84.9,9.0,5.8,1,2.75,6.7,0,3,6.7,1,2,10,67,,2,0
107550,21,2,2.1,0,93.5,7.4,6.4,0,3.02,7.7,0,3,9.3,1,7,8,77,,2,1
107551,16,1,5.3,0,62.0,6.7,7.4,1,3.22,2.9,0,0,10.7,9,6,9,79,,3,1
107552,19,2,3.83,0,92.2,4.3,5.0,1,4.0,2.7,0,3,10.9,8,5,10,97,,3,1
107553,25,1,4.8,0,62.0,7.7,6.2,0,3.54,3.9,0,0,7.5,2,6,9,100,,1,1
107554,21,2,1.5,0,40.8,8.5,5.0,0,3.0,6.1,0,3,8.7,2,1,10,77,,3,0
107555,28,1,3.1,1,96.3,7.2,8.1,0,3.29,6.2,0,2,7.4,7,1,10,84,,2,0
107556,26,0,4.67,0,41.6,6.7,10.0,0,4.0,4.7,0,0,12.3,8,9,6,97,,1,0
107557,28,0,7.3,0,76.2,7.9,7.0,1,3.7,5.3,0,5,13.6,3,1,10,88,,0,1
107558,26,1,4.4,0,80.1,9.5,9.1,1,4.0,3.9,0,0,10.0,9,1,10,95,,3,1
107559,18,2,0.0,1,69.3,5.7,7.9,1,2.4,2.8,0,3,7.9,9,1,10,65,,2,1
107560,27,1,3.0,0,49.8,5.1,5.7,0,2.66,7.1,0,5,7.8,3,1,10,58,,1,1
107561,27,1,5.4,0,93.5,8.3,6.7,0,4.0,2.7,0,3,7.8,2,9,6,100,,2,0
107562,23,0,0.0,1,58.4,8.1,3.5,1,4.0,2.0,0,5,3.9,6,4,10,98,,1,1
107563,27,1,2.7,1,75.4,6.9,10.0,1,3.96,5.0,0,1,6.9,7,4,10,100,,3,0
107564,20,0,3.4,1,44.8,9.5,7.3,0,4.0,4.3,0,5,8.7,2,5,10,100,,2,0
107565,27,1,3.8,1,57.6,9.2,6.1,0,3.81,6.3,0,0,11.0,6,5,10,92,,2,1
107566,28,1,4.7,1,74.9,6.2,6.4,0,3.9,4.0,0,2,11.1,10,10,5,97,,2,0
107567,21,1,1.6,1,91.4,9.1,6.3,0,3.25,5.2,0,5,10.0,7,6,9,79,,1,1
107568,28,2,5.56,1,69.6,4.4,8.0,1,4.0,5.1,0,3,11.2,10,5,10,97,,1,1
107569,27,1,3.1,0,64.1,6.9,7.5,0,3.85,7.2,0,1,4.9,10,8,7,91,,2,0
107570,27,1,3.2,1,94.0,10.4,7.5,1,3.82,7.6,0,4,7.9,1,4,10,98,,3,1
107571,25,1,3.3,0,97.4,5.9,6.0,0,3.67,1.0,0,0,9.5,1,8,7,97,,0,1
107572,18,0,2.3,0,79.9,8.9,5.0,1,4.0,7.2,0,2,8.5,8,4,10,100,,3,1
107573,22,1,5.2,0,70.6,7.1,8.1,0,4.0,6.0,0,2,10.8,4,5,10,93,,2,0
107574,28,2,5.0,1,74.3,7.7,7.6,0,4.0,2.3,0,3,11.6,2,4,10,100,,1,0
107575,16,0,1.53,1,98.9,5.0,9.5,0,3.68,4.7,0,2,5.7,10,2,10,94,,0,0
107576,28,0,2.9,0,60.6,6.4,5.4,0,3.41,4.0,0,3,9.8,4,4,10,74,,1,1
107577,21,2,5.1,0,83.8,9.2,3.1,0,3.31,7.1,0,5,10.6,1,2,10,79,,1,0
107578,20,2,9.4,1,54.8,9.0,5.1,0,4.0,7.4,0,0,11.3,9,4,10,100,,0,1
107579,28,1,3.0,0,54.3,5.2,7.7,1,4.0,3.9,0,1,6.6,9,9,6,100,,1,1
107580,18,0,5.3,1,96.7,7.3,5.5,1,4.0,3.3,0,2,12.1,1,10,5,100,,2,1
107581,20,1,5.91,0,60.6,8.1,6.4,0,3.27,8.5,0,3,15.5,5,6,9,87,,2,1
107582,26,2,4.2,1,85.8,7.8,4.7,0,4.0,3.9,0,5,7.8,8,7,8,100,,2,0
107583,27,0,3.5,0,67.4,6.4,7.2,1,3.41,4.3,0,5,7.1,7,4,10,87,,1,0
107584,23,2,1.4,1,44.1,6.9,10.0,1,4.0,4.6,0,4,6.1,2,7,8,100,,0,1
107585,28,0,5.2,0,81.6,4.0,6.5,1,4.0,3.8,0,1,11.8,9,8,7,99,,2,1
107586,20,1,4.5,1,50.7,7.3,9.7,1,4.0,4.7,0,5,9.6,8,8,7,100,,1,0
107587,26,0,2.4,0,47.1,8.4,8.6,1,3.28,4.1,0,0,8.7,3,8,7,75,,2,0
107588,24,0,6.0,0,72.2,9.4,10.0,0,3.25,4.8,0,5,7.6,2,4,10,83,,2,1
107589,24,0,0.1,1,88.4,7.8,8.1,1,3.72,4.5,0,4,4.0,6,5,10,94,,3,1
107590,24,0,4.8,1,70.8,4.9,4.4,0,4.0,3.8,0,4,5.9,8,2,10,93,,0,0
107591,24,0,6.16,1,55.2,7.6,4.7,1,4.0,4.4,0,1,11.8,6,6,9,96,,1,1
107592,27,0,5.9,0,46.4,8.6,7.3,1,4.0,4.9,0,0,10.4,6,2,10,100,,2,0
107593,28,1,2.5,1,61.4,6.6,3.6,1,4.0,4.8,0,2,8.9,7,6,9,89,,1,1
107594,20,1,3.2,0,71.0,8.1,5.6,1,3.79,4.7,0,3,8.1,6,6,9,100,,2,0
107595,28,1,9.0,1,71.5,5.8,6.7,0,3.5,5.6,0,1,15.3,7,8,7,96,,0,1
107596,28,0,3.2,0,98.7,4.0,2.7,1,3.82,4.4,0,0,5.1,4,10,5,92,,2,0
107597,22,1,6.47,1,87.6,8.9,3.9,1,4.0,1.7,0,1,13.0,5,9,6,100,,0,1
107598,17,1,5.79,1,68.0,7.5,6.5,1,4.0,2.6,0,0,10.1,10,10,5,100,,3,0
107599,26,1,5.4,1,100.0,7.6,7.1,0,4.0,3.5,0,3,10.5,1,7,8,100,,0,1
107600,28,2,5.8,0,90.0,7.5,4.1,1,4.0,4.9,0,3,8.3,8,6,9,94,,2,1
107601,22,0,3.1,1,70.7,6.4,9.8,0,3.59,3.8,0,0,8.4,3,10,5,87,,1,0
107602,22,1,6.22,1,78.6,5.5,5.9,1,3.11,3.4,0,1,9.6,1,3,10,76,,1,0
107603,20,0,2.4,0,74.7,8.2,6.1,0,2.83,4.2,0,0,7.1,8,1,10,70,,2,0
107604,20,0,2.7,1,43.1,6.7,7.8,1,3.08,4.1,0,2,7.8,2,1,10,76,,2,1
107605,25,2,3.6,0,76.5,8.1,6.9,1,4.0,4.3,0,1,9.8,7,5,10,93,,2,1
107606,21,1,4.2,0,44.2,9.6,1.0,1,4.0,4.0,0,1,7.0,2,6,9,100,,2,1
107607,25,0,3.7,1,67.9,8.4,6.4,0,3.64,1.6,0,1,7.6,4,8,7,96,,3,0
107608,24,2,2.83,1,99.7,6.8,7.9,0,4.0,4.6,0,4,9.4,1,10,5,99,,1,1
107609,19,2,3.34,0,85.8,7.4,5.8,1,3.5,7.6,0,0,7.6,5,9,6,78,,1,0
107610,19,2,3.3,1,86.9,5.8,8.4,0,3.94,4.2,0,1,13.4,1,4,10,98,,3,0
107611,22,2,4.0,1,78.4,8.4,6.6,0,3.4,8.1,0,5,6.1,4,7,8,82,,3,1
107612,22,1,5.9,0,78.2,6.7,8.4,0,4.0,4.6,0,0,8.8,9,6,9,92,,2,0
107613,21,0,7.0,0,85.7,4.0,6.0,1,4.0,3.8,0,0,10.5,4,8,7,100,,1,0
107614,22,2,2.6,1,100.0,7.6,4.9,0,3.56,3.3,0,1,7.4,9,3,10,93,,1,0
107615,19,1,2.8,1,76.5,6.7,5.4,1,3.93,4.4,0,2,5.8,7,10,5,92,,2,0
107616,18,0,5.8,0,43.7,9.9,8.8,1,4.0,4.8,0,0,8.8,9,1,10,98,,2,1
107617,20,0,0.0,1,85.7,4.1,7.2,1,3.99,3.0,0,1,2.5,3,8,7,100,,0,1
107618,22,1,4.8,1,84.7,8.9,8.4,1,4.0,1.8,0,4,9.2,4,3,10,97,,2,0
107619,22,1,6.5,1,64.6,7.7,7.8,0,2.79,8.2,0,4,11.7,1,5,10,72,,1,0
107620,23,0,4.9,1,85.4,7.0,6.2,0,3.71,8.1,0,0,8.6,4,8,7,100,,3,1
107621,25,2,5.5,1,84.1,4.0,9.9,0,2.8,6.3,0,5,11.3,5,3,10,69,,2,0
107622,17,0,4.9,1,58.4,8.5,9.1,0,4.0,7.1,0,2,12.0,1,5,10,100,,3,0
107623,27,2,5.1,0,48.2,6.9,7.7,1,2.65,4.8,0,3,12.4,10,3,10,70,,2,0
107624,20,1,3.53,1,66.2,7.5,3.2,0,3.26,4.4,0,0,7.3,8,3,10,78,,2,1
107625,26,0,2.2,0,61.9,9.4,7.0,0,4.0,5.7,0,2,10.2,9,5,10,100,,1,1
107626,17,1,6.2,0,77.5,8.7,8.3,0,4.0,4.7,0,4,7.3,1,8,7,97,,2,1
107627,27,1,2.5,1,82.9,8.2,10.0,1,3.66,5.1,0,3,6.1,1,1,10,100,,1,1
107628,24,2,3.8,1,73.6,4.0,6.2,1,2.9,4.9,0,3,11.3,10,4,10,79,,3,0
107629,21,0,4.3,0,69.7,8.3,6.9,0,4.0,1.7,0,3,10.7,8,7,8,100,,1,1
107630,22,2,5.1,1,93.1,7.2,6.4,1,3.28,2.6,0,1,13.5,2,2,10,85,,3,0
107631,18,1,2.0,0,84.7,7.4,5.5,0,3.69,5.5,0,2,7.6,2,5,10,89,,1,0
107632,27,0,3.6,1,67.3,5.6,7.7,0,4.0,4.7,0,4,7.6,5,5,10,100,,1,1
107633,26,0,5.7,0,92.5,5.8,8.7,1,2.86,6.8,0,5,12.5,5,4,10,65,,1,1
107634,25,0,3.0,0,40.9,7.4,6.2,1,3.02,9.2,1,5,6.9,3,3,10,78,,2,1
107635,28,2,5.47,1,59.4,4.7,7.0,0,2.92,9.2,0,5,8.6,8,8,7,76,,2,0
107636,27,1,4.2,1,88.8,6.4,6.4,1,3.86,4.5,0,1,9.4,2,6,9,96,,1,1
107637,20,2,2.4,0,58.3,5.9,10.0,0,4.0,4.0,0,4,3.9,3,3,10,100,,1,0
107638,17,0,2.8,0,69.9,7.7,7.8,0,3.18,2.9,0,0,7.6,3,2,10,72,,1,1
107639,28,2,1.54,0,88.2,4.0,4.7,0,2.38,6.0,0,3,5.9,2,6,9,71,,1,1
107640,19,0,0.0,0,93.1,6.1,9.3,0,3.92,6.4,0,2,4.6,9,7,8,100,,3,1
107641,24,1,7.45,1,47.6,4.7,7.8,0,3.35,4.3,0,3,14.3,1,5,10,84,,2,1
107642,17,2,7.0,0,94.6,9.1,6.8,1,4.0,3.1,0,1,11.1,4,4,10,100,,1,1
107643,27,0,8.7,1,96.5,5.7,6.8,1,3.93,4.2,0,3,16.0,1,3,10,96,,0,1
107644,16,0,2.6,1,67.3,8.0,6.5,0,4.0,7.4,0,2,7.1,1,3,10,100,,1,1
107645,26,2,3.3,1,86.1,8.7,9.9,0,4.0,5.8,0,2,10.4,7,2,10,98,,2,1
107646,26,2,4.9,1,61.1,7.5,9.7,1,3.84,5.9,0,5,11.0,5,9,6,95,,3,1
107647,22,0,2.7,0,47.1,5.8,4.2,0,2.65,5.1,0,5,8.6,3,5,10,66,,2,1
107648,20,0,1.9,0,47.3,5.6,2.6,1,4.0,8.2,0,1,3.7,6,6,9,100,,2,1
107649,26,1,4.4,1,47.9,7.5,5.1,0,4.0,8.7,0,4,13.9,4,9,6,100,,1,1
107650,23,0,4.7,0,90.9,6.0,4.9,1,2.85,7.3,0,3,10.2,2,2,10,64,,3,1
107651,19,2,5.7,0,58.2,6.4,6.7,0,2.85,3.1,0,1,14.7,7,3,10,59,,0,0
107652,25,2,3.9,1,91.0,7.2,10.0,1,4.0,5.8,0,4,12.8,8,2,10,100,,3,1
107653,27,1,5.0,0,61.4,7.1,6.0,1,4.0,9.1,0,3,11.9,4,10,5,98,,0,0
107654,27,2,6.2,1,77.4,8.3,8.7,0,4.0,3.6,0,5,10.8,5,8,7,94,,1,1
107655,23,0,5.5,1,48.4,4.8,7.3,0,3.88,6.1,0,3,8.9,2,4,10,92,,2,1
107656,25,1,6.0,0,58.9,9.7,4.8,0,4.0,7.1,0,5,9.0,6,2,10,98,,0,0
107657,22,1,3.7,0,73.0,6.2,6.1,1,3.8,8.7,1,1,7.4,3,1,10,99,,1,1
107658,20,1,6.1,0,91.7,9.2,6.6,1,3.93,5.0,0,3,14.6,7,7,8,99,,1,1
107659,23,0,6.0,1,83.6,8.9,7.2,0,4.0,4.2,0,2,12.1,9,10,5,100,,2,1
107660,28,2,4.8,1,54.7,6.8,8.9,0,3.72,3.6,0,3,10.8,4,2,10,100,,2,1
107661,26,0,6.7,1,69.4,7.5,8.6,1,3.61,6.3,0,3,10.7,8,6,9,87,,0,0
107662,27,0,2.9,0,49.5,7.9,7.8,1,3.01,4.6,0,3,5.7,2,5,10,81,,0,0
107663,20,0,4.7,0,44.1,7.0,7.4,1,4.0,1.9,0,2,7.7,5,5,10,100,,2,0
107664,16,0,5.1,0,84.5,8.5,6.8,0,3.86,7.2,0,2,12.2,3,2,10,92,,2,1
107665,23,0,7.2,0,56.9,5.0,3.7,0,3.32,2.8,0,3,12.1,5,5,10,88,,2,0
107666,22,1,5.5,1,77.5,8.0,10.0,0,4.0,4.9,0,3,9.2,9,7,8,96,,3,0
107667,24,2,2.0,1,70.4,5.6,7.5,0,2.34,5.0,0,4,10.0,6,7,8,59,,2,0
107668,17,2,3.8,0,42.2,10.2,6.9,0,4.0,4.2,0,4,11.1,4,6,9,100,,1,1
107669,22,2,4.1,0,72.4,7.8,6.9,0,3.66,5.8,0,2,12.6,10,1,10,100,,2,0
107670,19,0,3.8,0,56.7,4.0,5.3,1,3.08,4.4,0,4,9.2,1,3,10,82,,3,0
107671,21,1,7.6,1,42.9,6.7,5.6,0,3.59,3.8,0,4,8.6,8,1,10,98,,2,1
107672,28,2,2.9,0,65.8,7.1,3.4,1,4.0,6.7,0,1,7.5,1,6,9,100,,2,0
107673,16,1,2.4,1,95.4,4.0,9.8,0,2.73,4.4,0,0,11.5,9,3,10,74,,2,0
107674,16,0,7.9,1,53.3,6.9,6.4,0,4.0,5.4,0,3,12.8,10,9,6,98,,2,1
107675,22,1,4.1,0,95.9,5.3,4.6,0,3.73,7.9,0,2,9.1,7,6,9,100,,0,1
107676,19,2,4.4,1,78.9,7.1,10.0,0,4.0,2.3,0,5,9.6,1,10,5,100,,1,0
107677,19,0,6.3,0,66.6,6.8,3.7,1,3.15,5.5,0,2,10.2,9,5,10,85,,2,1
107678,23,2,7.7,1,86.2,5.1,6.9,1,3.4,5.1,0,5,14.3,2,7,8,83,,1,1
107679,26,0,2.4,1,90.3,9.0,7.9,0,2.82,5.4,0,2,10.4,4,2,10,68,,3,0
107680,22,1,3.7,1,40.8,7.2,10.0,0,2.51,4.3,0,2,11.1,8,4,10,53,,1,1
107681,21,2,4.2,0,89.3,6.4,7.0,0,4.0,5.6,0,5,10.4,10,2,10,95,,0,1
107682,16,2,2.0,1,84.8,7.3,4.8,0,3.06,4.1,0,5,5.8,10,4,10,84,,0,0
107683,26,2,5.5,0,42.5,7.2,9.7,1,4.0,6.2,0,0,12.3,8,10,5,100,,2,1
107684,18,2,3.8,1,90.6,4.5,5.8,0,2.75,5.9,0,0,8.4,4,2,10,59,,2,1
107685,27,1,6.6,1,85.1,5.4,4.3,1,3.48,4.3,0,5,9.4,4,1,10,87,,2,0
107686,21,2,5.5,1,41.4,4.7,7.3,0,3.05,8.1,0,2,12.2,6,9,6,80,,1,1
107687,26,1,0.6,0,40.0,4.3,6.4,0,2.42,6.1,0,0,5.4,7,8,7,60,,2,1
107688,23,1,4.5,0,76.8,8.2,4.7,1,4.0,4.0,0,2,9.2,2,1,10,95,,2,1
107689,21,0,1.0,1,90.1,8.2,9.0,0,2.92,4.4,0,0,9.9,1,8,7,74,,2,1
107690,27,0,4.7,0,91.2,8.8,6.9,0,2.63,6.4,0,0,10.2,10,1,10,64,,2,1
107691,26,1,6.6,0,83.8,7.4,7.6,0,4.0,5.5,0,4,12.5,3,9,6,100,,1,0
107692,16,1,2.7,1,82.0,5.8,3.8,0,3.87,7.9,0,1,6.7,4,10,5,99,,3,1
107693,17,1,7.5,1,83.7,9.1,9.4,1,4.0,4.3,0,3,16.9,4,5,10,96,,2,1
107694,17,0,2.6,1,85.3,6.4,5.9,1,3.4,4.2,0,0,7.4,5,6,9,90,,3,1
107695,19,0,4.5,1,68.1,6.9,7.8,1,4.0,6.2,0,4,9.0,10,3,10,100,,2,0
107696,16,2,3.5,1,76.4,6.3,4.6,0,3.27,4.1,0,5,6.5,1,7,8,81,,1,1
107697,27,1,5.0,0,84.0,7.8,9.1,1,3.93,5.4,0,3,8.7,6,8,7,99,,1,1
107698,18,2,7.8,0,94.4,6.0,4.6,1,3.7,6.1,0,1,10.2,4,4,10,100,,2,1
107699,17,1,5.4,1,97.0,5.7,4.4,0,3.33,3.6,0,2,13.9,8,8,7,84,,2,1
107700,18,0,3.1,1,65.4,7.6,8.1,1,3.08,3.3,0,3,5.7,3,2,10,78,,2,1
107701,26,2,5.3,1,94.0,7.7,6.3,0,3.93,8.1,0,3,9.9,6,5,10,100,,1,1
107702,18,0,7.16,1,90.3,5.1,8.4,0,4.0,9.4,0,3,11.0,5,10,5,100,,1,0
107703,24,0,5.55,0,76.6,8.4,4.7,1,4.0,3.7,0,5,9.0,7,6,9,100,,1,1
107704,24,0,3.13,1,76.0,6.8,9.1,0,3.72,3.5,0,1,8.9,8,5,10,85,,3,1
107705,20,2,7.2,0,51.5,6.4,4.4,0,3.77,4.2,0,1,15.9,2,5,10,93,,1,1
107706,20,2,3.3,1,88.7,9.7,6.5,0,3.96,5.9,0,3,6.1,2,1,10,100,,1,1
107707,20,0,5.4,0,63.2,8.9,8.8,0,3.68,6.5,0,3,11.4,3,4,10,90,,2,1
107708,17,1,3.4,1,99.6,5.9,8.7,0,4.0,1.7,0,1,10.0,1,9,6,100,,2,1
107709,28,2,1.8,1,45.0,6.9,5.9,0,4.0,6.7,0,3,7.6,7,2,10,100,,3,1
107710,17,1,4.38,0,62.5,8.4,5.5,0,4.0,6.7,0,2,11.8,9,3,10,100,,1,1
107711,27,0,6.3,0,40.3,5.0,9.6,0,4.0,1.4,0,5,13.8,10,6,9,97,,1,1
107712,20,0,5.2,1,47.8,4.1,5.3,1,4.0,2.8,0,5,12.9,5,3,10,100,,1,0
107713,19,1,2.6,0,92.6,9.8,2.5,0,3.79,5.3,0,1,10.4,4,7,8,95,,2,1
107714,27,1,4.8,0,94.2,6.1,7.7,0,4.0,3.8,0,0,8.9,2,8,7,95,,1,1
107715,27,1,5.25,0,99.6,6.8,8.5,1,4.0,5.3,0,0,10.4,3,3,10,100,,1,1
107716,21,2,6.1,1,77.9,5.5,8.7,1,4.0,6.7,0,3,10.3,2,9,6,96,,3,0
107717,16,0,4.3,0,56.1,7.3,7.5,0,3.24,4.4,0,0,9.6,7,5,10,82,,3,0
107718,24,0,1.0,0,75.5,6.4,7.5,1,3.12,3.5,0,2,6.7,1,9,6,76,,3,0
107719,26,1,6.11,1,95.3,9.9,4.8,0,4.0,1.0,0,4,13.6,2,7,8,100,,2,1
107720,18,2,3.9,0,42.1,5.9,4.9,0,2.47,5.2,0,1,10.8,5,7,8,69,,0,0
107721,20,1,5.9,1,91.3,8.6,6.4,0,3.37,4.8,0,2,11.0,5,1,10,85,,1,0
107722,21,2,2.4,0,71.9,6.2,5.0,1,3.31,2.2,0,5,8.6,6,4,10,76,,2,0
107723,25,2,1.3,1,76.1,6.4,5.1,0,3.29,9.7,0,2,7.9,2,6,9,81,,2,0
107724,23,0,5.7,0,74.5,7.1,4.1,1,3.27,2.0,0,2,13.0,6,1,10,88,,2,1
107725,21,2,2.3,0,40.1,7.2,10.0,0,2.89,2.5,0,4,7.7,6,6,9,68,,2,1
107726,23,2,5.1,0,97.1,8.9,10.0,1,3.67,6.1,0,1,10.8,5,10,5,93,,3,0
107727,22,1,7.3,0,88.3,6.9,7.1,0,2.9,3.1,0,0,12.0,9,1,10,74,,2,1
107728,24,0,6.4,0,66.5,6.7,7.5,0,3.12,3.2,0,2,12.7,5,2,10,80,,1,0
107729,18,2,0.6,0,94.3,5.2,7.1,1,2.45,3.7,0,0,8.3,5,5,10,61,,0,0
107730,19,0,5.1,1,91.8,9.1,7.6,1,2.79,7.9,0,2,11.4,3,4,10,65,,2,1
107731,22,1,3.6,1,77.1,8.0,7.3,0,3.69,4.0,0,4,7.9,8,6,9,86,,2,0
107732,16,2,3.2,0,49.6,8.0,4.2,0,3.52,4.5,0,0,9.1,4,4,10,81,,1,0
107733,24,0,7.4,1,82.6,8.3,8.4,1,4.0,2.6,0,0,14.2,3,5,10,100,,1,1
107734,17,1,4.8,1,82.3,9.4,7.6,0,3.15,8.1,0,4,5.3,9,7,8,78,,3,1
107735,18,1,1.67,1,55.7,5.1,8.6,0,4.0,5.0,0,1,5.1,2,4,10,100,,2,1
107736,26,0,8.8,1,56.2,4.1,6.2,1,3.97,2.9,0,5,15.4,4,7,8,98,,1,1
107737,23,1,2.6,0,91.5,6.3,9.0,1,4.0,5.7,0,4,7.9,1,2,10,99,,1,0
107738,27,1,6.0,0,60.5,6.6,5.7,0,3.88,3.2,0,5,11.8,10,7,8,95,,3,0
107739,23,0,3.0,0,95.3,6.1,5.3,0,3.38,2.6,0,1,9.6,3,4,10,79,,3,0
107740,28,1,3.8,0,90.3,6.4,8.6,0,3.16,5.8,0,2,12.4,3,7,8,74,,2,1
107741,25,2,2.21,1,54.5,9.5,3.2,0,3.23,4.8,0,1,4.7,4,3,10,90,,2,0
107742,21,1,0.6,1,43.7,5.6,4.7,1,4.0,8.0,0,3,7.1,8,8,7,100,,3,0
107743,24,1,4.5,0,74.0,5.2,3.6,0,3.67,7.5,0,2,7.7,7,3,10,88,,1,1
107744,25,2,5.1,0,76.9,6.2,5.4,1,2.88,4.1,0,0,13.0,8,3,10,72,,2,1
107745,18,2,5.7,1,83.7,7.9,5.2,0,4.0,1.3,0,0,13.8,2,10,5,94,,0,0
107746,22,2,2.9,1,88.4,8.5,4.2,0,3.94,4.2,0,5,8.3,2,2,10,100,,2,1
107747,20,1,6.2,1,69.0,7.5,10.0,1,3.11,6.0,0,1,13.9,10,1,10,81,,1,0
107748,24,2,0.7,1,69.5,7.2,8.3,0,1.92,5.9,0,4,7.8,7,2,10,45,,3,1
107749,19,2,2.5,0,54.3,8.8,6.9,1,3.62,4.6,0,1,5.8,6,1,10,87,,1,1
107750,24,1,5.6,1,98.3,5.5,8.8,1,3.99,6.1,0,3,13.3,8,5,10,100,,3,0
107751,18,1,2.4,0,98.2,7.2,4.9,0,2.45,4.8,0,3,4.4,3,1,10,62,,2,1
107752,21,1,1.0,1,83.0,6.3,6.2,1,3.3,6.7,0,2,7.0,5,5,10,75,,1,1
107753,16,1,3.9,0,66.7,5.9,9.2,1,4.0,4.3,0,2,7.2,3,10,5,100,,3,1
107754,24,1,3.7,0,88.0,7.3,3.6,1,3.64,3.6,0,0,10.0,3,7,8,91,,2,1
107755,16,2,0.76,1,71.0,6.1,4.4,1,2.42,4.9,0,5,8.3,4,1,10,69,,2,0
107756,19,0,7.5,1,82.0,5.9,5.2,1,4.0,3.6,0,0,13.6,3,10,5,89,,0,1
107757,23,2,2.31,0,90.3,6.4,6.1,0,4.0,5.0,0,5,7.6,1,3,10,99,,2,1
107758,16,1,0.0,1,98.2,5.0,8.6,0,4.0,7.8,0,1,6.2,3,10,5,100,,0,0
107759,17,2,0.0,0,94.3,8.3,3.5,1,3.53,4.4,0,4,4.6,9,10,5,90,,1,1
107760,21,1,4.7,0,46.8,4.8,4.7,0,3.1,8.8,0,5,9.9,9,10,5,78,,0,1
107761,22,1,1.4,1,72.4,7.0,8.2,1,2.52,3.0,0,1,7.2,5,6,9,67,,1,1
107762,26,0,0.0,1,98.9,6.8,6.1,1,3.92,4.3,0,2,4.8,7,10,5,94,,2,1
107763,18,2,1.8,1,65.6,5.7,5.4,0,3.37,4.4,0,4,4.5,5,2,10,77,,2,1
107764,18,1,5.4,1,74.6,7.8,8.9,1,4.0,2.2,0,1,12.3,9,3,10,100,,1,0
107765,23,2,2.6,0,92.6,9.6,5.2,1,3.38,8.9,0,5,8.8,10,5,10,79,,2,1
107766,20,2,1.7,0,84.7,5.5,8.0,1,2.62,3.6,0,3,6.8,8,4,10,73,,2,1
107767,23,1,7.68,0,73.7,5.2,6.0,0,4.0,4.0,0,1,16.2,8,9,6,98,,0,0
107768,20,0,4.2,1,40.5,6.2,5.0,1,4.0,6.6,0,1,14.5,1,1,10,100,,1,1
107769,22,1,6.1,0,49.1,7.6,6.2,0,4.0,4.1,0,5,12.1,2,7,8,95,,2,1
107770,23,0,5.7,0,54.1,7.2,8.9,0,4.0,3.2,0,4,11.1,10,5,10,96,,2,1
107771,20,1,1.3,0,78.2,8.8,5.8,1,2.93,4.2,0,5,7.1,10,2,10,68,,1,0
107772,18,1,5.3,1,67.0,5.2,6.0,1,3.89,5.6,0,3,11.6,2,1,10,97,,0,1
107773,23,0,0.0,1,65.3,9.0,3.5,1,3.92,4.0,0,1,5.1,8,7,8,94,,1,1
107774,22,0,5.5,0,72.1,6.8,7.0,0,4.0,5.8,0,1,10.7,8,4,10,100,,2,1
107775,18,0,4.0,1,65.6,8.1,8.7,1,3.1,3.0,0,1,6.9,8,6,9,83,,3,1
107776,28,1,7.2,1,74.4,8.4,7.9,0,3.08,7.2,0,4,8.9,4,5,10,83,,2,1
107777,24,2,4.19,0,72.3,4.2,4.3,1,4.0,3.9,0,5,11.4,10,1,10,93,,0,1
107778,25,2,4.2,0,80.1,8.9,4.4,0,4.0,7.3,0,2,12.2,9,7,8,100,,2,0
107779,23,1,7.3,0,98.1,6.2,5.3,1,4.0,6.5,0,1,14.5,8,7,8,100,,3,0
107780,18,0,4.6,1,81.8,5.0,9.2,0,4.0,4.6,0,2,10.4,8,9,6,100,,3,0
107781,25,2,2.8,1,97.4,7.0,5.2,1,2.93,6.5,0,5,5.7,3,2,10,74,,3,1
107782,19,2,6.2,0,77.2,6.9,5.2,1,3.56,8.0,0,5,9.0,1,1,10,86,,2,0
107783,21,1,3.6,0,93.6,7.3,5.8,1,4.0,4.3,0,5,6.2,4,8,7,100,,2,1
107784,19,2,5.8,1,88.1,8.8,1.7,0,2.98,7.3,0,0,12.4,10,4,10,74,,3,0
107785,17,0,4.1,0,66.3,5.1,10.0,1,4.0,3.3,0,1,10.0,8,10,5,100,,3,1
107786,23,2,2.5,0,91.9,8.3,6.9,0,4.0,4.4,0,4,5.6,8,2,10,98,,1,1
107787,24,2,8.72,0,72.9,7.2,10.0,1,4.0,4.3,0,0,13.8,8,2,10,96,,2,0
107788,20,1,7.0,1,57.9,6.6,5.7,1,3.97,4.5,0,5,11.5,5,5,10,97,,3,1
107789,21,2,7.6,1,50.3,6.5,2.4,0,4.0,4.9,0,4,13.9,8,9,6,100,,3,0
107790,21,1,3.6,1,67.0,6.3,4.5,1,3.55,2.7,0,4,8.2,6,4,10,80,,2,1
107791,26,0,2.1,0,80.5,6.6,7.0,1,2.78,5.1,0,3,7.0,3,7,8,67,,2,0
107792,18,2,2.6,1,81.8,6.9,8.6,0,3.57,5.6,0,2,11.2,5,4,10,88,,2,1
107793,18,0,2.0,0,46.8,7.6,6.8,0,2.91,6.8,0,4,8.4,8,5,10,70,,2,1
107794,21,2,4.5,0,59.1,8.7,10.0,1,4.0,6.6,0,0,6.2,9,10,5,100,,1,1
107795,26,1,3.0,0,91.1,8.5,6.2,1,3.9,6.6,0,1,7.0,7,1,10,94,,1,0
107796,27,2,2.0,1,65.3,8.1,8.8,0,3.41,3.7,0,0,7.4,9,2,10,85,,2,0
107797,27,0,2.5,0,58.9,8.2,6.5,1,3.75,4.5,0,0,9.6,6,1,10,89,,2,0
107798,26,2,3.1,1,78.8,4.4,7.9,1,2.87,2.0,0,1,10.6,9,3,10,75,,2,0
107799,27,1,3.0,0,40.9,6.9,8.7,1,3.27,6.5,0,3,9.7,9,3,10,86,,1,1
107800,28,2,4.9,0,42.6,5.5,3.9,1,3.75,7.8,0,1,11.6,3,8,7,87,,2,1
107801,21,0,1.9,1,73.7,5.7,5.7,1,4.0,5.3,0,5,9.4,7,10,5,93,,2,0
107802,19,0,1.1,1,97.5,6.3,10.0,0,2.33,4.9,0,5,7.6,1,1,10,58,,3,0
107803,24,2,5.96,1,44.5,6.9,7.9,0,3.66,4.9,0,1,14.0,2,6,9,87,,2,1
107804,23,2,4.8,0,92.4,6.0,8.7,1,2.66,4.7,0,5,11.0,7,2,10,63,,2,0
107805,25,0,7.4,0,64.0,5.5,9.7,0,3.23,2.6,0,0,12.7,6,2,10,71,,1,1
107806,28,1,3.7,1,69.4,8.1,7.3,1,3.44,6.7,0,3,12.5,9,3,10,87,,1,0
107807,23,2,5.0,0,43.6,7.4,8.3,0,4.0,5.6,0,3,11.0,7,7,8,100,,1,1
107808,26,0,4.6,0,94.5,7.7,7.9,1,4.0,6.3,0,4,7.9,7,9,6,100,,3,1
107809,28,0,7.9,1,54.4,4.0,6.1,1,4.0,4.9,0,5,12.9,9,6,9,100,,2,0
107810,18,1,7.0,1,67.7,9.3,6.7,1,3.81,8.0,0,3,13.6,8,2,10,96,,2,1
107811,20,2,3.4,0,97.2,6.1,8.4,1,2.83,6.1,0,4,6.9,2,4,10,69,,2,0
107812,16,2,4.8,0,71.8,6.4,8.2,0,4.0,3.8,0,1,6.7,9,10,5,100,,1,1
107813,26,1,2.5,0,80.6,4.3,7.1,0,3.77,5.3,0,1,6.4,8,3,10,92,,0,0
107814,19,1,1.7,0,56.0,7.9,6.5,0,3.36,5.3,0,4,6.7,5,9,6,80,,1,1
107815,21,2,2.1,1,67.3,10.3,7.5,0,3.24,7.3,0,5,7.8,7,3,10,82,,1,1
107816,27,0,6.2,0,57.0,6.3,10.0,1,3.31,5.1,0,3,7.1,6,3,10,78,,1,0
107817,26,1,1.5,1,95.7,7.9,7.1,1,4.0,2.9,0,0,9.2,5,3,10,99,,3,1
107818,19,0,1.4,0,76.8,10.4,9.7,0,2.64,6.6,0,3,6.2,5,1,10,70,,2,1
107819,23,0,1.8,0,59.0,8.1,9.8,0,3.36,3.6,0,3,4.7,2,9,6,87,,2,0
107820,22,0,2.65,1,84.4,6.5,6.8,1,3.93,4.6,0,2,6.3,10,2,10,100,,2,1
107821,16,2,7.3,0,46.3,5.7,7.8,1,3.85,4.0,0,2,12.6,8,8,7,94,,1,1
107822,21,1,4.12,0,100.0,9.3,8.9,1,4.0,1.8,0,1,10.0,5,2,10,100,,3,0
107823,19,1,3.1,0,80.3,4.0,8.7,1,2.81,4.9,0,5,11.3,6,9,6,71,,3,0
107824,16,2,2.8,1,92.6,7.3,2.9,0,2.68,7.1,0,1,8.8,8,9,6,60,,2,1
107825,17,0,4.69,1,94.7,7.9,5.1,1,4.0,5.1,0,0,9.9,2,9,6,97,,1,0
107826,24,0,5.2,1,70.0,7.3,6.6,0,3.87,2.8,0,4,13.1,5,7,8,100,,3,0
107827,18,2,4.2,0,76.0,7.6,7.3,1,3.45,5.7,0,1,7.6,6,5,10,89,,1,1
107828,25,1,7.77,0,65.6,9.2,2.9,1,3.69,3.6,0,5,13.5,10,4,10,93,,2,0
107829,19,2,3.3,0,93.7,4.8,5.8,0,4.0,1.8,0,0,5.9,2,8,7,100,,2,0
107830,21,0,4.21,0,75.7,7.8,8.1,1,3.74,2.6,0,1,14.0,2,7,8,94,,0,1
107831,26,1,1.5,0,95.0,6.9,10.0,0,3.3,1.0,0,1,9.4,8,1,10,74,,3,0
107832,22,0,7.84,0,60.1,6.6,5.6,1,4.0,4.9,0,3,13.4,7,4,10,100,,3,1
107833,25,0,8.21,0,72.3,8.7,6.9,0,3.79,10.0,1,1,12.8,8,2,10,94,,3,0
107834,27,1,5.2,1,40.9,8.9,7.1,1,4.0,4.8,0,2,12.2,1,4,10,92,,1,0
107835,23,0,3.82,0,45.9,7.6,5.1,1,4.0,4.5,0,1,7.5,6,4,10,100,,1,0
107836,16,2,4.9,1,74.0,6.7,8.9,1,3.46,3.9,0,5,10.1,8,3,10,84,,3,0
107837,23,1,2.5,1,51.3,5.2,2.7,1,4.0,9.5,0,0,7.7,3,5,10,98,,1,0
107838,17,2,5.0,0,74.3,9.5,6.6,0,4.0,4.6,0,1,9.9,8,7,8,98,,2,0
107839,21,0,1.11,0,78.0,11.7,5.6,0,4.0,3.6,0,0,5.1,8,7,8,97,,2,0
107840,28,2,6.8,0,60.6,8.6,3.3,1,4.0,8.6,0,4,14.4,9,5,10,100,,1,1
107841,22,0,5.85,0,47.2,7.6,9.6,1,4.0,2.0,0,0,9.2,10,10,5,100,,3,1
107842,25,0,0.0,0,46.3,5.7,7.2,0,4.0,2.3,0,0,5.1,9,4,10,100,,1,1
107843,28,0,4.9,1,71.3,6.5,4.6,0,3.21,8.6,0,0,12.3,8,6,9,90,,2,0
107844,19,1,3.0,1,51.1,5.7,9.2,0,4.0,4.5,0,0,11.3,9,10,5,95,,1,1
107845,18,0,0.4,0,94.1,9.7,6.6,1,2.53,8.7,1,4,6.9,10,2,10,71,,2,1
107846,19,2,6.94,0,78.6,6.0,10.0,0,4.0,2.4,0,0,13.5,8,10,5,95,,1,1
107847,16,0,8.1,1,85.0,4.9,9.0,1,3.83,4.4,0,2,12.7,6,5,10,100,,2,1
107848,25,2,5.4,0,88.6,4.5,6.7,1,4.0,5.7,0,2,10.8,10,9,6,89,,3,0
107849,22,0,2.3,1,56.5,8.0,3.5,0,3.81,3.7,0,5,7.6,10,6,9,89,,3,1
107850,25,1,3.4,0,88.1,5.5,7.4,0,4.0,5.1,0,3,9.9,10,2,10,100,,2,1
107851,20,1,9.1,0,75.0,6.9,4.8,0,3.84,5.6,0,5,18.5,2,1,10,100,,2,1
107852,17,2,4.6,0,57.4,5.3,8.4,1,4.0,5.2,0,3,5.5,10,7,8,98,,3,1
107853,22,0,5.4,1,58.9,6.2,10.0,0,3.67,5.3,0,5,10.7,1,3,10,88,,2,0
107854,23,0,0.4,1,44.9,6.5,6.6,0,3.55,6.8,0,5,5.2,2,4,10,95,,2,1
107855,19,0,5.6,1,49.2,5.6,9.5,0,3.81,4.0,0,0,12.3,1,4,10,93,,3,1
107856,20,0,6.41,0,65.2,4.2,8.3,1,3.75,6.4,0,5,13.5,2,8,7,96,,2,1
107857,28,0,5.8,1,69.8,7.1,10.0,0,4.0,6.8,0,4,13.9,4,2,10,89,,1,0
107858,26,2,2.5,1,52.8,6.1,5.0,0,2.63,7.7,0,4,9.5,8,4,10,61,,2,1
107859,18,0,6.02,0,74.1,6.0,6.8,0,4.0,5.6,0,2,13.0,2,2,10,100,,0,1
107860,17,2,2.5,1,69.6,11.2,8.9,0,3.4,3.4,0,0,6.7,7,4,10,86,,3,0
107861,17,1,4.29,1,96.2,6.5,7.1,1,3.14,7.0,0,0,6.8,1,7,8,79,,2,1
107862,23,1,6.3,1,73.7,4.5,7.8,0,4.0,5.5,0,4,11.2,10,4,10,97,,3,0
107863,24,1,4.8,1,72.7,6.8,7.9,1,3.53,5.6,0,5,9.5,3,5,10,85,,0,1
107864,23,1,4.12,1,85.2,8.0,5.5,0,3.19,8.4,0,5,7.8,5,4,10,77,,3,1
107865,19,2,3.0,0,80.1,5.0,7.4,0,2.75,4.5,0,3,7.9,3,8,7,72,,2,0
107866,23,2,7.54,1,67.6,4.5,6.8,0,3.58,7.0,0,5,14.5,5,10,5,93,,3,1
107867,25,2,3.3,0,85.9,7.1,5.9,0,4.0,3.1,0,0,10.2,9,9,6,95,,2,1
107868,26,1,3.9,0,94.8,7.2,3.0,0,4.0,6.4,0,5,9.7,4,8,7,91,,1,0
107869,24,2,3.1,1,58.9,6.4,4.7,0,4.0,7.9,0,4,11.5,3,4,10,97,,1,1
107870,17,0,1.9,1,91.3,8.5,6.1,1,3.62,3.3,0,0,11.5,4,3,10,91,,0,0
107871,25,0,5.2,0,72.1,6.7,6.6,1,3.22,4.5,0,3,10.2,7,4,10,83,,2,1
107872,17,0,6.64,0,52.8,7.6,9.2,0,4.0,6.9,0,1,12.4,2,2,10,95,,1,0
107873,18,2,5.4,1,52.4,6.9,3.7,1,3.17,4.1,0,5,10.2,10,10,5,75,,2,1
107874,16,1,6.53,1,76.9,9.0,3.7,1,3.59,3.4,0,5,13.7,4,4,10,86,,2,1
107875,20,1,4.75,1,83.6,7.5,5.6,1,4.0,6.7,0,4,10.6,7,5,10,94,,2,0
107876,16,2,3.1,1,74.1,8.1,7.4,1,3.54,6.4,0,2,7.3,4,7,8,95,,1,1
107877,24,2,3.6,0,49.3,6.0,4.0,0,4.0,7.9,0,2,10.1,6,2,10,100,,2,0
107878,24,2,2.1,0,54.0,6.3,7.3,1,3.35,6.6,0,1,4.4,6,3,10,85,,3,1
107879,20,2,6.9,0,55.8,4.8,7.8,0,4.0,2.2,0,0,13.9,10,5,10,100,,2,1
107880,18,0,4.0,1,42.1,6.9,9.4,1,4.0,6.2,0,5,7.9,7,8,7,100,,1,1
107881,25,1,4.8,1,88.5,5.6,6.4,0,3.86,5.1,0,5,8.9,5,9,6,92,,2,0
107882,25,1,3.1,1,91.5,4.4,5.2,1,3.85,5.4,0,3,10.3,1,7,8,84,,2,1
107883,17,1,2.3,0,45.2,5.6,6.3,0,3.79,7.9,0,3,10.7,2,3,10,88,,0,1
107884,18,2,1.3,1,95.4,8.0,5.7,1,2.94,5.7,0,1,8.5,1,5,10,78,,1,1
107885,18,0,1.5,0,42.5,6.5,4.9,1,3.6,6.8,0,2,11.1,8,8,7,84,,2,1
107886,27,1,6.6,1,84.0,6.3,5.9,0,3.91,5.2,0,1,14.5,2,6,9,99,,1,1
107887,28,2,2.8,1,94.5,5.4,8.7,1,4.0,5.9,0,3,6.5,3,2,10,100,,1,1
107888,22,1,3.4,1,77.1,7.9,9.3,0,4.0,6.0,0,2,9.3,5,9,6,99,,2,1
107889,24,2,3.0,0,58.0,6.9,9.4,0,2.69,1.6,0,1,10.1,10,6,9,60,,1,1
107890,25,2,4.06,0,83.4,8.2,10.0,1,2.89,4.3,0,4,11.4,10,1,10,72,,1,1
107891,18,0,7.5,1,65.9,6.8,6.7,0,3.34,5.9,0,0,13.4,8,6,9,86,,2,0
107892,19,2,4.2,1,67.4,7.9,10.0,1,3.2,2.4,0,4,11.6,7,10,5,69,,2,1
107893,24,2,3.1,1,99.3,5.4,5.9,1,3.78,7.1,0,4,11.1,8,5,10,99,,3,1
107894,17,0,6.7,0,99.5,9.5,3.7,0,3.6,2.0,0,3,15.8,3,7,8,95,,3,1
107895,22,0,3.4,0,44.9,7.9,2.1,0,4.0,2.9,0,0,9.6,8,4,10,100,,3,1
107896,22,0,1.7,0,59.0,4.7,6.3,0,3.79,4.2,0,2,6.6,5,2,10,95,,1,1
107897,24,2,1.1,1,95.9,5.8,4.9,0,4.0,4.4,0,0,7.9,9,10,5,92,,2,1
107898,27,2,5.6,0,41.1,11.1,2.5,0,3.78,8.6,0,2,9.3,5,8,7,94,,2,1
107899,26,1,4.1,1,82.6,7.6,6.3,0,2.97,6.5,0,0,12.4,6,4,10,77,,3,1
107900,25,0,6.7,0,85.6,7.7,5.2,0,4.0,1.6,0,2,10.2,1,5,10,100,,2,1
107901,23,2,3.4,1,60.0,10.1,6.9,0,3.44,4.5,0,5,9.2,4,2,10,90,,1,0
107902,27,1,8.89,1,57.1,7.2,9.7,0,4.0,6.5,0,5,12.4,1,10,5,98,,2,1
107903,28,0,4.1,1,89.6,9.6,7.4,1,4.0,4.9,0,2,11.5,3,7,8,100,,0,1
107904,20,2,5.6,0,41.4,5.9,10.0,1,4.0,4.3,0,1,11.4,2,8,7,100,,3,1
107905,21,1,2.3,1,86.9,6.6,6.2,1,3.41,3.8,0,3,6.8,5,5,10,91,,2,1
107906,18,2,3.9,1,70.4,5.7,7.3,1,4.0,4.0,0,5,8.7,3,5,10,98,,2,0
107907,22,2,3.7,0,62.2,7.4,9.4,1,4.0,4.2,0,0,8.3,6,2,10,97,,1,1
107908,22,0,1.0,1,69.0,11.2,6.6,1,3.72,6.5,0,3,4.0,2,2,10,98,,2,1
107909,28,0,4.2,0,92.3,8.6,7.3,0,4.0,1.0,0,5,9.3,3,3,10,100,,2,1
107910,23,1,5.2,1,92.3,6.9,9.6,0,4.0,4.2,0,4,11.4,6,2,10,97,,2,1
107911,19,2,0.24,0,97.8,10.1,6.9,0,3.0,3.3,0,4,5.5,2,4,10,76,,3,0
107912,25,0,3.8,0,89.5,5.5,4.5,1,4.0,6.2,0,0,11.0,7,8,7,100,,2,0
107913,28,2,4.6,0,58.2,5.5,6.5,0,3.36,6.7,0,5,5.6,1,3,10,84,,2,0
107914,25,2,5.2,1,77.2,7.6,9.5,1,3.29,4.8,0,2,9.8,5,3,10,86,,3,1
107915,20,0,3.1,0,46.6,5.6,2.7,1,3.58,6.5,0,0,7.5,10,2,10,86,,1,0
107916,28,2,5.6,0,80.6,8.8,4.9,0,4.0,1.0,0,5,9.3,2,5,10,100,,2,1
107917,17,2,5.24,0,72.2,5.8,6.7,0,3.49,5.1,0,1,9.8,4,4,10,93,,2,1
107918,23,1,0.4,1,55.9,7.6,5.7,1,3.71,2.0,0,4,7.2,1,10,5,97,,2,0
107919,23,1,3.6,1,81.3,7.8,9.2,0,2.84,5.4,0,0,9.2,7,4,10,67,,1,1
107920,28,2,4.0,0,98.7,8.3,6.6,1,3.28,1.7,0,0,9.7,3,5,10,79,,1,1
107921,18,2,2.0,0,77.3,5.4,4.8,0,3.53,1.0,0,4,11.9,10,1,10,89,,2,0
107922,20,0,5.5,1,81.1,7.0,6.7,1,3.97,9.0,0,2,13.7,4,6,9,100,,1,1
107923,23,0,2.8,0,65.8,7.6,7.7,0,4.0,6.3,0,4,11.5,3,10,5,95,,1,1
107924,17,2,5.6,0,70.5,4.9,2.4,1,3.81,4.5,0,4,9.1,8,6,9,100,,1,0
107925,28,1,6.34,1,81.7,7.7,5.7,0,4.0,8.3,0,0,12.4,7,5,10,100,,2,1
107926,20,1,5.2,1,88.0,5.1,5.3,0,3.56,3.4,0,0,9.6,6,4,10,83,,1,1
107927,23,2,5.09,0,59.5,5.2,8.9,0,3.22,6.5,0,5,10.8,5,10,5,77,,3,1
107928,28,0,5.1,0,74.8,5.2,6.9,0,4.0,2.8,0,2,13.3,3,7,8,100,,2,0
107929,21,0,3.51,1,67.1,7.4,6.1,0,3.02,4.1,0,3,8.1,8,9,6,71,,1,1
107930,16,0,8.8,0,56.2,5.4,7.9,1,3.6,4.0,0,1,15.3,1,3,10,83,,2,1
107931,19,2,0.79,0,93.2,7.4,5.0,1,2.63,2.0,0,5,7.2,1,3,10,58,,0,0
107932,23,1,4.1,1,72.5,6.3,3.7,0,3.54,5.4,0,1,7.6,4,5,10,96,,3,1
107933,24,1,4.0,1,74.8,7.9,3.1,0,3.86,5.5,0,3,12.5,1,5,10,90,,1,0
107934,23,2,6.0,1,65.2,8.0,9.5,0,3.93,3.8,0,1,11.7,4,9,6,100,,0,1
107935,26,0,5.5,0,45.0,7.6,8.4,0,4.0,5.0,0,0,9.1,1,3,10,100,,2,1
107936,28,2,3.7,1,46.5,5.4,8.2,1,4.0,3.2,0,0,6.8,8,9,6,100,,1,1
107937,20,2,4.3,0,70.2,9.5,6.8,0,3.73,4.3,0,2,8.5,5,6,9,90,,2,1
107938,26,2,2.3,1,73.2,7.4,8.6,1,2.96,4.7,0,1,8.6,6,1,10,82,,3,1
107939,26,2,1.9,0,50.7,7.6,4.3,1,3.65,4.6,0,1,6.1,2,1,10,89,,2,1
107940,16,1,4.93,0,97.6,7.7,5.8,1,4.0,5.3,0,5,9.1,10,7,8,98,,1,1
107941,19,2,2.9,0,51.0,6.0,5.5,0,3.83,7.3,0,1,5.1,4,5,10,95,,3,1
107942,25,0,6.06,0,72.9,6.9,10.0,0,4.0,5.0,0,4,10.1,9,4,10,89,,1,0
107943,18,2,9.5,1,85.8,4.0,8.0,1,3.12,4.5,0,2,14.9,3,1,10,78,,2,1
107944,27,2,4.8,0,99.5,6.0,10.0,1,4.0,4.3,0,1,11.7,4,3,10,98,,2,1
107945,27,1,7.6,0,79.4,8.9,9.8,0,4.0,2.6,0,1,13.0,1,8,7,99,,0,1
107946,19,1,5.9,1,91.6,6.1,6.5,0,4.0,4.5,0,1,15.4,5,8,7,98,,2,1
107947,23,0,2.2,0,78.4,6.9,8.4,0,2.52,4.2,0,2,5.3,8,3,10,64,,2,1
107948,28,2,4.7,1,85.8,6.2,7.1,0,4.0,6.8,0,0,13.2,4,7,8,95,,3,0
107949,25,2,3.8,1,83.4,4.3,7.4,1,4.0,4.6,0,1,8.7,6,4,10,98,,1,0
107950,23,2,3.6,0,62.4,5.6,8.4,1,4.0,3.7,0,5,7.8,7,2,10,91,,1,1
107951,22,0,5.8,1,42.0,7.0,6.6,1,3.82,6.0,0,4,9.7,7,8,7,100,,2,1
107952,21,1,8.1,0,74.9,6.5,5.0,1,3.65,3.5,0,1,12.1,4,3,10,88,,2,1
107953,19,2,2.9,0,88.9,4.4,7.2,1,3.15,3.8,0,4,8.1,9,7,8,68,,2,0
107954,24,0,5.64,0,70.6,7.3,3.5,0,4.0,2.8,0,4,11.9,7,8,7,90,,1,1
107955,23,0,6.0,0,62.4,5.4,7.0,1,2.8,1.0,0,5,13.8,3,1,10,57,,1,0
107956,17,1,7.57,1,71.8,9.7,6.0,0,4.0,8.2,1,5,16.0,8,2,10,99,,0,0
107957,28,2,4.1,0,57.2,6.9,6.0,0,4.0,2.5,0,4,8.7,1,7,8,100,,2,0
107958,28,1,5.05,0,69.9,6.3,4.5,0,3.16,5.9,0,1,11.5,3,7,8,87,,3,1
107959,16,1,1.4,0,47.9,7.0,4.1,1,2.47,7.9,0,2,5.5,2,2,10,57,,0,0
107960,24,2,6.4,1,84.1,8.9,5.2,0,4.0,4.4,0,1,14.3,7,6,9,96,,2,1
107961,24,2,5.3,1,48.4,6.3,9.2,1,4.0,4.1,0,2,13.0,2,7,8,100,,2,0
107962,21,2,2.7,1,78.6,6.4,7.8,0,3.66,4.1,0,5,9.2,5,1,10,98,,2,1
107963,22,0,5.3,0,67.1,8.1,10.0,0,4.0,3.4,0,4,8.9,3,9,6,100,,2,0
107964,26,2,3.5,1,84.8,8.3,8.2,1,4.0,4.8,0,5,10.4,5,10,5,90,,2,1
107965,21,2,3.6,0,51.0,7.8,1.7,0,2.68,5.9,0,5,8.6,7,2,10,71,,2,1
107966,19,0,8.6,0,88.4,6.6,7.7,0,3.46,4.8,0,4,12.9,1,4,10,87,,3,1
107967,17,2,3.03,1,75.6,8.7,7.1,0,3.76,5.9,0,1,9.1,9,9,6,93,,2,1
107968,25,2,3.3,0,46.4,6.1,7.4,1,3.91,5.1,0,4,7.1,3,7,8,99,,0,1
107969,24,0,4.8,1,55.5,8.7,8.5,1,4.0,5.3,0,1,7.3,4,3,10,92,,3,1
107970,23,1,0.0,0,56.2,6.7,7.9,0,3.4,8.3,1,5,2.7,3,3,10,86,,1,0
107971,27,1,3.11,1,58.6,7.4,6.9,0,3.93,5.9,0,0,7.6,6,1,10,100,,2,0
107972,19,0,5.3,0,77.4,8.3,10.0,1,3.68,1.9,0,2,9.5,1,5,10,95,,2,0
107973,16,2,1.0,0,75.9,6.4,2.9,1,4.0,1.0,0,1,9.8,5,6,9,100,,2,0
107974,22,0,4.7,0,67.4,6.4,4.0,1,3.8,5.6,0,5,8.0,2,1,10,95,,2,1
107975,19,0,5.6,1,60.9,6.2,6.3,1,4.0,5.8,0,2,9.8,7,10,5,92,,0,0
107976,19,1,1.9,1,84.1,6.5,9.1,1,3.31,1.7,0,0,7.3,4,9,6,77,,1,1
107977,18,0,7.9,0,70.9,6.6,6.2,0,4.0,4.9,0,2,10.1,6,7,8,97,,2,1
107978,22,1,4.6,0,85.5,5.8,5.3,1,2.98,8.3,0,1,7.5,5,7,8,78,,2,1
107979,16,0,2.72,1,48.3,9.4,7.8,1,4.0,1.0,0,2,4.2,6,1,10,100,,3,1
107980,26,0,4.49,0,62.3,4.9,9.9,0,2.96,6.8,0,3,9.4,1,3,10,69,,2,1
107981,21,0,7.7,1,88.6,9.4,10.0,1,3.9,5.1,0,5,13.1,2,8,7,100,,1,0
107982,18,0,11.0,0,59.5,7.5,4.0,1,3.61,5.8,0,5,17.5,1,4,10,94,,0,1
107983,27,1,5.3,0,89.5,6.3,8.6,1,2.86,5.5,0,5,11.0,2,2,10,74,,2,0
107984,20,2,4.3,1,45.8,6.0,7.1,1,3.01,1.0,0,5,10.6,7,3,10,79,,3,1
107985,22,2,5.6,0,45.2,7.2,7.8,0,2.7,5.6,0,3,11.3,2,6,9,70,,2,1
107986,26,0,4.8,1,40.5,8.7,7.6,1,4.0,5.1,0,3,10.1,1,1,10,100,,2,1
107987,28,1,3.7,0,85.8,7.5,1.0,1,4.0,7.8,0,1,10.1,6,3,10,98,,3,1
107988,25,1,5.5,0,66.7,6.9,4.1,1,4.0,5.9,0,4,9.9,3,9,6,100,,1,0
107989,18,0,4.61,1,50.1,8.8,5.4,0,2.77,5.8,0,0,11.3,5,7,8,68,,1,1
107990,16,2,6.7,1,50.4,7.2,10.0,0,3.52,2.7,0,1,11.2,8,6,9,81,,2,0
107991,22,1,1.1,0,89.0,7.3,6.5,0,3.01,5.8,0,4,10.1,8,5,10,81,,0,1
107992,20,1,2.1,1,57.9,7.3,4.2,1,3.44,7.2,0,4,4.8,7,10,5,78,,2,0
107993,23,2,5.1,0,73.8,10.5,10.0,1,3.21,6.5,0,0,10.8,10,1,10,69,,1,1
107994,17,0,0.0,0,59.0,5.6,9.6,0,3.85,2.1,0,2,3.8,8,8,7,96,,1,1
107995,28,0,4.6,0,88.1,6.9,9.6,1,4.0,3.4,0,5,9.2,8,6,9,100,,2,1
107996,21,2,3.3,0,96.0,7.6,6.7,0,3.25,6.9,0,0,11.4,5,10,5,83,,2,1
107997,27,2,0.3,0,55.5,4.9,6.5,1,3.76,5.5,0,2,5.1,4,6,9,97,,0,1
107998,18,0,0.7,1,95.2,5.4,6.3,1,4.0,3.3,0,3,5.3,1,9,6,92,,1,0
107999,26,2,1.9,1,85.0,5.4,8.9,1,3.78,3.7,0,5,5.7,2,6,9,98,,1,1
108000,22,0,4.2,1,89.7,6.2,7.5,1,3.76,2.6,0,5,8.4,2,4,10,85,,0,1
108001,25,1,1.8,0,83.0,7.2,7.2,0,4.0,7.2,0,2,6.4,6,1,10,88,,2,1
108002,22,0,4.4,1,87.1,7.8,4.1,0,3.93,5.0,0,5,10.2,8,7,8,95,,1,0
108003,17,1,4.5,1,72.6,10.0,6.3,0,3.24,6.1,0,2,8.6,8,9,6,80,,1,1
108004,21,0,1.3,1,85.6,8.9,6.3,0,3.34,7.1,0,0,6.4,4,3,10,76,,2,1
108005,21,1,7.7,0,79.3,5.1,2.4,0,4.0,2.4,0,2,12.8,2,2,10,99,,0,0
108006,28,0,2.33,0,68.9,6.0,8.6,0,3.99,5.6,0,1,7.7,1,8,7,95,,3,1
108007,19,2,5.64,0,98.9,8.7,5.2,1,2.76,6.6,0,0,10.0,10,4,10,68,,2,0
108008,22,0,3.9,0,75.1,5.9,5.3,1,4.0,4.2,0,0,8.9,7,5,10,98,,1,1
108009,19,2,3.0,0,86.2,10.0,9.9,1,4.0,2.7,0,1,8.0,1,10,5,100,,1,1
108010,26,2,3.93,0,86.6,8.9,5.5,0,3.69,5.7,0,1,8.8,9,4,10,82,,3,1
108011,16,0,5.22,1,41.7,8.9,10.0,1,4.0,3.3,0,5,7.8,9,8,7,99,,2,0
108012,24,1,2.92,0,68.0,10.4,6.6,0,4.0,1.0,0,2,5.6,6,7,8,94,,2,1
108013,23,0,7.8,1,91.1,6.2,4.6,0,3.8,3.1,0,4,16.6,10,5,10,99,,2,0
108014,17,0,4.9,1,73.0,8.8,3.9,1,3.28,4.6,0,2,8.2,10,10,5,78,,2,1
108015,20,1,5.5,1,74.8,7.7,7.8,0,3.29,7.0,0,5,12.1,7,2,10,78,,1,0
108016,25,2,6.3,0,73.1,5.8,8.6,1,3.4,6.9,0,3,13.4,1,6,9,100,,1,1
108017,19,2,5.9,0,43.0,8.6,7.3,0,3.67,5.2,0,3,13.1,6,4,10,88,,2,1
108018,17,2,5.5,1,95.6,8.6,8.5,1,4.0,4.1,0,5,10.2,4,9,6,100,,3,1
108019,26,0,5.9,1,41.7,5.2,7.7,0,3.49,5.7,0,4,13.1,7,7,8,91,,1,0
108020,19,1,5.64,0,55.1,9.1,8.8,0,4.0,4.0,0,4,11.9,7,2,10,97,,2,1
108021,23,2,4.9,0,52.7,6.2,6.5,1,3.71,3.1,0,5,11.0,2,10,5,90,,3,0
108022,21,1,1.5,0,84.4,6.7,4.3,1,2.04,7.0,0,3,9.8,9,3,10,54,,1,1
108023,18,2,3.8,1,41.9,6.9,5.0,1,2.42,6.2,0,4,11.3,4,3,10,58,,1,1
108024,20,2,6.28,0,49.3,6.8,5.8,0,3.25,6.2,0,2,13.3,7,4,10,81,,1,1
108025,17,0,4.5,0,56.4,8.0,7.5,1,3.42,7.7,0,4,8.1,7,9,6,85,,0,0
108026,21,0,7.62,1,51.7,9.6,10.0,0,3.78,6.1,0,5,13.4,6,1,10,100,,2,1
108027,21,0,3.2,0,51.9,6.5,7.1,1,4.0,5.5,0,2,9.0,3,2,10,100,,1,0
108028,21,2,8.0,0,64.0,8.3,4.4,0,4.0,4.9,0,3,11.9,8,8,7,93,,1,1
108029,22,2,6.7,1,88.7,8.6,9.0,0,4.0,5.4,0,1,12.9,3,10,5,100,,2,0
108030,18,2,2.3,1,91.2,8.0,8.5,0,3.36,2.7,0,0,9.2,2,4,10,85,,2,1
108031,23,2,3.0,0,60.1,4.9,8.6,1,4.0,6.3,0,4,9.5,9,3,10,100,,3,0
108032,21,2,6.4,1,86.6,6.8,8.9,1,4.0,6.5,0,0,13.0,6,6,9,97,,3,0
108033,27,1,1.9,1,55.7,6.6,1.0,0,3.57,7.2,0,0,9.9,8,7,8,94,,3,1
108034,27,1,4.6,0,67.1,6.6,7.8,1,3.08,6.0,0,0,6.1,1,7,8,68,,1,0
108035,21,0,2.2,1,57.8,6.3,5.4,1,2.9,5.2,0,2,10.4,6,3,10,63,,1,0
108036,16,0,4.8,1,80.6,6.7,7.6,1,3.84,4.0,0,1,9.4,3,7,8,96,,1,1
108037,21,2,5.8,0,89.0,7.6,4.7,0,3.81,6.7,0,3,11.2,5,10,5,93,,1,1
108038,22,2,4.1,1,89.5,5.7,5.6,0,3.81,4.2,0,2,8.8,6,6,9,83,,1,1
108039,28,2,1.6,1,76.8,7.5,6.0,0,2.53,4.9,0,2,9.8,8,5,10,60,,2,0
108040,16,2,5.0,1,80.6,6.8,4.1,1,3.58,4.3,0,5,9.8,6,2,10,91,,2,1
108041,18,0,3.3,0,55.8,4.0,7.5,1,3.35,7.9,0,3,8.4,5,3,10,79,,1,0
108042,16,1,5.7,0,77.3,8.1,10.0,1,4.0,6.9,0,5,9.0,7,10,5,97,,2,1
108043,16,2,0.8,1,77.8,5.8,7.5,0,4.0,5.9,0,5,7.2,6,6,9,100,,0,1
108044,22,1,4.2,1,58.8,6.6,7.1,1,4.0,3.4,0,1,7.8,1,2,10,98,,2,0
108045,18,2,1.0,1,44.4,7.3,6.4,0,2.54,5.5,0,4,10.4,5,7,8,59,,1,0
108046,16,1,1.6,0,52.8,7.4,7.0,0,2.71,4.1,0,2,11.7,6,3,10,67,,3,0
108047,18,0,7.88,1,84.1,7.0,6.7,0,3.29,7.5,0,2,12.1,7,3,10,82,,3,1
108048,22,1,6.5,0,40.3,7.0,1.0,1,4.0,8.2,0,0,12.2,9,10,5,100,,1,0
108049,20,1,3.8,1,68.5,6.7,4.6,0,3.96,5.9,0,4,7.8,8,3,10,100,,3,0
108050,23,0,6.5,0,84.8,9.3,6.8,1,3.45,5.0,0,0,9.1,8,3,10,92,,2,1
108051,27,1,4.7,1,96.0,6.6,7.2,1,3.06,7.0,0,2,9.3,8,6,9,80,,2,0
108052,22,1,6.9,1,53.1,5.9,6.0,0,3.36,5.3,0,2,13.5,6,3,10,81,,2,0
108053,16,1,2.9,0,81.6,6.7,2.9,0,4.0,7.8,0,4,6.4,1,10,5,99,,2,1
108054,17,1,3.9,1,88.5,4.7,6.5,1,3.32,6.7,0,2,8.7,1,2,10,80,,1,0
108055,28,2,3.9,0,98.9,5.6,8.4,1,3.37,5.6,0,4,8.6,9,9,6,88,,0,1
108056,21,2,2.4,0,64.5,9.1,3.9,0,2.83,5.6,0,3,8.8,5,3,10,81,,2,0
108057,22,2,4.8,0,67.7,8.1,9.4,0,4.0,1.3,0,2,9.7,5,7,8,100,,2,1
108058,25,2,3.8,1,91.3,5.6,7.3,1,2.81,3.3,0,3,11.2,5,1,10,75,,2,0
108059,17,1,6.8,0,93.5,6.9,7.2,1,4.0,6.5,0,2,9.5,8,6,9,96,,2,1
108060,26,1,3.0,1,66.9,9.4,7.2,1,2.75,5.6,0,1,6.8,1,6,9,73,,0,1
108061,24,1,1.0,1,96.9,6.4,8.6,0,2.34,5.5,0,3,9.0,1,7,8,58,,3,1
108062,21,0,6.5,0,78.3,9.0,6.9,0,3.28,2.0,0,0,11.0,3,2,10,84,,3,1
108063,22,1,1.6,0,98.1,5.7,4.5,0,4.0,7.8,0,3,4.9,10,3,10,100,,0,1
108064,16,2,5.96,0,58.8,7.1,5.8,0,4.0,9.2,0,2,11.1,9,6,9,100,,1,1
108065,24,1,4.2,1,86.0,6.7,7.1,0,4.0,4.9,0,3,8.8,9,8,7,97,,2,0
108066,24,1,3.2,0,81.3,7.1,6.3,0,3.88,8.1,0,4,7.9,4,10,5,100,,1,1
108067,17,2,3.6,0,84.4,7.2,8.8,1,4.0,1.7,0,2,8.0,1,9,6,92,,2,0
108068,16,0,3.3,0,69.6,5.7,6.6,1,3.36,4.7,0,5,6.5,4,6,9,86,,1,1
108069,27,1,7.3,1,73.4,7.7,6.4,0,3.59,7.2,0,2,16.3,10,2,10,90,,2,1
108070,20,2,0.9,1,95.7,6.6,3.0,0,4.0,8.2,0,0,4.2,9,10,5,100,,1,1
108071,23,2,6.0,1,78.2,5.0,9.6,1,4.0,6.2,0,0,10.1,2,4,10,100,,2,1
108072,23,1,3.5,1,49.6,6.1,7.7,0,4.0,1.7,0,3,9.8,4,9,6,100,,2,1
108073,22,1,3.0,0,52.9,7.7,8.1,1,3.81,3.6,0,0,10.5,10,1,10,93,,3,0
108074,25,2,4.3,1,51.0,6.7,4.6,0,3.99,3.7,0,0,9.6,5,2,10,100,,2,1
108075,27,1,5.9,0,89.1,6.8,4.2,1,4.0,7.4,0,1,14.9,8,1,10,100,,0,1
108076,25,2,6.57,1,74.1,6.5,5.9,0,4.0,4.4,0,3,10.7,8,1,10,100,,1,0
108077,16,0,5.5,0,82.0,6.8,10.0,1,4.0,6.0,0,2,11.3,7,10,5,100,,2,0
108078,17,2,4.7,0,92.5,6.7,6.2,0,3.93,1.5,0,5,11.7,4,4,10,97,,2,0
108079,23,2,0.0,0,70.3,7.8,3.2,0,2.96,4.9,0,5,4.5,1,6,9,73,,2,1
108080,19,0,4.25,1,60.1,7.5,9.3,0,4.0,4.7,0,3,8.9,5,3,10,92,,2,0
108081,27,2,7.5,1,72.0,8.2,7.8,0,3.7,1.9,0,0,9.8,4,10,5,87,,3,0
108082,27,0,3.6,0,96.7,6.8,5.8,0,3.91,1.0,0,4,8.5,8,5,10,94,,1,1
108083,16,2,6.9,1,96.1,8.1,7.1,1,4.0,5.4,0,5,13.6,4,2,10,98,,2,1
108084,28,1,3.1,0,58.1,6.8,3.5,0,3.03,6.4,0,0,9.9,8,6,9,76,,2,0
108085,28,1,2.42,0,85.9,9.1,9.3,1,4.0,5.2,0,1,9.7,9,7,8,94,,3,0
108086,22,0,4.4,1,77.3,7.0,6.2,0,3.35,6.1,0,0,8.8,10,6,9,95,,3,1
108087,26,1,2.4,1,45.8,5.9,9.9,1,4.0,4.8,0,2,4.4,1,8,7,99,,1,0
108088,26,2,2.9,0,64.1,6.4,7.9,1,4.0,1.7,0,0,8.9,9,6,9,97,,2,0
108089,17,1,4.1,1,94.9,7.3,6.8,0,3.68,5.1,0,0,12.2,9,4,10,86,,1,0
108090,26,1,5.1,0,77.7,4.8,2.8,0,4.0,8.1,0,4,13.7,4,6,9,99,,1,1
108091,20,2,7.2,1,49.7,6.9,7.8,1,3.61,6.1,0,4,12.1,9,6,9,88,,1,1
108092,26,0,0.2,1,82.5,4.0,6.6,0,2.58,6.2,0,1,6.0,5,4,10,68,,3,1
108093,18,2,6.5,0,63.4,7.9,8.3,1,3.48,4.8,0,0,9.5,2,3,10,92,,0,1
108094,20,0,3.2,1,94.0,4.8,7.0,1,3.47,2.1,0,4,8.7,3,7,8,81,,1,0
108095,24,1,4.65,1,92.0,5.7,6.7,1,2.8,6.5,0,4,6.2,9,3,10,71,,2,1
108096,25,0,1.2,0,86.0,8.4,5.0,1,2.96,5.4,0,5,8.3,2,9,6,66,,2,1
108097,18,0,4.1,0,44.9,7.8,6.1,0,3.51,9.5,1,3,12.4,6,1,10,88,,2,1
108098,27,0,0.5,0,92.0,7.8,7.7,0,2.42,3.6,0,0,4.4,8,2,10,54,,0,0
108099,25,2,2.5,0,68.8,6.8,8.0,0,2.78,4.1,0,0,9.8,4,7,8,74,,2,0
108100,24,1,3.9,0,91.8,6.6,6.6,1,3.56,6.5,0,4,9.1,1,5,10,85,,1,0
108101,18,0,4.0,1,45.5,6.5,8.0,1,3.73,5.1,0,2,6.9,2,10,5,95,,3,0
108102,21,2,7.6,0,56.9,9.1,8.4,1,3.44,4.6,0,5,13.7,7,4,10,82,,3,0
108103,24,1,4.8,0,56.7,4.3,7.8,0,4.0,10.0,0,0,8.3,2,4,10,99,,0,1
108104,20,2,5.4,0,43.4,4.4,6.0,0,4.0,5.6,0,2,10.1,9,3,10,100,,2,1
108105,18,2,5.0,0,95.9,7.9,9.6,0,3.83,3.3,0,4,13.3,3,5,10,97,,3,0
108106,23,1,2.3,0,44.9,7.2,5.3,0,3.2,7.5,0,5,8.1,2,2,10,82,,1,0
108107,20,0,5.05,1,50.0,7.6,4.6,0,4.0,4.9,0,0,8.1,6,7,8,100,,2,0
108108,26,0,3.5,0,92.2,4.0,6.6,1,4.0,4.5,0,0,8.3,5,8,7,100,,1,1
108109,27,0,5.22,1,56.3,5.7,8.9,1,3.67,3.7,0,0,7.8,8,8,7,95,,1,1
108110,22,2,5.8,0,48.0,6.4,2.1,1,4.0,4.2,0,0,8.0,4,4,10,98,,3,0
108111,17,0,6.2,1,62.8,8.6,9.7,1,4.0,6.9,0,1,14.2,9,1,10,100,,2,1
108112,19,1,6.5,1,82.0,8.3,5.6,1,4.0,6.6,0,0,10.6,5,10,5,96,,3,1
108113,21,2,5.84,1,83.8,9.7,9.6,0,3.95,4.7,0,4,10.2,1,4,10,95,,2,0
108114,26,2,2.4,1,95.0,6.7,9.9,0,4.0,6.6,0,4,12.3,2,8,7,94,,1,1
108115,27,0,3.3,0,70.2,8.1,10.0,1,3.12,6.2,0,1,7.4,7,6,9,81,,1,0
108116,22,0,4.44,0,74.7,7.2,5.2,0,2.7,6.1,0,0,11.0,6,2,10,68,,3,1
108117,16,2,2.9,1,72.1,8.0,4.2,0,4.0,3.9,0,2,7.5,3,10,5,100,,0,1
108118,24,0,1.8,0,71.0,8.3,5.3,1,3.24,7.2,0,5,10.0,8,9,6,80,,1,1
108119,17,0,3.1,0,72.5,4.8,8.9,0,4.0,5.0,0,2,11.7,9,7,8,98,,1,1
108120,26,0,3.4,0,55.6,7.8,8.5,1,2.84,4.8,0,2,7.6,3,1,10,74,,1,1
108121,26,1,3.0,1,72.5,6.4,6.6,1,3.43,6.2,0,2,7.0,9,4,10,89,,0,0
108122,25,2,6.06,1,69.0,9.1,5.8,1,3.78,4.7,0,3,10.6,5,3,10,93,,3,0
108123,21,1,4.5,1,42.6,4.0,6.6,0,3.77,4.6,0,3,8.4,10,5,10,90,,1,0
108124,24,2,5.2,0,88.1,5.5,5.3,1,4.0,8.1,0,0,9.3,8,7,8,100,,3,1
108125,26,1,5.3,1,74.3,6.8,7.0,1,4.0,8.9,0,1,9.1,8,9,6,99,,1,1
108126,22,2,5.7,1,63.3,4.7,2.0,0,3.56,7.1,0,4,15.3,1,7,8,96,,2,1
108127,22,2,4.9,0,79.9,4.0,4.8,1,3.3,5.5,0,0,10.7,9,6,9,78,,2,0
108128,26,1,2.8,0,79.3,8.5,6.0,0,3.75,3.9,0,3,8.8,6,10,5,99,,2,1
108129,17,2,4.5,1,76.6,6.9,5.1,0,3.2,5.3,0,1,9.3,7,5,10,82,,2,0
108130,19,1,2.9,1,55.8,8.0,8.1,1,3.7,3.4,0,5,8.9,8,2,10,97,,2,1
108131,16,1,5.0,0,93.3,5.3,8.7,0,2.38,9.2,1,5,11.5,3,3,10,60,,2,1
108132,23,0,2.7,1,45.9,5.6,7.6,1,4.0,2.4,0,3,6.5,1,4,10,91,,0,0
108133,28,0,6.9,1,56.3,8.0,6.4,1,3.66,2.6,0,2,12.6,8,3,10,87,,2,1
108134,27,0,0.0,0,74.2,5.3,5.5,1,2.57,5.8,0,0,2.3,1,2,10,61,,2,1
108135,28,1,8.7,0,41.6,7.4,4.7,0,4.0,4.0,0,1,15.8,3,3,10,94,,1,1
108136,19,2,4.6,1,54.8,6.9,7.2,0,3.5,6.8,0,4,8.3,10,2,10,87,,2,0
108137,18,0,3.7,1,96.6,7.9,7.1,0,4.0,7.1,0,4,10.9,9,4,10,100,,2,1
108138,21,2,3.02,0,52.4,8.0,7.9,0,3.3,5.0,0,3,10.2,9,1,10,91,,2,1
108139,24,1,3.72,1,65.9,6.5,8.5,1,3.29,4.8,0,4,9.5,7,7,8,83,,1,1
108140,25,2,0.59,1,84.1,7.8,8.8,1,2.59,4.6,0,4,10.8,4,3,10,64,,2,1
108141,22,1,2.0,0,83.2,5.1,6.0,1,4.0,4.6,0,4,8.0,5,9,6,100,,2,1
108142,25,2,5.5,0,72.8,7.4,4.4,0,3.99,6.9,0,5,11.4,2,2,10,100,,2,1
108143,25,2,2.0,0,66.3,9.0,10.0,0,3.16,2.4,0,2,8.9,9,4,10,83,,2,0
108144,20,1,1.9,1,100.0,5.9,10.0,1,3.11,1.0,0,3,7.9,2,1,10,80,,3,0
108145,24,0,5.16,1,61.1,4.9,4.7,1,3.43,3.0,0,0,10.5,6,7,8,86,,3,1
108146,28,1,2.8,1,63.8,9.4,6.7,0,3.28,4.8,0,1,6.9,1,4,10,88,,3,1
108147,23,1,3.8,0,45.4,6.5,8.3,0,4.0,5.1,0,1,8.8,1,8,7,93,,0,1
108148,17,0,0.0,0,78.2,5.9,10.0,0,3.06,5.8,0,3,3.3,1,6,9,71,,2,0
108149,24,0,5.3,1,59.7,5.9,5.1,0,2.59,4.1,0,2,12.2,7,3,10,59,,1,1
108150,28,0,3.31,0,40.1,8.1,4.6,1,3.25,8.6,0,2,10.3,3,5,10,73,,2,0
108151,23,0,6.4,1,57.8,5.3,8.0,1,2.65,4.3,0,3,11.2,2,5,10,69,,2,1
108152,24,1,3.8,1,82.6,7.6,5.5,1,4.0,2.1,0,5,9.2,2,3,10,100,,2,0
108153,20,0,2.9,1,72.5,5.4,3.5,0,3.3,6.2,0,3,6.5,6,1,10,80,,2,1
108154,22,1,3.2,0,77.9,5.5,7.3,0,4.0,6.1,0,0,11.6,5,5,10,94,,3,0
108155,18,2,3.6,0,47.6,5.9,8.0,0,2.65,3.1,0,3,10.3,2,4,10,62,,2,1
108156,26,2,5.4,1,64.3,6.0,5.3,0,4.0,7.5,0,0,13.2,6,2,10,98,,3,1
108157,22,0,5.4,1,53.9,8.8,4.6,1,4.0,1.0,0,3,9.4,10,1,10,100,,3,0
108158,26,0,4.2,0,62.9,5.8,8.1,1,2.82,4.3,0,5,10.9,2,4,10,67,,2,0
108159,22,1,6.0,1,43.0,6.5,7.0,1,4.0,5.7,0,2,10.2,4,2,10,97,,1,0
108160,28,1,3.85,0,66.3,8.2,6.3,0,3.58,3.2,0,5,8.1,10,2,10,84,,1,0
108161,17,2,6.6,1,49.9,8.3,4.0,0,4.0,6.7,0,4,12.3,9,7,8,99,,1,1
108162,27,0,1.6,1,66.2,7.8,9.9,0,3.68,2.0,0,2,5.2,1,1,10,88,,1,0
108163,21,0,7.8,1,69.4,7.5,6.6,0,4.0,7.4,0,2,13.7,8,2,10,96,,2,1
108164,19,2,4.9,0,77.5,6.5,6.1,1,4.0,2.0,0,0,9.9,1,8,7,100,,0,1
108165,17,2,6.5,1,95.5,7.9,6.9,1,3.6,5.2,0,0,12.4,1,7,8,95,,3,1
108166,28,1,4.5,1,81.2,9.2,5.1,0,3.4,6.9,0,4,6.3,7,1,10,81,,2,0
108167,25,1,1.3,0,51.7,8.1,6.0,1,2.88,5.1,0,4,6.7,8,6,9,71,,2,1
108168,18,0,0.9,1,75.5,6.1,8.4,1,3.19,6.1,0,2,7.3,2,2,10,77,,1,1
108169,25,1,1.13,1,40.6,11.0,5.9,0,4.0,4.4,0,3,9.5,1,9,6,93,,1,0
108170,16,2,0.8,0,66.2,7.5,8.2,1,2.85,5.4,0,1,2.6,7,3,10,82,,1,1
108171,28,1,3.0,0,93.2,5.6,7.5,1,3.46,6.8,0,3,8.7,5,8,7,86,,1,1
108172,24,0,4.9,1,66.7,4.0,7.1,1,3.42,5.5,0,2,12.0,5,6,9,84,,3,1
108173,22,1,0.0,1,49.8,6.6,3.8,1,3.35,5.5,0,2,4.6,2,5,10,82,,2,0
108174,28,2,1.7,0,97.3,6.6,7.0,1,3.01,6.2,0,5,8.2,6,9,6,70,,1,0
108175,21,1,4.4,0,67.3,4.8,7.3,1,2.89,4.4,0,3,6.9,4,2,10,75,,0,1
108176,16,0,4.3,1,66.0,8.0,9.8,0,2.96,4.6,0,4,11.6,9,7,8,79,,2,1
108177,21,1,5.7,0,97.0,9.5,4.7,0,3.68,4.1,0,1,12.6,7,2,10,96,,2,1
108178,25,2,5.3,0,56.7,7.6,6.6,1,3.93,3.1,0,2,6.8,6,10,5,97,,2,1
108179,19,1,5.64,1,91.8,9.6,6.4,0,3.9,2.3,0,4,12.9,4,9,6,93,,1,1
108180,19,2,1.6,0,44.5,7.7,7.9,1,4.0,5.6,0,0,4.6,2,8,7,95,,3,0
108181,25,2,1.8,1,83.7,6.2,3.5,0,4.0,1.0,0,3,2.6,7,7,8,96,,2,1
108182,28,2,3.5,1,67.2,5.7,4.9,1,2.82,4.9,0,0,7.5,2,2,10,68,,1,1
108183,18,1,4.59,0,49.0,6.6,9.0,0,4.0,6.8,0,0,8.2,7,7,8,90,,1,1
108184,24,0,4.6,1,48.9,5.9,4.8,0,3.56,7.1,0,2,9.1,4,6,9,87,,1,1
108185,17,1,6.7,0,85.2,4.9,4.2,0,4.0,5.4,0,2,12.1,8,8,7,100,,2,1
108186,16,0,4.5,0,99.7,7.7,8.0,0,4.0,4.9,0,1,13.0,8,5,10,100,,2,1
108187,16,1,2.5,1,52.5,6.0,3.0,1,3.88,5.7,0,1,11.3,1,6,9,100,,2,1
108188,22,1,4.0,1,62.9,8.7,7.3,1,4.0,8.1,0,3,7.8,5,10,5,96,,3,1
108189,17,0,3.74,1,62.9,4.7,4.7,1,2.95,5.1,0,3,7.3,6,3,10,69,,2,1
108190,24,2,1.2,1,91.8,7.4,7.5,1,3.93,3.3,0,1,5.5,5,1,10,99,,3,0
108191,27,0,4.9,0,77.6,4.4,10.0,0,4.0,5.8,0,4,11.2,3,4,10,99,,2,1
108192,26,0,2.8,1,97.0,5.7,9.6,0,2.53,5.6,0,2,6.8,2,2,10,56,,0,1
108193,24,1,6.9,0,99.1,6.1,7.7,1,4.0,2.4,0,3,10.2,7,2,10,92,,0,1
108194,26,1,0.41,1,85.6,6.2,10.0,0,2.54,3.6,0,3,7.4,2,5,10,58,,3,0
108195,24,0,3.3,0,89.1,8.5,3.4,1,3.26,5.6,0,5,11.4,10,5,10,77,,1,0
108196,21,0,0.2,0,63.7,8.4,7.0,0,2.28,10.0,1,5,5.1,10,2,10,59,,1,0
108197,24,0,5.8,0,88.9,9.7,10.0,0,4.0,3.4,0,4,10.9,3,7,8,96,,3,0
108198,16,1,1.6,1,52.0,4.1,9.3,1,3.54,5.2,0,2,6.9,1,9,6,94,,3,1
108199,21,0,0.0,0,63.0,5.7,8.6,0,3.61,6.2,0,2,5.8,6,3,10,98,,3,1
108200,26,1,1.8,1,43.6,7.0,10.0,0,2.49,6.6,0,3,5.9,4,3,10,65,,2,0
108201,18,2,3.5,1,53.0,10.5,7.7,1,4.0,3.1,0,2,11.2,9,2,10,100,,0,0
108202,17,2,2.7,0,84.9,5.4,7.3,1,4.0,7.3,0,3,4.8,5,4,10,98,,1,0
108203,24,2,3.1,0,93.0,5.1,5.8,1,4.0,2.4,0,4,10.3,10,9,6,100,,2,0
108204,24,0,5.6,1,47.3,10.5,8.3,0,3.34,6.4,0,5,14.9,9,5,10,85,,2,0
108205,28,0,4.4,0,52.5,5.8,2.4,1,3.73,3.0,0,2,9.8,1,10,5,83,,0,1
108206,18,2,2.2,1,94.1,7.2,8.2,0,3.43,6.5,0,3,8.7,8,1,10,85,,2,1
108207,25,1,2.8,1,97.1,6.3,2.2,0,3.76,5.1,0,2,5.2,6,9,6,96,,2,0
108208,16,2,3.6,0,48.5,7.8,9.7,1,4.0,3.7,0,5,7.2,1,9,6,98,,2,0
108209,20,2,1.5,0,69.3,8.3,7.2,1,4.0,3.3,0,4,6.9,3,10,5,100,,2,0
108210,16,0,0.9,0,67.5,5.8,7.1,1,3.68,4.7,0,0,7.4,10,4,10,85,,0,1
108211,25,0,2.7,1,98.3,7.9,7.0,0,4.0,4.6,0,4,10.5,3,3,10,98,,2,0
108212,18,2,6.1,1,66.4,7.7,3.9,1,3.52,1.1,0,1,11.3,1,6,9,83,,2,0
108213,26,0,2.9,1,94.9,6.0,7.9,0,3.23,5.3,0,5,11.4,7,1,10,82,,1,1
108214,24,1,5.7,1,90.9,6.3,6.1,1,3.46,5.2,0,1,12.3,8,10,5,76,,3,1
108215,27,0,7.0,0,78.4,6.2,8.0,0,4.0,1.3,0,4,14.7,7,10,5,100,,1,1
108216,27,1,2.1,1,84.3,7.6,3.8,1,3.42,3.7,0,2,9.1,6,3,10,95,,2,0
108217,28,1,6.7,1,89.1,6.9,9.4,0,4.0,6.0,0,2,12.1,8,5,10,100,,2,1
108218,18,1,1.4,1,60.8,9.4,10.0,1,3.35,5.3,0,0,6.5,1,2,10,80,,1,1
108219,24,2,2.9,0,88.5,7.0,4.6,0,3.39,9.7,1,0,9.0,5,1,10,84,,2,0
108220,18,0,2.3,1,89.0,9.4,3.4,1,4.0,3.3,0,1,7.9,3,9,6,99,,2,1
108221,19,2,4.3,1,87.1,7.7,10.0,1,4.0,3.7,0,2,10.3,2,7,8,100,,2,1
108222,25,0,2.58,0,42.8,9.5,3.4,1,3.85,7.9,0,5,11.5,4,10,5,96,,3,0
108223,28,2,4.4,0,83.3,8.5,9.9,0,3.92,4.8,0,5,9.1,6,2,10,100,,3,1
108224,25,2,5.52,0,96.1,6.6,8.4,1,4.0,2.3,0,5,12.9,8,9,6,100,,3,0
108225,20,1,2.8,0,93.0,6.8,5.4,1,3.91,8.2,1,4,4.8,4,1,10,84,,2,1
108226,19,1,3.6,1,66.4,7.4,7.4,1,4.0,2.5,0,0,6.5,7,9,6,94,,2,1
108227,16,1,1.8,1,43.1,8.7,8.0,1,2.9,3.5,0,4,6.7,9,5,10,66,,1,1
108228,17,1,5.3,0,61.8,9.0,7.0,0,2.68,7.0,0,2,11.5,4,1,10,72,,1,1
108229,22,2,0.0,1,60.6,6.1,3.4,1,3.1,3.7,0,3,10.1,9,1,10,73,,1,1
108230,26,2,6.1,1,84.9,6.8,8.3,1,4.0,4.5,0,2,12.5,3,3,10,99,,2,0
108231,19,2,7.3,1,76.5,8.1,4.8,1,4.0,3.2,0,3,10.6,3,6,9,98,,2,1
108232,16,2,5.3,0,46.7,6.8,7.6,1,4.0,4.9,0,4,7.8,6,9,6,100,,1,0
108233,21,1,3.7,0,88.0,7.0,9.0,1,4.0,2.3,0,4,10.0,4,5,10,100,,3,1
108234,19,1,7.0,0,98.7,10.6,9.1,0,3.78,7.2,0,3,15.0,10,8,7,89,,2,1
108235,19,0,6.3,0,99.3,4.6,6.0,1,3.01,8.2,1,0,13.4,1,2,10,77,,0,1
108236,27,1,2.6,1,87.3,8.6,5.7,1,4.0,3.8,0,2,7.6,4,8,7,100,,0,1
108237,23,1,4.1,0,44.3,7.2,4.7,1,4.0,7.0,0,2,11.0,9,8,7,100,,1,0
108238,24,0,3.6,0,83.0,5.6,8.1,0,3.82,1.1,0,5,8.1,5,9,6,100,,1,0
108239,28,2,3.4,0,46.6,6.6,8.7,1,3.52,6.2,0,5,9.6,6,2,10,86,,3,1
108240,18,0,0.7,0,66.1,8.0,8.7,1,3.97,2.5,0,2,4.4,7,5,10,97,,2,1
108241,18,1,5.1,0,93.4,6.2,7.4,0,2.83,4.8,0,5,9.6,3,7,8,73,,1,0
108242,25,0,6.4,0,94.8,8.6,7.1,1,4.0,7.0,0,0,11.7,10,9,6,100,,1,0
108243,19,0,5.2,1,99.2,4.8,5.0,0,3.14,5.1,0,0,13.5,3,4,10,76,,2,1
108244,22,1,6.6,0,54.5,4.7,6.7,0,2.78,5.4,0,2,11.2,9,4,10,67,,3,1
108245,17,1,9.1,0,51.2,7.0,7.4,0,4.0,3.0,0,0,17.5,3,7,8,99,,1,1
108246,24,1,5.4,0,97.8,6.2,10.0,1,4.0,6.6,0,5,11.9,9,8,7,97,,2,0
108247,16,0,2.2,1,82.9,6.4,5.7,1,2.81,2.2,0,3,7.7,3,5,10,68,,3,1
108248,25,2,4.6,0,54.1,5.9,5.4,1,3.32,4.7,0,0,11.7,5,4,10,80,,2,1
108249,27,1,2.3,0,78.4,6.8,5.5,1,3.85,1.0,0,1,9.1,3,10,5,96,,3,0
108250,21,2,2.9,1,96.6,4.5,8.6,0,4.0,10.0,0,2,7.8,8,7,8,98,,1,0
108251,17,1,3.1,1,98.9,7.0,7.8,0,2.89,5.5,0,2,9.4,10,2,10,74,,2,0
108252,18,1,3.4,0,58.3,6.2,5.2,0,4.0,4.7,0,1,7.2,8,2,10,100,,1,0
108253,17,0,1.4,0,78.4,9.4,6.5,1,3.02,4.3,0,3,7.4,9,1,10,85,,2,1
108254,22,2,0.3,0,82.1,7.8,3.7,0,3.5,1.1,0,2,3.4,5,1,10,76,,1,1
108255,20,2,1.8,1,63.6,10.4,6.8,1,3.18,5.7,0,4,9.0,1,10,5,80,,2,1
108256,28,0,2.0,1,55.6,8.1,9.5,1,4.0,6.4,0,1,7.9,7,9,6,100,,1,0
108257,25,1,3.1,0,92.1,7.1,7.4,0,2.93,6.7,0,0,10.5,3,10,5,69,,2,1
108258,26,2,5.98,0,83.0,6.4,4.4,1,3.36,5.3,0,1,8.8,5,10,5,81,,2,0
108259,22,0,5.09,0,94.2,6.8,4.7,0,2.85,6.4,0,2,9.8,6,5,10,66,,3,1
108260,17,1,5.5,0,84.9,8.1,9.0,0,4.0,5.1,0,4,13.8,1,7,8,100,,2,0
108261,16,1,5.4,0,48.9,7.8,10.0,0,4.0,3.8,0,4,11.9,5,9,6,100,,2,1
108262,20,1,4.7,0,56.8,5.6,5.9,0,4.0,10.0,1,0,12.7,2,3,10,100,,2,1
108263,25,1,1.3,1,89.3,6.8,1.0,1,4.0,4.1,0,4,5.4,1,2,10,100,,1,0
108264,21,2,1.6,1,68.8,8.3,9.6,1,3.69,3.7,0,0,11.2,7,2,10,94,,2,0
108265,27,1,5.9,1,91.3,7.3,4.4,0,3.67,4.9,0,3,13.3,3,3,10,99,,2,1
108266,24,0,6.1,0,46.7,4.0,7.2,1,3.91,3.2,0,2,10.5,2,4,10,95,,1,0
108267,26,1,5.2,0,93.0,8.1,10.0,1,3.47,4.9,0,3,10.9,10,6,9,82,,3,0
108268,16,1,2.9,1,60.1,6.8,6.9,1,3.3,6.7,0,1,9.4,6,6,9,81,,1,1
108269,22,0,4.5,0,60.0,5.3,7.3,1,4.0,6.8,0,0,12.7,2,4,10,100,,0,1
108270,27,1,4.1,1,41.0,7.3,4.6,0,3.1,2.6,0,3,10.8,6,6,9,69,,1,1
108271,20,1,6.32,0,78.1,6.1,6.9,0,4.0,3.7,0,1,13.0,10,10,5,99,,0,1
108272,22,0,5.35,0,49.8,9.3,6.6,1,4.0,4.3,0,4,9.3,8,3,10,100,,1,1
108273,17,0,2.65,0,45.7,4.0,8.8,0,4.0,4.7,0,1,8.1,1,10,5,99,,1,1
108274,20,0,3.6,1,96.9,6.2,5.7,0,4.0,8.4,0,1,7.0,2,9,6,100,,2,0
108275,23,1,3.0,0,81.4,9.9,4.8,0,3.28,2.0,0,4,12.2,4,3,10,82,,2,1
108276,25,1,0.8,0,63.9,7.9,4.8,0,3.42,2.4,0,5,9.1,1,6,9,81,,0,1
108277,26,0,1.2,1,86.7,6.2,4.1,1,2.63,5.4,0,2,4.0,9,7,8,64,,2,1
108278,27,2,3.7,0,48.9,8.8,1.4,0,2.97,9.4,0,1,9.9,6,6,9,71,,0,0
108279,21,2,6.7,1,43.0,7.2,4.7,0,3.85,5.2,0,3,10.5,6,5,10,94,,3,0
108280,16,0,3.9,1,44.1,5.8,6.9,1,2.83,4.2,0,5,8.2,2,2,10,78,,3,1
108281,24,0,6.6,1,67.3,4.0,7.8,0,3.04,5.6,0,5,12.2,6,7,8,73,,2,0
108282,24,2,4.9,1,42.7,6.0,7.2,0,4.0,6.7,0,2,13.6,4,3,10,100,,2,0
108283,16,1,4.8,0,81.8,8.6,7.8,0,3.8,6.7,0,5,8.9,6,2,10,91,,2,1
108284,22,0,4.5,0,58.8,7.8,8.8,0,3.45,6.5,0,3,9.7,9,6,9,85,,1,0
108285,20,2,5.1,0,81.9,7.6,7.2,1,4.0,9.5,0,4,14.4,4,10,5,98,,1,0
108286,20,0,2.9,0,60.8,10.1,3.5,0,3.33,7.2,0,0,10.1,9,9,6,91,,2,1
108287,24,0,4.7,0,41.7,8.5,2.4,1,3.2,6.8,0,5,5.9,2,2,10,76,,2,0
108288,16,2,5.13,1,74.8,4.9,7.4,0,3.49,6.8,0,5,14.1,9,8,7,86,,3,1
108289,19,0,4.6,0,93.8,7.5,3.9,0,4.0,5.9,0,0,9.4,10,2,10,100,,3,1
108290,24,0,5.0,1,48.6,6.9,8.9,1,4.0,5.3,0,4,10.4,6,5,10,100,,1,0
108291,18,1,7.5,0,94.6,7.8,5.4,1,3.76,5.0,0,2,8.9,7,5,10,88,,2,1
108292,23,1,4.19,1,48.1,5.8,10.0,1,3.07,7.0,0,3,6.2,9,2,10,79,,2,1
108293,18,0,2.75,1,85.6,5.9,7.6,0,2.67,6.8,0,3,4.1,6,3,10,73,,3,1
108294,21,0,4.64,0,58.7,5.1,4.7,1,4.0,3.9,0,4,12.7,7,8,7,100,,2,1
108295,28,1,3.2,1,84.8,9.3,7.5,0,4.0,9.7,0,4,8.8,2,9,6,100,,2,1
108296,25,0,8.2,0,41.2,7.8,8.9,1,4.0,4.4,0,4,15.7,10,10,5,100,,2,1
108297,21,2,5.42,0,80.0,8.0,6.2,0,3.07,5.2,0,3,13.5,1,3,10,86,,1,1
108298,24,0,2.5,1,85.1,6.1,6.6,1,2.52,7.9,0,2,9.0,9,3,10,65,,3,1
108299,28,1,1.29,0,59.2,7.8,4.2,1,3.06,8.0,0,2,8.7,9,3,10,80,,0,0
108300,21,0,4.7,0,73.7,6.9,7.0,1,3.13,2.9,0,2,11.8,6,6,9,85,,0,1
108301,25,1,3.2,0,49.4,8.3,6.4,0,4.0,4.7,0,2,5.7,3,6,9,97,,2,0
108302,26,1,6.9,1,66.9,6.7,6.0,0,4.0,3.8,0,0,12.4,5,8,7,95,,1,1
108303,28,0,3.26,0,95.1,7.4,5.3,1,4.0,4.4,0,1,12.0,2,8,7,93,,2,1
108304,26,1,4.95,0,53.3,7.4,5.7,0,2.96,4.9,0,3,9.4,10,6,9,73,,0,0
108305,23,1,7.5,0,73.3,8.5,6.2,1,4.0,3.2,0,4,16.3,2,5,10,100,,2,1
108306,18,0,6.2,1,71.5,4.6,8.9,1,3.57,3.2,0,5,12.3,1,8,7,88,,1,1
108307,22,2,2.6,1,80.6,8.9,5.2,1,3.55,7.0,0,3,6.8,5,2,10,91,,1,1
108308,17,2,7.0,1,92.1,8.1,4.2,1,2.98,6.8,0,1,10.3,6,6,9,81,,2,0
108309,19,1,5.0,0,67.1,7.2,5.1,1,2.98,7.8,0,3,10.8,3,1,10,73,,3,0
108310,18,1,4.6,0,44.2,9.9,3.5,1,3.57,5.7,0,1,10.7,8,2,10,90,,2,0
108311,18,2,6.3,0,41.2,9.3,10.0,0,4.0,4.4,0,3,10.4,2,5,10,99,,1,0
108312,27,0,1.2,0,44.3,11.0,7.5,1,4.0,4.6,0,2,11.6,1,3,10,93,,2,0
108313,20,1,0.0,1,72.5,6.9,6.5,0,3.3,3.4,0,3,9.7,10,2,10,88,,3,1
108314,20,2,6.5,0,74.5,6.7,2.8,0,3.94,7.3,0,1,12.7,2,2,10,99,,2,1
108315,20,2,5.3,0,86.8,9.1,4.9,1,4.0,5.1,0,2,9.2,2,10,5,100,,2,1
108316,18,0,5.4,1,44.5,8.7,6.4,1,3.79,6.0,0,5,8.9,7,3,10,91,,3,1
108317,26,1,3.7,0,64.4,8.8,8.7,1,3.65,2.7,0,5,11.7,4,10,5,93,,1,0
108318,25,1,3.8,0,61.5,5.5,9.9,1,4.0,7.8,0,1,11.3,10,2,10,95,,2,0
108319,25,1,5.5,0,95.4,7.2,7.6,0,3.03,5.2,0,1,7.1,1,5,10,74,,1,0
108320,19,2,5.7,0,87.7,4.5,8.1,0,3.4,4.8,0,3,10.0,5,10,5,87,,3,0
108321,21,2,2.7,0,80.7,7.9,10.0,0,4.0,7.3,0,0,10.4,7,6,9,97,,0,0
108322,20,0,3.5,1,99.1,5.1,6.2,0,4.0,2.8,0,3,4.8,1,2,10,95,,3,0
108323,25,2,6.6,0,44.5,8.6,6.6,1,3.27,7.3,0,2,13.7,8,3,10,81,,2,1
108324,19,0,0.5,1,40.8,9.1,7.5,1,4.0,5.8,0,4,2.6,7,10,5,100,,1,1
108325,20,0,2.7,0,52.1,8.2,5.4,1,3.35,3.8,0,1,6.2,9,4,10,79,,2,0
108326,18,2,5.6,0,81.5,4.0,8.5,0,2.66,6.4,0,2,12.9,3,5,10,63,,3,1
108327,21,0,3.6,0,81.4,6.7,10.0,1,3.12,5.3,0,0,6.3,4,7,8,73,,1,0
108328,16,1,3.9,1,52.9,8.2,5.2,0,4.0,6.7,0,5,11.4,10,9,6,90,,3,1
108329,16,2,4.4,0,92.6,8.1,4.3,1,3.4,5.6,0,3,10.7,6,1,10,88,,1,1
108330,19,0,0.8,0,63.8,5.9,6.7,1,3.33,8.4,1,1,4.1,6,1,10,82,,0,1
108331,26,2,2.31,0,67.8,8.1,5.8,0,4.0,7.3,0,1,9.6,8,9,6,100,,1,0
108332,27,1,6.33,0,70.6,6.4,7.0,1,4.0,4.9,0,1,11.8,9,5,10,91,,3,1
108333,16,2,2.6,0,68.5,8.8,7.6,0,3.04,7.2,0,0,9.3,5,8,7,81,,3,1
108334,26,1,3.7,1,83.7,5.8,1.5,1,3.37,6.5,0,5,7.1,4,6,9,79,,3,1
108335,22,1,4.9,0,59.6,6.0,3.6,0,3.6,7.0,0,3,13.0,3,4,10,83,,2,0
108336,23,1,2.8,1,99.5,6.2,5.4,0,4.0,4.4,0,5,6.0,1,4,10,94,,3,1
108337,16,0,3.5,0,46.5,7.3,7.6,1,3.37,3.5,0,3,10.3,4,1,10,83,,2,0
108338,17,0,4.92,0,45.5,6.3,3.8,1,3.39,3.5,0,1,11.4,8,6,9,83,,1,1
108339,18,2,1.6,0,43.5,6.4,9.7,0,3.08,5.9,0,2,4.3,9,5,10,73,,1,0
108340,22,1,0.0,1,86.3,8.1,7.3,1,3.5,3.8,0,4,5.3,3,3,10,81,,3,0
108341,17,2,7.2,0,57.4,4.0,4.9,0,3.2,6.0,0,4,15.7,5,9,6,78,,2,1
108342,20,2,6.9,1,69.2,9.0,10.0,0,3.67,4.0,0,0,14.3,3,6,9,86,,1,1
108343,17,1,7.1,0,80.9,5.4,8.5,1,4.0,1.9,0,5,11.7,3,6,9,92,,2,1
108344,21,2,3.5,0,92.1,7.4,7.1,1,3.36,7.5,0,3,10.0,10,2,10,81,,2,0
108345,28,1,3.74,0,46.4,6.7,10.0,1,4.0,3.7,0,5,8.0,7,4,10,100,,0,1
108346,28,2,1.9,0,40.6,5.5,10.0,0,4.0,4.2,0,1,4.7,8,4,10,99,,1,0
108347,20,1,1.1,1,76.3,8.9,6.5,0,3.19,2.3,0,5,8.4,8,8,7,81,,0,0
108348,23,1,5.2,1,65.0,4.8,8.0,0,2.78,1.1,0,3,9.9,5,2,10,76,,1,0
108349,24,2,7.56,1,88.0,7.2,6.2,1,4.0,6.7,0,4,15.1,5,7,8,94,,2,0
108350,25,2,5.2,1,49.1,8.8,6.3,0,3.31,3.2,0,5,13.2,2,7,8,72,,1,1
108351,27,0,2.6,1,89.1,7.3,6.2,0,4.0,5.2,0,5,5.9,8,8,7,100,,2,1
108352,16,0,3.7,0,51.0,5.1,5.3,0,2.99,6.7,0,0,12.6,10,9,6,76,,2,1
108353,20,1,4.9,0,78.3,8.7,8.3,1,3.3,4.8,0,2,10.4,2,2,10,80,,2,1
108354,25,1,5.21,0,94.2,8.8,6.7,0,4.0,3.7,0,5,8.8,10,2,10,86,,0,0
108355,21,2,4.4,0,82.7,8.7,10.0,0,2.94,3.3,0,2,9.4,6,1,10,66,,1,1
108356,27,2,4.64,0,73.7,5.0,7.2,1,3.61,4.2,0,1,12.8,6,10,5,84,,2,1
108357,26,2,5.2,0,54.4,7.2,5.2,1,4.0,7.9,0,2,7.4,9,3,10,100,,1,1
108358,27,1,7.2,1,94.5,5.7,6.0,1,3.64,5.8,0,1,12.8,4,4,10,94,,2,1
108359,26,0,5.8,1,65.5,6.6,7.1,0,4.0,6.8,0,5,11.7,4,5,10,98,,2,1
108360,20,0,7.3,1,73.7,7.1,8.5,1,3.54,3.4,0,5,12.5,2,4,10,94,,1,1
108361,16,2,8.3,0,61.5,7.2,2.1,0,3.83,5.6,0,1,10.5,5,10,5,85,,2,1
108362,22,0,4.88,0,79.5,6.4,6.2,1,4.0,3.1,0,2,6.6,7,8,7,100,,1,0
108363,16,2,2.5,0,61.3,6.7,8.2,0,3.31,6.6,0,5,7.1,2,4,10,73,,2,1
108364,22,2,2.0,0,69.8,6.7,6.1,1,3.34,3.9,0,2,8.1,3,8,7,80,,2,0
108365,24,0,5.3,0,63.1,5.9,10.0,0,4.0,5.4,0,0,9.8,1,7,8,100,,2,1
108366,27,2,6.8,0,80.8,6.7,4.0,1,3.55,7.3,0,5,11.4,9,10,5,93,,2,0
108367,23,2,3.3,0,62.3,8.9,6.1,0,4.0,6.1,0,5,8.3,9,2,10,100,,2,0
108368,20,1,4.35,1,79.9,5.8,3.6,1,4.0,6.7,0,4,8.5,7,7,8,98,,2,0
108369,20,2,3.98,1,41.3,6.0,6.8,0,4.0,6.3,0,2,8.7,7,8,7,89,,1,0
108370,21,0,7.0,0,64.7,4.7,7.3,0,3.64,6.4,0,0,11.0,2,2,10,90,,3,0
108371,22,1,3.3,0,81.3,4.8,8.0,0,3.3,3.7,0,1,9.2,4,3,10,89,,1,1
108372,25,0,5.1,0,88.6,6.3,5.7,1,4.0,3.1,0,5,11.0,1,7,8,93,,1,0
108373,21,1,6.9,0,60.5,8.4,9.2,1,4.0,5.8,0,1,10.7,6,3,10,100,,2,0
108374,23,1,4.2,1,70.9,9.0,5.4,1,4.0,2.7,0,0,9.7,3,10,5,100,,3,1
108375,26,2,4.2,1,89.7,7.2,5.4,1,3.27,3.0,0,1,13.6,10,4,10,78,,1,1
108376,23,2,2.5,1,95.4,4.0,7.1,0,2.17,8.3,1,0,7.0,4,3,10,53,,2,0
108377,24,1,7.1,1,81.2,6.8,1.4,0,3.38,7.2,0,4,12.6,8,2,10,84,,0,1
108378,22,2,0.0,1,53.9,8.0,6.6,0,3.92,2.6,0,1,5.7,4,7,8,99,,1,1
108379,17,2,7.27,0,44.6,4.2,6.4,0,4.0,6.6,0,0,13.9,9,1,10,94,,1,0
108380,21,1,8.6,0,82.3,7.0,7.3,1,4.0,3.2,0,4,13.4,7,7,8,100,,3,1
108381,25,0,4.2,0,94.7,5.7,7.3,1,3.33,7.0,0,3,7.4,9,7,8,86,,0,1
108382,20,2,7.9,1,84.0,5.7,9.1,0,3.58,4.2,0,1,13.4,5,10,5,80,,0,1
108383,19,2,8.4,1,60.1,9.0,5.6,1,4.0,5.3,0,5,11.1,10,9,6,100,,2,1
108384,19,0,1.4,1,62.7,6.6,7.3,0,2.79,4.9,0,2,5.2,6,1,10,69,,2,1
108385,18,0,9.1,1,40.4,5.3,9.3,1,4.0,5.5,0,4,16.1,7,9,6,99,,1,1
108386,16,1,3.1,0,62.7,8.4,5.7,0,3.35,1.0,0,0,10.2,4,4,10,84,,1,0
108387,24,0,3.5,1,85.6,7.7,3.6,0,4.0,4.6,0,1,8.2,3,7,8,100,,3,1
108388,19,1,4.2,1,59.8,6.2,8.2,0,3.96,5.6,0,5,11.4,1,6,9,100,,2,0
108389,19,2,2.5,0,49.6,6.6,6.0,1,4.0,2.7,0,5,7.1,4,6,9,93,,0,0
108390,23,0,2.9,1,64.4,7.4,3.1,0,3.41,7.5,0,0,9.7,4,5,10,88,,0,1
108391,28,2,8.48,1,41.9,5.8,4.9,1,3.96,1.9,0,1,11.6,10,2,10,97,,0,0
108392,16,0,5.41,1,57.5,4.0,5.3,1,3.4,7.2,0,5,11.7,1,1,10,84,,1,1
108393,17,0,1.4,1,58.6,5.8,5.2,1,4.0,6.8,0,3,10.2,10,2,10,100,,3,1
108394,23,1,4.9,0,71.4,9.2,5.5,0,3.15,2.7,0,0,9.5,5,4,10,82,,3,1
108395,16,0,3.8,1,67.5,6.4,10.0,1,4.0,3.7,0,4,5.9,1,10,5,99,,1,1
108396,28,2,2.8,1,90.1,7.9,8.6,0,3.99,4.6,0,3,12.9,9,9,6,100,,2,0
108397,19,2,4.5,0,72.5,9.9,6.9,0,4.0,6.3,0,3,10.0,8,7,8,100,,2,0
108398,16,0,5.4,0,89.8,7.8,6.9,1,3.48,5.2,0,2,7.8,6,1,10,78,,2,1
108399,18,1,4.1,1,67.9,6.9,4.6,0,4.0,2.1,0,0,9.1,2,10,5,100,,2,0
108400,27,1,5.7,1,91.8,7.2,8.7,1,4.0,5.7,0,3,12.1,9,4,10,100,,1,1
108401,21,2,3.2,1,46.3,9.1,6.5,1,4.0,3.6,0,0,9.6,9,9,6,98,,1,0
108402,19,0,2.1,1,55.2,5.7,8.9,0,3.02,2.8,0,5,8.5,7,2,10,73,,1,1
108403,22,0,5.4,0,81.4,5.8,6.5,1,3.1,4.4,0,4,9.4,5,3,10,69,,3,0
108404,19,0,0.7,0,78.5,7.1,9.7,1,3.81,6.3,0,0,6.2,7,4,10,94,,2,1
108405,27,1,4.2,1,47.1,7.0,3.6,1,3.45,1.0,0,5,10.8,10,3,10,83,,1,0
108406,20,2,3.4,0,80.8,5.9,5.5,0,4.0,3.5,0,1,12.8,10,10,5,100,,0,1
108407,24,1,4.3,1,78.0,6.5,4.9,0,4.0,4.3,0,4,8.3,9,6,9,98,,2,1
108408,22,0,6.3,1,43.3,9.0,4.6,1,4.0,4.9,0,1,11.0,9,2,10,100,,2,1
108409,18,0,6.2,0,49.1,8.5,9.7,1,4.0,5.3,0,5,15.2,3,4,10,100,,3,1
108410,23,0,4.8,0,49.1,6.2,7.2,1,3.14,2.0,0,0,10.3,6,2,10,72,,2,1
108411,17,2,1.6,0,74.7,4.7,6.0,0,2.71,3.6,0,5,7.0,9,10,5,58,,3,0
108412,17,1,6.2,1,64.2,8.3,6.1,1,3.87,6.0,0,1,12.7,6,7,8,93,,2,1
108413,26,1,7.07,1,64.4,6.5,8.3,1,4.0,5.5,0,5,9.9,7,10,5,100,,3,0
108414,22,1,8.0,0,68.4,5.9,6.8,1,3.19,6.9,0,1,16.6,10,3,10,79,,2,1
108415,18,2,0.0,0,49.0,6.4,7.5,0,3.31,6.7,0,3,3.6,3,6,9,92,,1,1
108416,26,2,2.4,1,51.0,7.3,6.3,0,4.0,5.8,0,3,5.7,6,4,10,93,,1,1
108417,20,0,4.1,0,50.9,7.7,7.2,0,4.0,6.6,0,0,8.5,10,3,10,100,,1,1
108418,20,1,3.99,0,94.8,7.8,2.8,0,2.92,7.4,0,0,8.6,6,2,10,71,,1,0
108419,24,0,6.67,1,72.4,6.3,4.6,1,2.51,6.9,0,0,13.2,5,1,10,66,,2,1
108420,24,1,3.0,1,53.2,6.6,8.2,0,4.0,4.5,0,5,11.2,8,10,5,100,,2,0
108421,28,1,5.3,1,73.1,8.6,5.9,1,4.0,1.9,0,3,13.0,6,5,10,98,,1,0
108422,18,2,6.2,1,99.9,4.9,6.6,1,4.0,4.2,0,1,15.3,10,6,9,100,,1,1
108423,28,1,6.52,0,65.9,7.6,5.4,1,3.24,6.5,0,3,11.6,3,1,10,83,,2,1
108424,24,0,2.42,0,70.3,7.0,10.0,1,4.0,3.4,0,2,6.1,9,6,9,99,,0,1
108425,23,1,4.8,1,50.9,7.4,8.7,1,4.0,3.4,0,3,12.1,10,5,10,100,,2,0
108426,16,2,2.7,1,97.7,7.6,7.5,0,4.0,4.2,0,4,6.7,7,6,9,97,,1,1
108427,18,1,4.5,1,88.4,6.1,5.3,1,4.0,1.9,0,5,10.9,6,7,8,100,,3,1
108428,18,1,4.19,1,49.7,5.0,6.3,1,3.16,6.8,0,2,12.7,3,5,10,76,,2,0
108429,16,0,5.5,1,70.8,5.4,9.4,0,4.0,4.4,0,2,10.5,8,8,7,100,,1,0
108430,17,2,3.7,1,84.2,8.2,8.6,0,4.0,1.0,0,4,7.4,1,10,5,98,,2,0
108431,21,1,2.5,1,85.8,8.4,6.8,1,3.27,5.9,0,2,7.9,2,1,10,84,,2,1
108432,23,2,5.2,0,94.9,6.5,8.6,1,3.21,2.6,0,2,7.7,3,9,6,78,,1,0
108433,28,1,3.1,1,77.4,6.2,9.5,0,4.0,3.9,0,2,4.6,6,6,9,91,,3,1
108434,17,1,2.6,1,54.9,7.6,9.5,1,2.53,7.7,0,4,8.5,5,4,10,67,,2,1
108435,24,2,3.4,1,94.5,4.4,7.7,1,4.0,5.9,0,2,6.1,10,4,10,100,,1,0
108436,24,0,6.5,0,55.7,7.5,10.0,0,3.91,6.1,0,0,11.9,6,10,5,91,,2,0
108437,24,1,2.7,1,90.2,9.0,5.3,1,4.0,5.5,0,2,7.7,6,9,6,99,,1,1
108438,16,0,4.0,0,58.8,8.3,10.0,0,4.0,6.2,0,1,9.4,5,5,10,100,,3,1
108439,28,1,6.1,0,80.9,6.7,5.7,0,4.0,7.7,0,1,14.3,3,10,5,100,,2,1
108440,24,1,5.1,1,61.3,6.1,6.9,0,4.0,2.3,0,1,10.5,10,7,8,90,,2,0
108441,22,2,3.5,1,63.5,6.3,9.7,1,3.69,6.4,0,2,8.0,5,8,7,92,,2,0
108442,16,1,5.19,0,81.1,7.9,6.3,0,4.0,4.3,0,0,10.3,5,3,10,98,,1,1
108443,27,2,7.1,0,63.3,5.4,8.2,0,3.79,6.8,0,1,13.5,7,10,5,93,,2,0
108444,17,0,3.5,1,91.3,7.7,9.0,0,4.0,2.0,0,5,10.4,4,5,10,100,,1,1
108445,16,1,3.46,0,44.2,10.5,7.4,1,4.0,2.3,0,3,8.3,9,7,8,96,,2,1
108446,20,1,5.6,0,91.7,4.9,9.4,0,2.53,4.6,0,4,8.8,2,3,10,63,,1,0
108447,21,2,8.1,0,91.5,6.2,10.0,1,4.0,2.7,0,0,10.7,6,4,10,100,,1,1
108448,20,0,4.4,1,97.0,7.3,9.0,1,2.88,3.8,0,5,12.8,6,2,10,67,,2,0
108449,19,0,1.9,1,97.4,6.9,8.0,1,2.99,2.3,0,3,5.2,2,1,10,71,,3,1
108450,27,0,1.6,0,42.4,7.8,5.6,0,2.45,4.2,0,5,4.7,8,3,10,63,,2,0
108451,23,1,10.23,1,40.4,7.8,8.4,1,3.62,5.0,0,0,16.0,5,4,10,86,,0,0
108452,24,2,5.6,0,96.7,6.7,6.2,0,3.0,6.7,0,5,13.3,3,5,10,67,,2,1
108453,28,1,4.61,1,80.5,7.9,7.8,0,4.0,2.8,0,1,9.5,2,7,8,100,,2,0
108454,19,0,6.5,0,46.9,6.0,7.1,1,3.33,4.8,0,4,13.3,4,4,10,76,,2,1
108455,24,0,2.2,0,84.1,8.1,7.8,0,3.71,4.8,0,0,6.0,9,10,5,96,,1,1
108456,22,0,5.6,0,99.5,7.3,6.6,0,4.0,6.6,0,4,8.3,10,9,6,100,,2,0
108457,27,1,3.3,0,96.6,7.1,7.7,1,4.0,4.0,0,4,6.0,1,9,6,100,,1,1
108458,24,2,4.0,1,96.7,7.2,7.8,1,4.0,8.7,0,3,9.3,6,9,6,100,,0,0
108459,23,2,4.2,1,57.9,7.4,6.0,0,3.13,4.6,0,4,9.1,2,5,10,82,,3,0
108460,26,0,1.5,1,61.3,6.9,5.1,1,2.41,6.4,0,4,8.5,9,4,10,61,,2,1
108461,16,1,3.6,0,50.0,8.3,9.6,1,2.6,5.9,0,0,8.3,2,7,8,63,,2,0
108462,28,0,2.0,1,62.3,4.0,7.5,1,4.0,5.1,0,2,5.5,7,7,8,99,,1,1
108463,28,2,4.2,1,62.9,6.9,4.8,1,2.93,1.2,0,3,8.4,10,3,10,74,,2,1
108464,20,2,5.2,1,94.3,4.0,8.4,1,3.27,2.3,0,5,10.6,7,9,6,85,,1,1
108465,18,2,5.2,0,46.1,5.8,7.7,1,2.73,5.7,0,5,10.6,1,1,10,68,,2,1
108466,20,2,7.71,1,59.6,8.7,8.0,1,4.0,3.7,0,3,13.6,2,5,10,100,,1,1
108467,23,1,0.9,0,45.1,8.8,8.6,1,2.88,4.0,0,0,8.3,1,3,10,70,,1,1
108468,23,1,5.07,1,83.2,6.6,2.4,0,4.0,1.4,0,1,8.4,1,9,6,99,,3,1
108469,27,0,2.7,1,73.2,8.7,4.5,1,3.62,6.8,0,1,7.1,5,8,7,100,,1,1
108470,18,1,6.7,1,40.5,7.1,4.0,1,4.0,6.2,0,5,14.6,4,7,8,97,,2,0
108471,24,2,5.1,0,80.5,6.6,9.8,0,3.98,4.4,0,4,6.3,8,2,10,98,,1,1
108472,17,1,6.82,0,97.6,5.7,6.8,0,4.0,5.9,0,1,14.0,8,8,7,97,,2,1
108473,26,2,6.7,1,71.3,7.6,3.5,1,4.0,9.6,0,5,11.5,9,5,10,94,,1,1
108474,23,1,6.1,0,61.3,6.6,6.5,1,4.0,8.3,1,3,10.6,9,1,10,100,,2,1
108475,19,0,6.4,1,60.0,7.6,7.3,0,4.0,7.7,0,1,9.8,3,5,10,99,,1,1
108476,26,0,6.5,1,42.0,9.1,5.1,1,4.0,2.9,0,0,14.0,10,8,7,100,,3,1
108477,16,0,7.04,1,65.0,9.4,9.8,1,4.0,5.1,0,2,12.7,3,9,6,100,,2,1
108478,22,1,4.7,1,92.0,8.0,8.5,1,3.62,7.0,0,2,9.9,4,7,8,82,,0,1
108479,26,1,1.4,0,61.1,7.0,8.6,1,2.52,4.4,0,1,7.7,8,9,6,62,,2,1
108480,23,0,5.3,1,82.5,8.1,6.8,0,2.85,6.4,0,2,9.7,3,2,10,75,,2,1
108481,18,1,5.72,1,59.3,4.9,4.5,1,4.0,4.8,0,5,12.9,2,5,10,100,,3,1
108482,24,2,1.8,1,58.7,8.6,8.5,1,3.21,4.2,0,0,12.0,4,1,10,77,,2,0
108483,22,1,6.3,0,47.3,7.2,5.4,0,3.34,4.4,0,3,12.6,5,9,6,77,,2,1
108484,22,2,3.7,1,76.5,7.8,4.6,0,3.69,4.4,0,3,6.7,8,1,10,91,,2,0
108485,27,1,2.5,1,45.4,4.0,4.4,1,3.32,6.1,0,4,8.0,10,5,10,78,,3,1
108486,21,2,5.11,1,68.7,8.2,6.7,1,3.96,4.6,0,0,11.0,8,5,10,95,,2,1
108487,19,0,4.1,1,70.4,8.0,7.1,1,3.56,5.7,0,4,7.3,5,8,7,92,,2,0
108488,20,0,2.4,1,62.7,5.0,4.9,1,3.93,7.2,0,4,8.7,2,5,10,99,,2,1
108489,20,1,2.21,1,75.7,5.8,6.5,1,3.81,3.1,0,5,10.5,6,5,10,100,,3,1
108490,23,0,1.69,1,72.1,6.8,9.5,0,3.4,4.1,0,1,8.5,2,8,7,91,,3,0
108491,25,1,6.4,1,83.9,9.0,5.7,0,3.32,7.6,0,0,12.5,6,2,10,82,,3,1
108492,17,1,4.99,1,56.4,5.6,10.0,0,4.0,5.5,0,5,8.8,2,10,5,100,,1,0
108493,16,0,2.5,0,92.2,6.0,8.4,0,3.91,5.7,0,0,9.4,4,3,10,97,,1,0
108494,27,0,0.9,1,81.2,7.0,5.7,1,3.49,4.8,0,2,9.1,7,10,5,85,,1,1
108495,19,2,2.2,0,53.4,4.6,8.9,1,4.0,5.8,0,1,10.8,7,9,6,99,,3,1
108496,20,2,4.9,1,60.5,7.7,3.4,0,4.0,4.4,0,3,12.1,5,9,6,91,,3,0
108497,16,0,9.76,1,88.3,7.6,7.3,0,3.64,4.6,0,1,16.7,1,2,10,86,,2,1
108498,18,0,8.29,0,49.4,8.5,4.8,1,4.0,6.2,0,5,12.9,4,3,10,100,,0,1
108499,25,2,4.6,1,82.3,5.8,8.3,0,4.0,3.5,0,1,7.4,6,4,10,96,,1,0
108500,18,1,7.2,1,61.5,5.6,4.0,0,3.42,8.1,0,3,12.1,3,5,10,86,,2,1
108501,26,1,3.6,1,57.8,9.0,5.1,1,3.48,3.3,0,5,9.9,3,1,10,94,,1,0
108502,18,1,5.5,1,92.9,4.9,8.9,1,4.0,5.9,0,5,13.1,1,10,5,93,,2,1
108503,20,0,2.3,1,52.0,5.8,5.7,0,4.0,3.8,0,4,7.7,6,6,9,100,,2,1
108504,28,1,3.9,0,77.3,6.8,5.7,1,4.0,3.6,0,3,9.9,1,6,9,100,,1,1
108505,25,1,2.6,1,95.7,7.9,5.6,1,2.73,10.0,0,5,10.4,5,7,8,78,,3,1
108506,20,1,2.3,1,61.0,6.8,4.7,1,3.99,5.6,0,5,10.5,1,1,10,96,,1,1
108507,25,1,5.8,1,68.8,7.1,5.7,1,3.37,8.6,1,5,11.3,1,3,10,87,,3,1
108508,17,2,3.82,0,95.5,7.1,7.3,0,4.0,3.6,0,1,11.1,2,3,10,99,,2,0
108509,20,2,2.2,0,95.3,8.5,7.7,1,4.0,2.7,0,5,8.4,4,10,5,100,,0,1
108510,28,0,6.7,0,85.3,7.1,10.0,1,3.29,7.0,0,2,9.2,6,5,10,79,,3,1
108511,26,2,6.4,0,77.9,7.9,6.0,0,3.09,4.9,0,4,12.7,5,3,10,79,,2,1
108512,17,1,5.1,1,98.2,8.5,9.1,0,3.19,4.3,0,5,9.3,4,7,8,88,,3,1
108513,24,1,3.84,0,40.9,5.2,5.0,0,3.95,8.7,1,3,8.3,3,2,10,100,,2,1
108514,20,1,7.2,0,82.6,7.3,8.4,0,3.6,4.2,0,4,10.6,1,6,9,90,,2,1
108515,20,1,2.49,0,47.0,4.0,7.2,0,3.63,3.5,0,4,7.9,4,2,10,93,,3,1
108516,28,0,3.7,0,54.2,5.9,6.9,1,2.35,3.5,0,0,10.0,9,4,10,61,,1,0
108517,16,0,3.2,1,97.5,8.3,7.7,1,4.0,6.8,0,2,11.2,9,6,9,100,,0,1
108518,26,1,3.0,1,52.2,5.1,8.2,0,4.0,7.2,0,5,11.5,7,10,5,91,,1,0
108519,28,1,3.3,0,96.8,6.7,2.5,0,4.0,4.7,0,1,8.7,2,9,6,100,,3,1
108520,27,0,4.22,0,78.7,7.0,4.8,0,2.5,6.2,0,2,7.9,5,4,10,63,,2,1
108521,23,2,1.1,0,62.3,7.2,7.5,0,2.43,7.2,0,0,1.7,5,5,10,59,,1,1
108522,17,1,7.3,0,48.1,5.3,8.7,1,4.0,6.0,0,1,11.8,10,7,8,98,,1,1
108523,20,2,5.7,0,83.9,6.5,9.6,0,4.0,6.5,0,1,11.7,10,1,10,100,,2,1
108524,21,1,2.2,1,48.4,6.5,7.7,0,3.5,2.1,0,3,9.0,6,2,10,89,,3,0
108525,21,2,5.0,0,71.0,6.8,10.0,0,2.92,7.0,0,5,7.9,6,1,10,74,,3,1
108526,19,1,3.8,1,92.2,6.6,4.2,1,4.0,1.0,0,2,8.1,3,7,8,98,,3,0
108527,26,2,5.1,0,81.7,9.4,6.2,0,3.64,2.9,0,2,10.7,7,3,10,91,,2,1
108528,24,1,9.0,0,85.5,7.0,9.0,0,4.0,1.0,0,2,14.3,7,9,6,100,,0,0
108529,28,2,4.9,1,53.7,6.7,5.7,1,3.41,6.3,0,4,10.3,9,3,10,90,,2,1
108530,17,2,5.2,1,60.3,8.7,8.3,1,3.78,5.9,0,4,7.1,1,6,9,93,,2,0
108531,26,1,5.47,1,62.8,6.3,3.6,0,2.86,9.8,0,1,13.5,9,4,10,73,,2,1
108532,18,1,6.0,1,60.0,8.7,9.7,1,4.0,3.6,0,2,12.2,6,5,10,100,,2,1
108533,18,2,3.1,0,72.2,9.3,9.9,1,4.0,4.3,0,2,11.2,9,3,10,99,,2,1
108534,26,2,6.71,0,100.0,5.4,6.1,0,4.0,6.7,0,2,13.3,1,8,7,98,,1,1
108535,21,2,0.7,1,44.3,6.7,7.5,1,4.0,2.3,0,0,8.7,4,2,10,100,,3,1
108536,20,1,3.3,1,43.4,4.1,9.9,0,2.42,4.8,0,3,7.6,1,3,10,65,,1,0
108537,16,0,1.8,1,71.4,7.5,5.7,0,4.0,3.2,0,4,4.6,9,5,10,97,,2,1
108538,20,2,4.2,1,61.0,7.3,6.1,0,4.0,5.4,0,5,11.0,4,2,10,94,,1,0
108539,20,0,8.08,1,72.2,5.2,8.8,1,4.0,4.6,0,1,11.5,3,6,9,100,,1,0
108540,18,1,3.7,1,56.6,7.3,6.6,1,4.0,5.6,0,1,7.5,3,6,9,100,,3,1
108541,24,1,2.6,1,83.2,8.4,9.6,0,3.7,2.0,0,4,9.8,5,6,9,94,,1,0
108542,17,0,1.6,1,44.8,6.7,8.0,1,2.9,5.5,0,2,6.1,8,4,10,70,,1,0
108543,24,0,7.8,0,47.6,7.1,7.5,1,4.0,7.7,0,3,15.0,3,2,10,100,,1,1
108544,22,1,8.2,1,61.9,5.4,5.6,1,3.5,6.5,0,4,11.5,4,8,7,89,,2,1
108545,18,2,6.6,1,88.5,7.3,9.9,0,4.0,3.1,0,3,11.0,5,9,6,100,,2,1
108546,19,0,4.5,1,99.7,8.0,6.0,0,4.0,5.5,0,1,9.9,9,4,10,100,,1,1
108547,28,2,5.47,0,87.2,4.0,3.9,0,2.62,4.5,0,3,10.0,5,2,10,60,,2,1
108548,25,0,5.3,1,46.0,8.2,7.3,0,3.97,6.4,0,3,9.3,4,4,10,100,,3,1
108549,27,1,0.8,1,40.6,5.9,7.6,1,2.63,2.0,0,0,4.4,6,6,9,69,,1,1
108550,27,0,7.4,0,88.7,6.8,7.8,1,4.0,4.4,0,1,13.7,3,10,5,100,,2,0
108551,21,1,4.6,0,76.8,10.3,10.0,1,3.81,2.1,0,1,8.9,2,10,5,100,,2,1
108552,27,0,1.8,1,89.4,7.7,8.6,0,3.69,8.3,0,5,4.7,9,7,8,87,,1,1
108553,17,0,1.9,1,43.9,4.6,6.3,0,2.41,1.4,0,3,9.0,2,3,10,56,,2,1
108554,24,1,4.2,0,82.3,7.9,5.8,1,3.12,1.9,0,4,8.1,9,6,9,74,,1,1
108555,27,1,0.0,1,63.3,7.6,9.3,1,4.0,3.8,0,2,5.5,1,5,10,95,,3,1
108556,17,2,1.3,1,86.5,7.9,6.2,1,3.75,6.9,0,1,7.1,4,4,10,100,,0,1
108557,22,0,4.4,1,68.1,6.1,6.9,1,3.84,1.7,0,4,10.8,1,10,5,92,,2,0
108558,16,0,2.9,0,88.9,8.6,6.0,0,4.0,1.8,0,4,7.2,1,10,5,100,,1,1
108559,21,0,5.2,1,86.2,6.5,3.7,1,3.17,3.8,0,2,10.1,2,5,10,83,,3,0
108560,23,0,5.1,1,65.3,8.3,5.1,1,2.89,5.7,0,0,7.3,8,5,10,74,,2,1
108561,21,2,3.7,1,65.6,9.3,6.3,1,3.16,7.9,0,0,7.6,7,6,9,78,,3,0
108562,26,0,6.8,0,47.7,8.3,5.7,0,3.77,7.6,0,4,13.4,9,9,6,96,,3,0
108563,28,1,1.1,0,46.2,5.2,6.8,0,3.1,6.2,0,4,10.1,8,10,5,89,,1,1
108564,28,2,3.0,1,92.6,7.2,6.2,1,4.0,5.4,0,5,10.0,7,9,6,98,,3,1
108565,22,1,5.3,1,68.9,6.5,7.8,1,4.0,9.6,0,0,13.0,1,9,6,100,,2,1
108566,19,2,6.74,1,82.7,6.0,5.6,1,4.0,4.7,0,1,16.3,4,6,9,94,,1,1
108567,20,1,6.5,0,56.9,5.8,4.5,1,3.2,5.9,0,0,13.3,10,5,10,74,,1,0
108568,28,2,5.0,0,83.7,9.5,9.0,1,4.0,4.1,0,1,7.9,8,9,6,100,,3,1
108569,18,0,2.0,1,66.4,7.5,7.9,0,2.83,3.2,0,1,7.8,2,4,10,63,,2,1
108570,23,2,0.7,0,54.2,5.7,3.8,0,3.75,6.7,0,2,5.4,3,8,7,91,,2,0
108571,25,0,4.58,1,79.4,5.7,6.5,0,3.35,3.4,0,1,9.7,8,9,6,83,,3,0
108572,25,1,3.62,1,88.2,5.4,10.0,1,2.94,3.3,0,5,8.3,5,7,8,68,,3,0
108573,19,0,4.6,1,51.0,7.0,5.4,1,4.0,8.1,0,4,7.3,3,4,10,100,,1,1
108574,16,0,3.4,1,42.2,8.7,8.4,0,3.55,5.6,0,0,12.4,2,1,10,80,,1,0
108575,27,2,5.8,1,78.5,7.2,4.9,1,3.9,6.1,0,0,7.8,3,9,6,96,,3,1
108576,27,1,4.4,1,78.5,8.1,3.8,1,4.0,6.3,0,3,11.1,8,8,7,98,,3,1
108577,20,2,6.2,0,82.8,10.5,9.3,1,4.0,10.0,0,5,15.0,9,10,5,100,,2,1
108578,26,0,3.3,1,73.1,11.7,5.5,1,3.52,4.8,0,3,8.5,4,3,10,88,,1,1
108579,27,1,2.71,1,68.3,7.8,9.4,0,3.0,6.1,0,4,6.2,10,10,5,76,,2,1
108580,23,2,2.1,1,78.6,6.1,7.3,1,4.0,1.0,0,4,10.3,1,1,10,95,,2,1
108581,26,0,3.0,0,76.1,4.6,8.3,0,4.0,4.4,0,2,8.5,3,6,9,100,,1,0
108582,27,0,4.6,1,55.7,8.3,6.5,1,4.0,6.5,0,5,12.0,3,9,6,90,,2,1
108583,22,1,1.7,1,94.1,6.6,6.4,1,3.57,7.4,0,2,7.5,2,3,10,86,,1,1
108584,19,2,3.9,1,74.6,6.3,9.5,1,4.0,2.8,0,4,10.4,10,6,9,100,,2,1
108585,23,0,3.56,1,98.7,5.8,6.3,1,3.38,4.7,0,4,9.8,3,3,10,91,,1,1
108586,28,0,3.1,0,53.3,6.4,6.1,0,4.0,8.1,0,0,7.2,5,8,7,100,,0,1
108587,26,1,1.5,0,99.4,7.6,10.0,0,3.96,3.6,0,3,9.0,10,3,10,93,,2,1
108588,16,1,6.65,0,78.8,8.4,8.2,1,4.0,4.7,0,2,10.3,8,6,9,97,,1,1
108589,27,1,4.1,0,54.9,8.7,8.6,0,3.5,3.7,0,2,7.7,1,7,8,87,,0,1
108590,24,0,7.4,0,41.2,5.6,7.4,0,4.0,4.5,0,0,12.4,3,1,10,93,,1,0
108591,26,2,1.4,1,43.5,7.9,7.8,1,3.52,5.2,0,0,5.4,9,3,10,91,,2,1
108592,20,0,5.7,0,94.4,6.4,7.0,0,3.49,2.7,0,0,13.3,5,8,7,82,,1,1
108593,22,1,5.3,1,47.6,7.9,6.8,1,4.0,3.4,0,1,11.5,5,4,10,100,,0,1
108594,19,2,2.92,0,58.0,6.2,7.1,0,3.98,5.6,0,0,7.8,4,5,10,100,,3,1
108595,21,2,5.2,1,95.0,6.1,9.3,0,4.0,4.0,0,4,9.8,2,10,5,100,,1,1
108596,27,2,5.8,0,48.8,7.5,5.6,0,4.0,1.0,0,5,7.8,10,6,9,100,,1,1
108597,25,0,7.4,0,59.3,6.1,9.9,1,3.25,4.5,0,4,14.1,7,3,10,86,,1,0
108598,24,0,4.8,0,92.2,7.1,10.0,1,3.4,2.8,0,0,9.1,2,1,10,85,,3,0
108599,27,2,4.0,0,86.2,6.4,5.0,0,4.0,3.9,0,5,12.7,10,7,8,100,,2,0
108600,22,2,2.9,1,84.3,6.2,8.4,1,3.57,4.0,0,5,8.0,2,8,7,90,,1,1
108601,25,2,3.4,0,76.8,5.5,7.1,1,3.53,3.8,0,1,9.1,8,10,5,92,,2,1
108602,28,1,4.1,1,60.7,7.5,10.0,0,4.0,3.4,0,5,9.5,5,6,9,94,,2,1
108603,16,2,4.1,0,60.9,8.0,4.4,1,4.0,5.8,0,0,11.8,6,1,10,100,,3,1
108604,22,1,3.1,1,91.5,7.1,6.0,1,2.52,7.3,0,0,10.4,5,3,10,66,,2,1
108605,27,2,4.9,1,47.3,9.6,8.4,0,2.79,5.9,0,5,8.7,5,3,10,67,,0,0
108606,22,2,5.2,1,64.9,7.2,5.7,1,4.0,6.1,0,1,11.5,4,7,8,100,,2,1
108607,17,0,4.5,1,82.4,6.1,6.9,0,3.91,7.4,0,3,9.5,1,7,8,99,,1,0
108608,20,2,4.1,0,80.7,8.2,7.2,1,4.0,10.0,0,0,6.9,9,6,9,100,,2,1
108609,25,2,5.8,0,59.3,8.3,10.0,0,3.84,2.8,0,4,12.9,3,2,10,100,,2,1
108610,23,2,4.02,0,75.5,6.0,7.0,1,2.98,4.8,0,0,10.4,4,8,7,78,,2,1
108611,23,1,3.8,1,53.6,6.8,8.5,0,4.0,6.5,0,1,9.6,5,7,8,95,,1,1
108612,18,1,1.15,0,52.2,5.7,8.1,1,3.8,1.0,0,0,8.8,9,4,10,97,,2,1
108613,28,0,1.2,1,50.7,5.8,7.6,1,3.42,5.9,0,1,5.6,10,8,7,96,,2,1
108614,16,1,3.8,1,81.5,8.0,7.8,1,3.71,3.9,0,0,11.1,1,7,8,90,,3,0
108615,27,2,3.1,0,96.1,8.9,7.1,0,3.6,2.8,0,4,4.9,4,5,10,88,,0,1
108616,25,2,3.93,0,86.0,6.1,5.0,1,3.37,7.5,0,5,9.0,8,3,10,76,,3,0
108617,27,2,3.5,1,89.1,6.5,3.7,0,4.0,7.8,0,1,11.2,3,10,5,100,,0,1
108618,17,2,2.5,0,67.7,9.1,10.0,0,4.0,1.6,0,2,8.0,5,8,7,92,,0,0
108619,22,0,5.1,0,46.9,7.1,7.3,1,2.83,3.6,0,2,10.5,5,4,10,74,,1,0
108620,25,0,5.5,1,56.1,7.0,5.8,0,4.0,1.9,0,2,8.0,6,2,10,95,,2,0
108621,24,0,0.6,0,75.6,8.3,5.3,1,3.59,5.6,0,3,2.5,7,6,9,87,,2,0
108622,22,1,7.9,1,70.3,6.9,7.5,1,4.0,4.2,0,3,14.2,5,5,10,100,,2,1
108623,27,0,5.0,0,47.4,7.9,10.0,0,3.58,4.8,0,1,9.2,8,5,10,88,,2,1
108624,24,1,7.88,0,86.8,8.1,4.2,0,4.0,8.5,0,1,13.0,1,6,9,95,,1,0
108625,19,2,1.8,1,69.7,6.5,9.2,1,3.43,6.0,0,4,8.3,6,8,7,82,,2,0
108626,25,2,0.3,0,83.3,6.3,9.1,1,3.78,4.7,0,1,5.4,4,8,7,100,,2,1
108627,26,0,3.8,1,67.5,8.1,7.8,0,2.92,3.4,0,4,9.4,9,3,10,70,,2,1
108628,23,1,8.74,1,52.6,7.0,7.1,0,4.0,7.6,0,4,15.7,4,5,10,100,,2,1
108629,17,0,3.6,1,65.6,4.9,5.9,1,3.75,1.2,0,0,7.2,9,1,10,96,,1,1
108630,19,1,4.8,0,95.5,8.1,8.3,0,3.81,7.7,0,3,12.1,3,6,9,100,,3,1
108631,26,0,4.73,0,58.7,6.9,9.4,1,3.93,5.7,0,1,8.0,2,6,9,98,,3,0
108632,25,1,5.62,1,69.5,7.4,8.7,0,3.88,6.9,0,2,15.1,7,2,10,91,,2,0
108633,17,2,1.7,1,62.7,5.0,5.6,0,3.11,7.7,0,4,4.7,10,3,10,75,,2,1
108634,18,1,0.7,1,55.0,7.7,2.6,0,2.98,4.9,0,3,6.0,1,9,6,78,,2,1
108635,27,2,1.6,0,50.8,5.2,9.2,1,3.54,5.4,0,3,4.6,7,10,5,88,,1,1
108636,24,0,7.14,0,76.9,8.7,5.4,0,4.0,5.3,0,3,13.2,2,7,8,93,,1,0
108637,19,0,6.2,0,61.0,6.4,6.6,0,2.73,7.0,0,2,10.5,3,1,10,58,,3,1
108638,24,1,4.0,1,83.7,7.5,10.0,1,4.0,6.5,0,1,8.0,6,8,7,97,,2,1
108639,17,2,3.5,0,50.5,5.3,8.3,0,3.82,6.9,0,5,7.2,7,6,9,100,,2,0
108640,23,0,6.1,0,54.2,7.5,9.6,1,2.7,6.2,0,1,14.8,8,2,10,61,,3,0
108641,25,0,3.2,0,73.8,8.5,5.7,1,2.9,1.4,0,0,6.6,2,1,10,71,,3,1
108642,26,0,5.9,1,77.9,6.1,8.1,0,4.0,5.9,0,0,13.7,7,10,5,98,,2,0
108643,18,2,6.5,1,83.3,4.0,8.3,0,4.0,4.0,0,1,15.5,10,5,10,91,,1,0
108644,28,0,1.4,0,47.1,7.3,9.9,0,2.61,4.8,0,4,3.4,8,6,9,57,,1,1
108645,21,2,2.8,0,76.5,5.5,9.0,1,4.0,5.8,0,2,8.5,1,4,10,97,,3,0
108646,18,2,5.6,0,43.6,8.6,2.5,1,3.2,9.8,0,4,9.2,2,9,6,74,,3,1
108647,26,2,0.0,1,92.0,8.3,4.7,1,4.0,2.2,0,5,4.0,2,10,5,97,,2,0
108648,22,0,5.7,1,87.4,4.5,5.3,1,4.0,4.2,0,5,7.7,5,10,5,95,,0,0
108649,19,2,6.3,0,81.4,4.8,8.5,1,3.78,2.9,0,2,8.1,1,10,5,96,,2,1
108650,28,1,5.9,1,42.3,6.1,6.6,0,4.0,8.0,0,5,11.7,6,10,5,100,,1,0
108651,25,1,0.8,0,75.2,4.5,7.2,1,3.07,7.8,0,0,5.1,6,7,8,81,,1,0
108652,18,1,8.7,1,88.3,8.4,8.3,0,4.0,2.5,0,4,10.2,4,4,10,99,,3,1
108653,21,1,2.9,1,99.9,4.8,8.0,1,3.1,4.4,0,3,7.2,6,7,8,74,,1,0
108654,27,2,3.6,1,71.4,5.3,3.9,1,4.0,7.7,0,1,9.4,7,10,5,100,,2,0
108655,20,0,3.3,0,94.9,6.4,5.3,0,3.79,7.5,0,2,10.6,9,10,5,93,,2,1
108656,26,1,4.6,0,53.8,5.2,7.3,0,4.0,6.2,0,1,9.6,6,10,5,94,,3,1
108657,26,2,6.7,0,68.5,6.4,6.4,0,3.71,4.4,0,5,16.3,5,1,10,90,,2,1
108658,25,0,2.8,1,64.8,8.7,5.8,0,4.0,8.0,0,0,10.3,8,1,10,95,,1,1
108659,26,0,6.0,0,85.1,7.1,4.4,1,3.86,8.0,0,5,11.9,5,4,10,100,,2,1
108660,20,2,2.21,1,99.2,6.2,8.2,0,3.3,2.4,0,5,7.5,2,6,9,84,,1,1
108661,22,1,1.4,1,88.5,6.7,6.0,0,3.54,2.3,0,1,7.8,7,8,7,91,,2,1
108662,18,1,8.7,1,62.9,5.6,9.3,0,3.68,6.4,0,3,15.5,5,7,8,91,,2,1
108663,25,0,2.9,0,40.0,7.8,4.2,1,2.86,6.4,0,2,11.9,8,5,10,69,,1,1
108664,24,1,1.8,1,43.1,6.4,5.7,0,3.39,9.6,0,4,8.6,1,7,8,82,,1,0
108665,26,1,5.1,1,92.5,4.0,8.1,0,4.0,5.9,0,2,8.8,3,8,7,100,,1,1
108666,23,1,4.8,0,51.2,8.8,10.0,1,4.0,6.1,0,2,10.6,8,9,6,95,,1,0
108667,25,0,8.85,0,41.2,6.7,5.4,0,4.0,6.6,0,1,11.3,9,1,10,100,,2,0
108668,25,2,6.6,0,84.6,6.0,8.3,1,4.0,4.4,0,5,11.5,6,7,8,100,,2,1
108669,28,0,5.9,1,80.7,6.2,2.4,1,4.0,3.7,0,1,9.5,4,5,10,100,,1,0
108670,27,2,2.48,1,92.1,7.5,5.9,0,2.98,9.3,1,0,10.7,8,3,10,79,,3,1
108671,25,2,3.9,1,57.5,5.7,8.0,1,4.0,6.1,0,1,10.9,6,7,8,100,,2,1
108672,27,0,5.5,0,48.5,8.0,6.5,1,4.0,4.8,0,3,8.3,1,10,5,98,,2,1
108673,18,2,4.62,1,56.3,6.1,10.0,1,2.86,1.6,0,4,9.3,9,2,10,66,,2,0
108674,24,2,5.9,1,56.0,7.4,3.1,0,4.0,3.5,0,4,12.2,6,1,10,100,,3,1
108675,24,0,1.7,1,53.2,10.8,6.2,0,4.0,5.8,0,1,3.7,7,7,8,99,,3,0
108676,26,1,7.2,1,71.7,5.2,6.6,1,3.38,8.6,0,5,14.6,8,6,9,83,,2,1
108677,25,2,3.61,1,83.8,8.1,3.4,1,4.0,3.6,0,1,9.7,2,8,7,99,,2,1
108678,24,1,5.4,1,55.9,7.8,6.8,0,3.48,4.6,0,1,11.3,10,3,10,75,,2,0
108679,16,1,7.03,1,57.0,6.5,6.8,1,3.53,9.2,0,3,14.4,2,7,8,90,,1,0
108680,20,2,0.4,0,49.8,8.7,6.5,1,2.92,8.0,0,1,5.9,10,3,10,77,,1,0
108681,17,2,4.1,0,70.5,8.3,9.4,0,2.69,5.7,0,2,9.4,6,5,10,66,,1,0
108682,19,1,1.39,0,74.7,7.4,7.7,0,2.67,7.1,0,4,5.9,1,2,10,60,,1,0
108683,23,0,4.9,1,72.3,6.0,8.3,0,3.25,3.5,0,2,8.9,5,4,10,78,,2,0
108684,19,2,5.6,0,79.6,4.1,4.3,0,3.28,4.3,0,5,9.7,2,3,10,89,,3,1
108685,17,0,2.0,0,89.0,7.3,7.2,0,2.74,5.8,0,5,3.8,10,8,7,73,,2,1
108686,24,0,3.7,0,70.9,6.2,5.9,1,4.0,4.4,0,1,8.3,1,9,6,100,,3,0
108687,28,0,5.9,1,45.5,7.2,7.1,0,2.99,3.9,0,5,10.6,9,6,9,77,,1,0
108688,26,1,8.16,1,95.4,6.6,4.8,1,4.0,5.0,0,1,10.2,10,6,9,94,,3,1
108689,27,1,5.2,1,58.4,7.6,8.8,0,4.0,2.5,0,4,11.9,6,6,9,99,,1,1
108690,21,0,1.2,1,42.3,8.7,3.6,0,3.31,5.3,0,3,8.3,3,1,10,92,,3,0
108691,16,1,4.6,1,41.1,8.4,7.1,1,4.0,7.6,0,1,9.0,2,7,8,97,,2,1
108692,22,2,1.9,1,98.3,6.1,5.4,1,4.0,5.2,0,0,7.9,9,9,6,100,,3,1
108693,18,2,1.1,1,41.8,7.3,7.8,1,4.0,3.6,0,5,5.0,3,1,10,100,,3,1
108694,26,1,1.0,1,70.3,5.2,6.9,0,2.89,2.3,0,2,8.6,3,8,7,77,,1,1
108695,20,1,6.6,1,43.3,7.5,7.8,1,3.57,5.1,0,1,14.6,8,9,6,84,,1,1
108696,17,1,0.47,0,89.1,6.3,3.9,1,3.16,7.3,0,3,4.2,10,7,8,75,,3,1
108697,20,2,2.4,0,63.0,7.3,10.0,1,4.0,3.8,0,5,9.9,8,1,10,87,,2,1
108698,21,0,1.8,0,98.5,6.8,7.3,0,2.94,2.7,0,5,6.5,9,6,9,68,,3,0
108699,22,1,4.4,1,59.6,5.0,8.0,0,3.31,7.3,0,3,7.9,5,2,10,83,,1,1
108700,28,2,5.8,1,45.6,7.7,10.0,1,3.94,3.3,0,2,12.9,6,3,10,100,,0,1
108701,19,1,7.27,1,52.1,5.5,4.6,1,4.0,9.1,0,2,10.1,2,6,9,93,,0,1
108702,16,2,7.0,1,84.3,8.6,7.4,0,3.66,3.5,0,3,13.9,10,4,10,92,,2,1
108703,27,2,3.7,0,83.0,5.2,7.4,0,3.92,3.4,0,3,8.9,2,10,5,91,,1,1
108704,27,0,6.9,1,43.8,5.8,5.5,0,2.99,6.4,0,0,12.3,7,1,10,77,,2,1
108705,26,2,2.4,0,72.8,7.2,10.0,0,2.86,4.3,0,4,10.0,7,5,10,76,,2,1
108706,21,1,3.2,1,53.0,6.2,5.6,0,4.0,4.9,0,2,11.3,2,2,10,100,,2,0
108707,22,2,7.52,1,43.6,5.7,10.0,1,4.0,3.8,0,3,11.4,7,10,5,100,,3,1
108708,19,2,0.4,0,71.1,6.0,9.1,0,4.0,5.4,0,5,6.4,8,4,10,100,,1,1
108709,22,0,5.3,0,68.7,4.0,6.2,0,3.25,3.8,0,5,10.3,6,9,6,73,,2,1
108710,27,1,4.8,0,83.2,7.4,7.6,0,3.22,4.9,0,2,11.9,4,8,7,87,,2,0
108711,23,0,3.3,1,63.6,7.2,7.2,0,3.37,4.7,0,0,6.2,2,9,6,76,,3,1
108712,26,2,1.2,0,61.3,7.5,4.1,0,2.06,4.4,0,0,11.7,9,2,10,49,,1,0
108713,21,1,4.0,0,54.0,9.1,5.7,1,4.0,5.5,0,4,8.6,7,6,9,99,,2,1
108714,26,2,4.7,0,42.9,7.9,5.4,0,4.0,5.6,0,4,13.4,10,2,10,100,,3,0
108715,17,1,6.6,0,43.8,6.4,7.3,1,3.61,7.1,0,5,9.9,7,5,10,86,,2,0
108716,20,1,3.8,1,76.7,5.4,6.1,1,3.78,3.6,0,0,8.8,3,6,9,99,,3,1
108717,22,0,1.1,1,52.3,7.0,9.0,0,2.76,3.3,0,0,8.3,9,5,10,74,,3,0
108718,25,2,5.0,0,44.1,8.9,8.6,1,4.0,4.4,0,0,8.6,8,9,6,100,,3,1
108719,20,2,1.47,0,43.9,5.3,3.1,0,3.23,4.9,0,3,4.0,3,5,10,79,,2,1
108720,22,2,5.9,1,64.1,6.0,1.5,1,3.77,3.5,0,1,9.6,7,9,6,100,,2,1
108721,25,1,0.3,1,53.7,7.8,7.2,0,3.09,2.8,0,1,7.0,3,7,8,84,,0,0
108722,26,0,4.6,0,65.7,6.0,3.2,1,4.0,6.7,0,4,8.6,8,3,10,100,,1,1
108723,18,2,6.9,0,86.0,4.8,3.9,0,4.0,4.0,0,5,15.4,7,7,8,100,,1,0
108724,26,2,2.95,0,59.3,7.1,6.5,0,3.85,2.7,0,2,5.9,9,3,10,100,,0,0
108725,16,2,4.02,0,77.9,7.4,8.1,0,4.0,5.9,0,5,6.4,6,1,10,100,,1,1
108726,19,1,1.75,1,92.9,5.5,7.2,1,4.0,4.3,0,4,5.4,2,4,10,100,,1,0
108727,27,2,5.73,1,90.4,5.5,5.0,1,4.0,4.5,0,2,13.5,9,1,10,97,,0,1
108728,27,1,4.63,1,66.2,6.5,5.3,1,3.75,8.3,0,1,9.1,2,7,8,92,,1,0
108729,27,0,6.1,0,98.0,6.8,6.4,0,3.49,6.1,0,3,13.2,7,4,10,81,,0,0
108730,16,1,2.4,1,77.0,6.0,7.9,0,3.06,3.9,0,3,7.6,1,5,10,72,,2,1
108731,27,1,2.47,0,68.1,9.2,7.3,0,4.0,8.3,0,0,10.5,2,9,6,99,,3,1
108732,22,2,2.5,0,53.2,8.8,5.8,0,2.97,6.1,0,3,7.6,3,7,8,66,,3,1
108733,16,1,3.8,1,45.2,11.5,6.6,1,3.59,7.0,0,4,6.9,1,5,10,90,,3,0
108734,21,2,4.3,0,58.1,7.4,8.5,1,4.0,3.6,0,3,6.8,4,9,6,100,,2,0
108735,20,0,5.7,1,73.6,9.4,2.1,1,3.89,4.7,0,2,13.2,5,10,5,100,,1,0
108736,19,1,1.7,0,99.4,7.7,3.5,1,4.0,5.5,0,2,4.6,10,9,6,100,,2,1
108737,20,0,3.4,0,89.8,7.1,6.9,0,4.0,5.6,0,0,7.8,6,10,5,100,,2,1
108738,28,0,5.3,1,64.7,4.0,4.1,1,4.0,7.4,0,5,10.9,7,9,6,98,,2,0
108739,22,1,2.8,0,72.3,6.4,4.7,0,3.14,5.5,0,2,11.3,10,1,10,80,,3,1
108740,19,2,1.3,0,61.9,7.0,6.4,1,3.85,7.3,0,5,10.4,9,1,10,87,,0,1
108741,27,1,3.2,0,62.4,7.2,3.7,0,3.99,1.7,0,5,9.7,6,4,10,96,,2,1
108742,25,0,3.1,1,81.1,8.8,5.7,0,3.97,4.6,0,5,10.2,8,1,10,100,,2,0
108743,20,0,5.0,1,53.4,4.0,8.7,1,2.48,5.0,0,3,9.4,5,2,10,61,,3,0
108744,25,2,2.9,0,51.5,7.2,5.3,0,3.04,5.1,0,4,7.0,1,2,10,72,,1,1
108745,22,2,4.73,0,83.1,7.0,3.6,1,2.79,5.5,0,1,12.6,7,5,10,68,,1,1
108746,18,0,0.0,1,62.5,6.8,7.4,1,3.17,7.5,0,5,5.9,8,8,7,81,,2,0
108747,18,0,2.0,1,55.4,4.0,5.6,0,2.99,7.6,0,2,8.2,10,2,10,72,,3,1
108748,23,1,7.23,0,52.9,9.9,6.4,0,4.0,3.6,0,3,12.7,9,8,7,100,,0,1
108749,25,2,5.5,0,91.0,6.8,9.1,0,3.24,4.0,0,2,14.2,2,2,10,82,,2,1
108750,17,2,4.0,0,70.3,5.7,6.0,1,4.0,7.8,0,2,7.4,3,8,7,95,,1,1
108751,26,1,3.4,0,64.1,10.3,1.8,1,4.0,1.2,0,1,9.1,2,7,8,100,,1,1
108752,27,0,3.3,0,72.8,7.9,7.9,1,3.38,5.0,0,3,8.9,2,3,10,83,,1,1
108753,22,0,3.1,0,54.3,6.0,4.0,0,4.0,5.0,0,2,8.9,7,5,10,100,,2,1
108754,26,2,4.9,0,95.8,6.7,7.0,0,4.0,6.7,0,2,8.2,5,8,7,100,,3,0
108755,27,2,7.8,1,79.1,7.7,10.0,1,4.0,3.0,0,5,12.8,7,4,10,100,,2,1
108756,18,1,5.7,1,56.2,8.7,7.3,0,3.63,1.8,0,3,12.1,5,7,8,91,,2,0
108757,16,2,5.6,0,53.7,5.8,5.4,0,4.0,3.5,0,3,9.8,4,5,10,99,,1,0
108758,18,2,6.3,1,94.9,6.9,9.1,1,4.0,4.9,0,3,11.2,9,9,6,97,,1,0
108759,22,0,6.7,1,66.7,6.8,6.6,1,4.0,3.0,0,2,12.1,8,10,5,97,,2,1
108760,16,2,3.3,0,69.2,9.2,8.3,1,4.0,4.6,0,2,7.2,7,2,10,100,,1,1
108761,16,2,6.2,1,71.6,5.7,3.9,1,4.0,5.4,0,2,9.8,8,7,8,100,,1,1
108762,18,1,3.8,0,46.5,8.0,6.8,1,3.28,7.5,0,2,10.5,3,1,10,84,,2,0
108763,19,1,4.1,0,50.9,5.5,4.9,1,4.0,7.4,0,2,12.6,2,8,7,100,,3,0
108764,18,2,5.3,0,51.1,7.6,9.6,1,4.0,5.6,0,2,11.5,10,5,10,98,,1,1
108765,19,0,3.8,1,81.1,11.7,5.9,0,4.0,2.2,0,3,6.7,7,7,8,100,,2,0
108766,19,1,4.8,0,44.8,6.0,6.3,1,4.0,10.0,0,4,10.5,3,8,7,100,,1,1
108767,21,1,0.1,0,42.5,6.8,5.5,1,3.66,4.7,0,5,6.2,1,5,10,92,,0,0
108768,22,0,6.4,1,54.1,8.0,7.5,0,4.0,7.0,0,5,8.2,4,1,10,100,,3,0
108769,25,1,1.3,0,69.0,7.9,5.1,0,3.1,8.0,0,2,6.3,5,1,10,80,,2,1
108770,26,1,5.4,1,67.1,7.6,5.3,0,4.0,3.8,0,0,9.7,10,4,10,94,,0,0
108771,26,1,4.82,1,89.5,5.9,9.5,0,3.54,6.2,0,1,9.2,3,1,10,78,,3,0
108772,22,2,0.4,0,75.3,8.2,3.9,0,2.28,3.9,0,4,6.9,9,2,10,59,,2,1
108773,19,0,2.8,1,64.7,8.0,6.1,1,3.49,5.6,0,5,8.9,3,10,5,75,,2,1
108774,17,1,4.9,0,64.9,8.2,7.2,0,3.14,5.5,0,2,14.6,5,3,10,78,,2,0
108775,26,2,4.0,0,41.3,7.9,7.4,1,4.0,1.0,0,4,9.3,2,6,9,100,,1,1
108776,22,1,6.9,0,77.9,6.5,5.2,1,3.95,4.3,0,5,12.0,8,2,10,95,,2,1
108777,18,0,0.0,0,51.1,8.2,10.0,1,4.0,5.5,0,0,5.9,6,6,9,94,,1,0
108778,25,2,5.5,0,93.0,7.4,4.7,1,4.0,3.9,0,0,12.0,6,3,10,94,,1,1
108779,18,2,3.8,1,48.4,8.7,7.4,0,2.91,7.2,0,0,10.4,2,1,10,74,,2,0
108780,19,1,1.0,0,97.2,5.2,9.3,1,2.11,8.1,0,3,7.9,10,5,10,50,,0,0
108781,26,1,3.2,0,68.7,7.3,5.0,1,4.0,1.5,0,1,10.5,3,2,10,100,,1,0
108782,19,1,2.7,0,82.1,4.4,5.9,1,4.0,2.8,0,1,7.9,4,3,10,95,,2,0
108783,28,1,4.8,0,74.8,7.7,4.2,1,3.94,3.8,0,1,10.5,3,7,8,93,,2,1
108784,21,0,4.0,1,68.7,6.6,7.9,0,4.0,1.3,0,0,9.4,6,8,7,100,,2,0
108785,17,2,6.9,1,63.6,7.7,7.0,1,4.0,1.6,0,3,7.8,3,3,10,97,,3,1
108786,20,1,5.3,0,54.0,8.3,8.5,0,2.96,5.7,0,0,12.3,8,8,7,69,,3,1
108787,24,0,5.4,1,97.9,8.2,8.1,1,3.14,6.6,0,5,14.5,4,7,8,82,,3,0
108788,21,0,3.2,0,75.6,5.2,8.4,1,2.69,4.7,0,0,9.7,10,6,9,65,,2,1
108789,26,0,2.1,0,43.2,9.3,8.7,0,3.62,3.7,0,5,8.7,6,6,9,94,,2,0
108790,19,2,6.3,0,61.0,7.9,5.2,1,3.64,3.8,0,3,12.5,10,9,6,98,,0,1
108791,19,2,4.7,1,94.1,6.2,8.9,1,3.11,5.4,0,4,10.4,1,4,10,83,,2,0
108792,25,2,4.9,1,51.7,7.3,4.0,0,3.8,4.2,0,1,8.6,6,6,9,92,,2,1
108793,27,2,4.4,1,86.9,6.4,5.5,0,4.0,5.0,0,3,10.4,6,5,10,99,,2,1
108794,25,1,1.1,0,47.0,6.9,7.8,0,2.65,4.5,0,4,8.7,7,3,10,63,,1,0
108795,26,0,1.7,0,70.7,7.4,8.1,0,3.99,4.4,0,3,7.4,5,3,10,96,,2,0
108796,20,1,3.8,0,94.9,4.8,4.9,0,4.0,4.7,0,5,6.5,6,9,6,99,,3,1
108797,25,1,1.3,0,85.6,6.7,6.7,1,4.0,3.1,0,2,4.9,1,3,10,100,,1,1
108798,26,0,4.9,0,97.3,7.2,5.2,1,3.8,3.7,0,4,12.8,6,6,9,100,,1,1
108799,18,2,7.0,1,77.1,7.8,10.0,0,4.0,1.0,0,5,17.6,6,3,10,91,,2,0
108800,22,0,5.62,0,54.1,5.1,4.5,1,4.0,3.1,0,5,10.8,4,10,5,96,,1,1
108801,18,2,4.1,1,69.4,8.4,6.6,1,4.0,2.9,0,0,9.1,4,2,10,99,,3,0
108802,24,0,5.2,0,79.4,4.6,6.6,1,4.0,5.3,0,0,8.8,2,10,5,99,,2,0
108803,28,1,4.34,0,47.8,4.0,3.1,0,3.0,8.6,1,5,9.4,5,2,10,80,,1,0
108804,25,2,4.5,1,84.1,7.0,7.1,0,4.0,6.9,0,1,10.9,5,5,10,100,,2,1
108805,25,1,0.0,0,92.7,8.4,9.0,0,4.0,1.0,0,0,2.6,7,5,10,100,,1,0
108806,26,0,7.8,1,44.9,5.1,10.0,0,3.83,5.0,0,5,14.4,1,8,7,97,,2,1
108807,28,2,3.3,1,42.8,9.7,4.9,1,4.0,1.0,0,2,8.4,8,10,5,99,,0,1
108808,18,0,6.7,0,65.0,5.4,6.4,1,4.0,5.6,0,4,8.5,10,9,6,100,,2,1
108809,20,0,1.7,1,82.5,5.4,4.0,1,3.49,1.0,0,5,4.8,3,4,10,83,,1,0
108810,25,0,2.1,0,95.9,8.9,5.6,1,3.1,5.9,0,5,10.2,5,8,7,79,,3,1
108811,23,2,4.9,1,40.6,7.3,1.0,1,2.61,7.1,0,3,9.3,3,5,10,60,,2,1
108812,26,0,2.8,1,65.6,7.3,8.2,0,4.0,3.3,0,3,10.0,2,5,10,100,,3,1
108813,16,2,3.4,0,58.5,4.7,6.7,1,3.6,5.8,0,0,10.5,8,8,7,87,,2,1
108814,24,0,5.0,0,61.0,8.8,7.1,0,4.0,4.1,0,3,13.2,7,5,10,100,,2,1
108815,17,0,3.7,0,58.7,7.9,7.2,1,3.42,3.6,0,4,9.5,9,4,10,89,,2,1
108816,27,2,5.28,1,57.6,8.3,7.8,0,3.68,5.8,0,4,14.7,1,1,10,95,,2,1
108817,26,0,4.9,0,74.3,8.0,7.6,0,4.0,4.1,0,2,12.1,8,10,5,96,,0,0
108818,16,0,4.3,0,84.6,9.7,8.6,0,4.0,4.8,0,2,9.2,3,4,10,91,,3,0
108819,19,2,2.9,0,82.0,8.3,5.5,0,3.55,4.9,0,2,10.4,5,5,10,85,,2,0
108820,19,1,4.0,1,43.8,6.2,5.5,1,4.0,2.7,0,3,8.3,3,8,7,100,,3,1
108821,23,0,4.6,0,98.5,6.7,6.4,1,4.0,4.5,0,5,14.2,4,9,6,100,,2,1
108822,28,0,8.45,0,51.1,6.3,5.9,0,4.0,3.5,0,2,11.0,1,9,6,91,,1,0
108823,27,1,4.3,1,52.5,7.1,5.1,0,3.02,3.5,0,2,10.0,5,7,8,68,,1,1
108824,26,0,2.57,0,69.5,7.7,6.3,0,4.0,4.7,0,5,8.2,9,4,10,100,,2,1
108825,22,1,4.1,0,86.8,7.4,6.9,0,4.0,6.9,0,3,12.4,4,10,5,100,,1,1
108826,24,0,0.8,1,51.5,7.3,9.2,1,3.71,7.1,0,4,6.1,6,4,10,92,,1,1
108827,23,1,1.76,0,76.1,6.1,7.3,1,3.68,5.2,0,4,8.7,9,2,10,96,,0,1
108828,22,2,0.6,1,71.4,4.9,8.1,0,3.48,3.2,0,3,6.9,10,10,5,83,,1,0
108829,17,2,3.8,0,59.7,7.9,3.5,1,3.67,3.6,0,3,11.3,5,6,9,89,,0,0
108830,27,2,3.3,0,69.0,8.3,5.4,1,4.0,7.6,0,1,9.1,1,8,7,100,,3,1
108831,16,0,5.16,0,66.6,4.3,7.0,0,3.55,8.6,1,1,8.5,7,1,10,87,,2,1
108832,19,1,3.49,0,42.1,6.1,5.3,0,3.87,10.0,0,5,6.9,9,10,5,94,,1,1
108833,17,2,4.19,1,95.4,6.6,5.0,1,4.0,4.9,0,4,10.1,2,9,6,100,,2,0
108834,25,2,7.3,0,60.7,5.3,7.4,0,4.0,1.7,0,2,12.7,2,8,7,99,,0,0
108835,18,0,6.1,0,96.4,9.0,6.9,1,4.0,1.4,0,0,10.9,10,10,5,95,,2,1
108836,28,0,5.7,0,60.1,7.3,5.0,0,4.0,4.3,0,5,6.8,1,10,5,97,,2,0
108837,19,2,6.06,0,76.5,9.3,5.4,0,4.0,2.4,0,3,13.5,1,3,10,98,,0,0
108838,26,1,1.9,0,99.0,6.2,7.0,0,3.42,4.5,0,3,6.3,8,5,10,81,,1,1
108839,21,1,4.9,0,54.4,9.0,9.4,1,2.95,4.9,0,0,11.7,10,2,10,74,,2,0
108840,22,1,5.8,0,93.6,6.7,5.0,1,4.0,2.7,0,5,11.5,7,7,8,100,,1,1
108841,19,0,7.1,1,43.4,8.6,7.5,0,4.0,4.9,0,5,14.9,8,6,9,100,,3,0
108842,18,0,3.8,0,85.7,6.8,7.4,0,4.0,3.3,0,1,11.7,10,3,10,96,,3,1
108843,25,1,4.98,0,78.6,7.2,8.4,1,3.0,1.9,0,2,7.7,10,5,10,72,,2,0
108844,27,2,5.7,1,41.5,7.6,10.0,0,3.12,5.1,0,5,13.5,7,2,10,79,,0,1
108845,28,0,4.5,0,71.9,7.9,9.9,1,4.0,4.4,0,4,8.3,9,5,10,100,,1,0
108846,25,0,4.4,1,50.0,7.1,5.1,0,3.12,7.4,0,3,8.8,10,2,10,81,,1,1
108847,27,0,0.0,0,62.0,5.3,3.5,0,3.01,4.2,0,0,6.8,2,1,10,74,,1,0
108848,19,1,0.9,1,72.1,5.5,7.8,0,3.94,4.8,0,3,4.7,5,3,10,100,,3,1
108849,20,2,7.1,0,92.6,6.9,6.4,1,4.0,5.7,0,1,15.1,10,9,6,90,,1,1
108850,25,0,4.5,0,86.1,5.0,8.6,0,2.85,4.9,0,4,11.5,9,5,10,73,,1,1
108851,20,0,4.7,1,64.6,5.7,6.4,1,4.0,2.2,0,2,10.3,1,10,5,100,,3,1
108852,27,0,2.7,1,49.7,6.4,6.3,1,2.87,8.4,0,3,10.0,7,6,9,75,,1,1
108853,16,2,3.7,1,45.6,8.8,9.0,0,4.0,4.3,0,0,9.7,1,8,7,100,,2,1
108854,16,2,4.2,1,52.6,9.7,5.2,1,3.13,4.3,0,5,11.6,3,5,10,81,,3,1
108855,26,1,2.0,1,58.7,6.8,5.0,1,4.0,3.5,0,4,6.9,10,1,10,100,,1,0
108856,20,1,5.4,0,87.5,6.6,5.9,1,3.17,7.3,0,4,9.7,3,6,9,82,,2,0
108857,28,0,4.87,1,67.0,7.1,10.0,1,3.79,2.4,0,4,9.5,5,4,10,96,,0,1
108858,23,1,5.91,1,51.1,5.5,10.0,1,4.0,6.2,0,4,11.7,4,5,10,100,,2,1
108859,16,1,5.2,0,93.8,6.9,5.0,0,3.84,1.8,0,4,9.3,2,6,9,97,,1,0
108860,19,1,3.3,1,99.5,8.1,7.0,1,4.0,3.9,0,0,8.2,1,9,6,100,,2,1
108861,24,0,1.2,0,41.8,5.3,7.0,1,2.67,5.4,0,1,4.2,10,4,10,67,,2,1
108862,18,0,6.1,0,91.1,7.9,3.8,1,4.0,7.5,0,5,13.3,4,7,8,100,,1,1
108863,21,2,5.9,0,94.8,7.1,6.4,1,3.11,8.6,0,5,12.0,7,4,10,81,,2,1
108864,21,0,6.1,0,76.5,8.1,7.7,1,3.52,3.8,0,0,11.7,4,7,8,96,,1,0
108865,27,1,5.3,0,40.4,9.2,6.4,0,3.99,5.6,0,1,12.0,5,5,10,95,,3,1
108866,18,0,3.0,1,90.5,7.0,5.0,0,3.93,7.4,0,3,7.6,9,6,9,95,,2,1
108867,17,0,1.4,1,76.1,8.8,6.6,1,4.0,2.1,0,2,6.8,1,8,7,99,,2,1
108868,25,0,3.6,1,51.3,7.4,8.9,0,4.0,4.3,0,4,6.0,2,6,9,98,,1,1
108869,18,2,6.1,0,43.1,6.2,7.5,0,3.76,5.9,0,1,10.9,4,8,7,90,,3,0
108870,18,2,7.47,1,66.6,7.9,5.0,0,4.0,3.0,0,1,15.5,10,9,6,100,,2,0
108871,25,2,5.2,1,64.7,7.2,4.9,1,4.0,1.5,0,4,8.4,4,7,8,100,,1,1
108872,23,2,7.8,1,48.1,7.3,7.6,1,4.0,5.7,0,5,14.1,10,9,6,100,,3,0
108873,23,2,9.6,0,49.0,7.4,5.1,0,4.0,3.3,0,1,17.4,7,5,10,100,,2,1
108874,17,1,2.37,0,55.4,5.4,4.6,1,4.0,3.7,0,3,10.1,1,10,5,97,,1,1
108875,22,1,6.0,1,80.8,6.2,4.5,1,4.0,5.9,0,0,10.4,3,9,6,97,,1,1
108876,26,0,1.7,1,73.1,5.8,4.5,1,3.62,3.0,0,1,4.9,2,1,10,94,,3,0
108877,23,1,3.0,0,87.6,9.8,7.7,1,2.98,4.3,0,0,7.5,9,4,10,76,,1,0
108878,23,2,4.4,1,98.7,9.9,6.4,1,3.47,5.4,0,1,13.9,1,9,6,86,,2,1
108879,18,1,3.01,1,73.3,7.5,8.0,1,4.0,3.2,0,2,8.6,4,7,8,100,,0,0
108880,21,1,3.65,1,47.9,4.0,4.9,1,3.42,4.8,0,5,11.0,4,5,10,81,,2,1
108881,22,0,5.5,0,99.8,7.2,7.6,0,4.0,2.0,0,5,14.7,10,5,10,94,,1,0
108882,26,2,2.8,0,41.5,7.0,5.7,1,4.0,2.6,0,1,5.9,7,7,8,100,,1,0
108883,18,1,1.4,0,91.3,6.7,7.2,1,2.36,5.2,0,4,5.7,9,2,10,53,,2,0
108884,21,1,4.5,0,85.0,8.3,6.7,1,3.95,7.3,0,5,12.8,7,9,6,94,,3,1
108885,16,1,2.7,1,49.3,8.6,5.1,1,4.0,7.6,0,2,10.9,1,1,10,90,,2,0
108886,28,0,6.4,0,54.2,8.1,8.4,0,4.0,1.2,0,3,8.6,8,1,10,100,,0,1
108887,21,2,5.08,1,87.0,7.7,10.0,0,4.0,3.8,0,0,15.1,3,10,5,96,,1,0
108888,23,1,0.0,0,61.2,4.7,8.1,1,3.52,6.1,0,3,6.8,4,1,10,88,,1,0
108889,21,1,5.1,0,67.5,6.3,7.4,0,4.0,2.6,0,4,10.6,10,4,10,95,,2,0
108890,23,2,5.7,1,47.2,5.4,6.0,0,3.21,5.3,0,3,7.8,9,2,10,76,,2,1
108891,18,1,6.3,1,55.3,7.2,5.4,0,2.77,8.7,1,3,9.5,9,1,10,67,,2,1
108892,17,2,3.5,0,88.2,7.7,8.9,0,3.54,2.4,0,0,7.9,1,7,8,89,,2,0
108893,16,2,2.7,0,63.6,7.1,8.7,1,3.22,4.0,0,1,11.5,7,3,10,76,,2,1
108894,21,1,8.4,1,50.6,4.0,9.3,0,4.0,3.6,0,0,14.1,2,1,10,96,,2,0
108895,22,1,3.7,0,91.0,9.3,10.0,1,4.0,5.2,0,3,7.4,1,8,7,99,,0,1
108896,27,2,3.3,1,79.7,8.8,4.5,0,3.75,7.3,0,2,11.9,6,10,5,93,,2,1
108897,25,0,3.7,1,100.0,6.8,6.7,0,3.95,4.6,0,2,14.2,8,4,10,93,,2,0
108898,21,0,5.4,1,42.1,6.8,6.5,1,3.34,3.5,0,2,8.4,1,1,10,88,,2,1
108899,21,2,2.2,1,91.4,8.4,2.6,1,3.93,7.9,0,4,7.7,8,6,9,92,,1,1
108900,17,0,5.5,0,80.8,4.0,7.8,1,4.0,5.2,0,4,10.2,1,9,6,100,,1,1
108901,24,2,6.1,1,97.3,7.0,5.9,1,4.0,6.2,0,4,13.0,7,9,6,100,,1,0
108902,19,2,9.0,0,81.6,5.7,4.6,1,3.74,5.9,0,3,14.6,10,1,10,98,,1,1
108903,17,2,1.2,1,90.7,6.7,9.5,1,3.4,4.1,0,1,8.3,6,3,10,77,,2,0
108904,19,1,4.7,0,53.9,5.6,7.1,1,3.76,4.3,0,3,7.9,3,8,7,96,,2,1
108905,26,0,0.0,0,77.6,8.1,6.3,0,3.28,5.8,0,3,4.4,2,6,9,78,,2,0
108906,20,1,5.3,0,48.8,8.4,6.1,1,2.86,4.1,0,2,13.6,5,1,10,72,,2,0
108907,19,0,5.4,0,91.0,5.9,3.0,0,3.99,2.3,0,2,11.5,7,8,7,100,,1,1
108908,25,2,3.0,1,65.9,6.2,3.6,1,4.0,2.9,0,3,9.1,5,5,10,100,,2,0
108909,18,1,3.5,1,46.5,6.7,10.0,1,3.81,6.5,0,0,6.4,4,7,8,100,,3,1
108910,28,0,0.9,0,50.2,4.7,3.5,1,2.74,7.3,0,0,5.4,4,6,9,62,,2,1
108911,16,2,5.4,0,40.5,8.6,8.3,0,3.84,5.8,0,1,13.4,6,3,10,100,,2,1
108912,25,2,6.1,1,60.8,10.0,9.8,0,4.0,1.0,0,4,12.3,10,7,8,95,,1,1
108913,26,1,5.57,0,82.2,6.1,8.5,0,3.01,4.0,0,2,10.8,1,4,10,81,,2,1
108914,26,2,10.41,1,91.6,9.1,5.4,1,4.0,3.2,0,3,16.9,1,9,6,97,,2,0
108915,21,1,3.5,0,58.6,8.5,8.1,1,3.99,8.6,1,1,6.5,4,3,10,100,,3,1
108916,18,0,3.5,1,57.7,6.3,8.8,1,3.72,6.3,0,5,8.8,3,1,10,92,,2,1
108917,17,2,0.4,0,51.6,5.8,8.2,1,4.0,1.6,0,2,5.3,10,7,8,99,,1,1
108918,23,2,5.6,1,44.0,5.5,6.7,0,4.0,6.2,0,3,7.6,10,3,10,100,,2,1
108919,23,0,9.0,1,69.4,5.7,6.7,0,3.55,8.2,0,2,15.5,2,5,10,86,,3,1
108920,20,0,0.0,0,49.6,7.4,8.9,0,3.88,5.4,0,2,4.4,9,10,5,100,,2,0
108921,22,1,1.8,0,79.7,7.3,6.3,0,2.91,1.0,0,3,8.0,8,7,8,67,,1,0
108922,19,2,5.79,1,54.5,4.5,7.5,1,3.6,3.8,0,0,7.7,9,5,10,93,,1,0
108923,19,1,2.0,1,61.0,6.6,6.7,0,3.7,8.4,0,5,7.9,6,9,6,98,,1,1
108924,23,1,4.12,0,72.5,6.1,8.2,1,3.78,3.2,0,0,6.3,6,5,10,93,,3,1
108925,27,1,4.5,1,71.9,7.0,8.5,0,3.38,2.6,0,0,5.3,8,7,8,81,,2,0
108926,21,1,7.7,1,76.5,7.8,3.2,0,3.56,2.9,0,5,14.1,1,8,7,78,,3,0
108927,28,2,3.0,0,57.1,8.8,8.5,1,2.79,6.6,0,2,11.9,8,9,6,68,,1,1
108928,18,1,5.2,0,73.1,5.7,7.6,0,3.5,7.1,0,2,12.7,6,9,6,95,,3,0
108929,18,0,6.5,1,61.6,7.0,6.9,1,4.0,4.9,0,0,9.3,10,6,9,97,,0,1
108930,21,2,5.9,0,47.1,6.9,8.5,0,4.0,5.1,0,4,9.3,9,5,10,99,,1,0
108931,25,2,4.9,0,88.6,6.0,7.6,1,3.76,7.5,0,1,10.4,4,2,10,89,,0,1
108932,19,2,2.8,1,54.4,9.0,7.3,0,4.0,4.3,0,4,7.9,9,8,7,93,,1,0
108933,25,0,2.6,1,91.5,6.6,8.2,0,4.0,4.9,0,5,9.8,5,5,10,100,,3,0
108934,16,0,9.54,1,63.4,6.3,5.8,0,4.0,3.5,0,1,16.3,3,2,10,100,,0,1
108935,18,1,2.8,1,42.1,6.2,8.0,0,3.5,8.0,0,2,8.0,1,3,10,80,,1,0
108936,27,2,4.92,0,76.3,8.3,9.3,1,3.64,4.8,0,0,10.2,7,1,10,88,,3,1
108937,19,1,4.9,0,41.3,5.3,7.1,0,2.61,6.4,0,1,11.5,3,5,10,58,,2,0
108938,21,2,3.5,0,49.6,6.1,7.0,1,3.18,6.0,0,1,6.9,3,5,10,86,,2,0
108939,21,1,7.0,1,94.4,6.3,6.9,0,4.0,4.1,0,3,12.2,8,4,10,97,,0,1
108940,28,0,6.07,0,74.4,7.1,4.6,1,2.9,3.7,0,2,16.0,5,2,10,70,,2,0
108941,16,2,5.8,0,95.9,6.7,7.3,0,4.0,3.6,0,5,11.0,6,6,9,100,,2,1
108942,23,0,5.8,0,41.2,5.9,6.0,1,4.0,7.2,0,1,13.7,10,8,7,100,,1,1
108943,24,1,6.0,0,70.3,6.6,8.8,0,3.8,3.3,0,4,8.5,5,10,5,95,,1,1
108944,23,2,4.0,1,43.1,9.4,4.9,1,3.72,9.2,1,3,8.2,5,3,10,91,,2,1
108945,17,0,9.13,0,51.8,7.9,10.0,0,3.9,6.5,0,5,14.3,9,7,8,97,,2,0
108946,18,0,5.2,1,41.3,8.5,5.8,0,3.06,4.4,0,3,7.6,7,3,10,81,,3,0
108947,26,1,7.6,1,77.4,7.8,7.8,0,4.0,2.6,0,2,13.9,9,5,10,97,,2,0
108948,20,2,2.9,1,80.9,7.5,5.0,1,4.0,6.9,0,3,6.1,3,7,8,100,,2,1
108949,16,0,0.0,1,49.8,5.2,5.9,0,3.41,3.9,0,2,5.6,6,7,8,84,,2,0
108950,28,1,0.0,0,99.1,7.1,8.0,0,3.56,6.1,0,0,5.6,10,1,10,94,,2,1
108951,24,2,4.3,1,40.1,4.1,5.4,0,4.0,5.0,0,2,9.2,9,10,5,98,,2,1
108952,28,1,1.61,0,55.5,5.0,7.3,0,3.72,2.0,0,3,7.0,8,1,10,92,,3,1
108953,20,0,1.6,0,91.8,6.5,5.8,1,2.54,2.3,0,4,9.4,8,4,10,62,,2,0
108954,22,0,3.09,1,91.3,8.7,5.6,0,4.0,4.8,0,4,8.3,2,7,8,100,,2,1
108955,17,2,2.0,0,63.7,6.5,4.5,0,2.77,5.9,0,1,6.8,4,7,8,58,,2,1
108956,18,0,10.18,1,84.5,5.5,6.0,1,4.0,6.3,0,3,14.7,9,10,5,97,,1,1
108957,18,1,5.6,1,48.1,7.4,7.1,1,4.0,2.7,0,1,12.4,6,8,7,100,,2,1
108958,27,2,4.3,0,40.7,8.7,7.7,0,4.0,1.5,0,3,8.9,7,5,10,98,,3,1
108959,19,2,3.4,1,70.9,7.4,10.0,1,4.0,3.9,0,2,8.8,7,6,9,100,,1,1
108960,22,0,2.2,0,66.6,9.3,4.6,1,4.0,3.4,0,4,7.4,10,8,7,91,,2,0
108961,21,0,5.9,0,53.9,6.1,7.9,0,3.11,8.7,1,1,9.2,6,2,10,81,,0,1
108962,27,0,4.4,0,44.5,4.7,6.0,0,4.0,4.7,0,4,11.4,6,9,6,100,,2,0
108963,21,2,6.08,0,41.5,6.2,7.7,1,3.83,1.9,0,5,11.1,8,9,6,89,,2,0
108964,18,1,4.9,1,87.3,10.4,9.0,0,4.0,2.4,0,1,9.1,10,9,6,100,,2,0
108965,26,0,5.2,0,81.1,7.6,7.1,1,3.65,2.4,0,1,15.0,7,6,9,92,,1,0
108966,16,0,3.4,1,42.1,4.8,8.3,0,4.0,2.3,0,5,10.4,7,4,10,100,,3,0
108967,26,2,1.1,0,78.3,8.0,7.1,1,3.63,4.8,0,0,5.0,5,2,10,90,,1,1
108968,26,0,3.3,1,65.1,7.7,7.9,1,4.0,7.8,0,2,9.3,6,3,10,100,,2,0
108969,25,2,9.1,0,58.4,10.3,6.2,0,4.0,8.1,0,0,15.1,2,4,10,96,,2,0
108970,17,2,9.79,0,89.6,6.8,2.7,0,4.0,8.2,1,0,17.3,5,2,10,100,,2,1
108971,16,2,5.7,1,54.0,5.2,7.1,1,3.1,2.6,0,5,10.0,3,2,10,75,,0,0
108972,25,1,5.18,1,95.3,7.8,9.2,1,3.67,6.7,0,5,13.1,5,2,10,91,,2,0
108973,17,2,8.0,0,64.7,7.5,6.9,1,4.0,4.3,0,4,17.9,8,7,8,100,,2,1
108974,26,2,7.9,0,40.5,4.1,5.2,1,3.4,3.7,0,3,13.6,10,8,7,87,,2,1
108975,16,0,4.4,1,99.8,8.2,8.2,0,2.97,8.5,0,2,9.4,5,7,8,76,,2,0
108976,28,1,4.67,0,99.6,7.4,4.6,1,4.0,2.5,0,4,10.5,2,6,9,96,,1,1
108977,16,1,7.7,0,86.0,5.5,7.6,1,3.45,5.9,0,2,12.9,5,3,10,91,,3,1
108978,19,1,4.0,0,76.2,10.9,3.9,1,4.0,8.5,0,0,7.9,1,7,8,93,,2,0
108979,16,1,2.4,1,84.5,8.4,5.8,1,3.72,3.5,0,1,11.3,7,10,5,94,,2,0
108980,24,2,6.7,1,70.2,4.0,6.0,0,2.98,2.6,0,4,9.8,2,1,10,74,,3,0
108981,28,1,4.9,0,89.6,7.3,4.8,1,3.68,1.9,0,2,12.3,8,5,10,89,,1,0
108982,25,2,1.9,1,90.1,6.6,3.8,0,2.85,7.1,0,5,9.1,6,5,10,69,,2,1
108983,18,0,3.6,0,89.4,5.1,7.4,1,2.78,3.2,0,4,8.2,5,2,10,64,,2,0
108984,23,1,6.7,0,85.0,10.1,6.4,1,4.0,1.4,0,1,10.9,10,2,10,100,,3,1
108985,25,1,2.7,0,80.4,5.7,9.1,0,3.68,2.9,0,4,6.7,7,10,5,90,,2,1
108986,18,1,1.5,0,51.3,6.6,4.2,0,2.48,4.7,0,4,9.2,4,6,9,59,,2,1
108987,21,2,3.1,0,60.0,8.9,6.4,0,3.38,3.2,0,1,12.8,9,6,9,84,,0,1
108988,17,1,4.0,1,53.1,4.2,8.7,0,2.7,5.9,0,4,6.8,4,2,10,60,,0,1
108989,21,0,7.4,0,73.1,4.0,7.6,0,3.75,2.6,0,0,14.4,1,4,10,93,,2,1
108990,25,2,1.7,1,46.7,6.9,3.2,0,3.6,3.1,0,2,6.9,3,8,7,98,,1,0
108991,18,0,5.8,1,78.4,4.2,9.3,1,4.0,7.5,0,4,12.3,7,5,10,99,,0,1
108992,28,0,2.5,0,77.4,6.2,3.5,1,3.52,8.3,0,4,5.5,1,5,10,90,,3,0
108993,17,0,8.3,0,96.2,7.2,3.5,0,3.98,3.9,0,4,13.8,6,10,5,100,,3,1
108994,27,2,5.7,0,47.6,6.9,3.2,0,2.81,8.6,0,5,13.0,7,6,9,77,,1,1
108995,19,0,5.41,0,83.6,5.7,8.5,0,4.0,5.4,0,0,13.9,7,2,10,93,,2,0
108996,17,1,0.2,0,77.0,4.8,6.7,0,2.56,5.7,0,2,4.9,9,6,9,73,,3,1
108997,17,1,5.5,1,84.0,6.9,4.5,0,3.48,3.9,0,2,14.9,5,1,10,81,,2,0
108998,26,0,4.82,0,89.6,7.3,4.1,0,3.32,6.0,0,1,8.7,4,6,9,74,,1,0
108999,23,2,7.01,0,76.7,8.4,3.5,1,3.89,1.0,0,2,14.8,4,8,7,100,,1,0
109000,26,2,3.6,1,70.3,9.3,7.5,0,3.04,6.5,0,2,12.6,2,6,9,71,,1,1
109001,24,1,2.2,1,90.6,5.7,8.4,1,3.93,5.2,0,1,8.6,1,2,10,97,,2,1
109002,28,2,7.58,0,50.5,8.4,9.1,0,4.0,3.8,0,3,14.0,4,5,10,100,,1,1
109003,24,1,5.4,1,51.6,5.2,5.8,0,2.94,9.1,0,1,11.2,7,6,9,69,,2,1
109004,16,2,2.9,1,66.8,7.9,8.6,1,3.79,4.4,0,0,8.8,7,3,10,100,,2,1
109005,23,1,2.29,0,64.4,7.1,8.0,0,3.5,4.0,0,0,7.2,4,1,10,87,,1,0
109006,20,0,3.8,1,42.9,6.6,5.0,0,3.44,3.8,0,3,10.8,2,10,5,96,,1,1
109007,18,1,5.7,0,59.0,5.8,5.4,1,4.0,7.9,0,5,10.8,7,5,10,93,,1,1
109008,28,1,4.5,0,97.6,7.6,5.7,1,3.14,3.7,0,4,9.9,5,2,10,75,,3,1
109009,28,1,0.0,0,99.3,9.5,8.6,0,2.78,5.3,0,3,6.0,2,1,10,68,,3,0
109010,25,2,5.1,1,72.5,6.8,8.8,1,3.55,6.3,0,3,10.4,3,4,10,93,,0,0
109011,19,1,3.1,1,99.8,5.9,7.7,0,3.33,5.2,0,2,7.1,8,5,10,82,,1,1
109012,23,1,8.0,1,81.1,5.7,7.2,1,4.0,4.1,0,5,12.3,6,10,5,100,,2,0
109013,21,1,1.4,0,95.9,10.7,5.4,1,4.0,2.8,0,3,6.8,6,2,10,100,,1,0
109014,21,0,2.16,1,41.8,8.6,5.4,1,3.51,2.7,0,4,11.2,4,2,10,82,,2,1
109015,20,2,5.0,0,85.2,7.2,7.9,1,3.92,7.7,0,0,13.3,10,10,5,88,,2,0
109016,19,1,5.5,0,66.5,8.0,7.8,0,3.3,8.5,0,3,9.4,7,5,10,79,,2,1
109017,25,1,5.4,1,50.2,4.9,5.4,1,3.73,4.9,0,1,12.3,1,2,10,93,,0,1
109018,21,1,4.1,1,64.0,7.7,7.1,1,4.0,5.9,0,0,7.9,1,7,8,98,,3,1
109019,27,1,4.4,0,41.4,4.9,9.4,0,4.0,4.7,0,4,7.5,8,6,9,100,,0,1
109020,27,1,8.1,0,59.7,8.0,7.9,1,4.0,1.0,0,1,14.5,8,10,5,97,,0,0
109021,17,1,1.0,0,46.7,8.2,4.6,0,3.94,5.8,0,4,3.7,3,2,10,99,,1,1
109022,21,2,3.8,0,75.8,7.5,8.1,0,2.72,4.4,0,4,7.1,4,3,10,61,,3,1
109023,19,2,4.1,0,73.3,6.5,4.1,0,4.0,7.0,0,1,9.4,10,4,10,100,,0,0
109024,24,0,2.9,0,79.4,6.0,9.9,0,3.66,3.3,0,5,11.7,7,5,10,96,,3,0
109025,17,0,1.6,1,50.4,8.3,5.9,0,4.0,6.8,0,3,5.2,7,7,8,98,,1,1
109026,17,0,9.5,0,88.2,8.2,2.4,0,3.88,8.3,0,2,13.4,10,4,10,87,,1,1
109027,21,0,5.5,1,72.3,7.9,5.6,1,4.0,4.4,0,5,8.3,9,2,10,96,,2,0
109028,23,0,5.26,0,46.9,5.3,10.0,0,3.9,4.4,0,0,10.4,10,7,8,99,,3,0
109029,24,0,5.2,0,58.6,5.6,10.0,1,3.19,3.1,0,1,10.1,3,7,8,80,,2,0
109030,22,0,4.6,1,46.2,8.8,3.8,0,4.0,5.4,0,1,9.4,7,6,9,95,,1,1
109031,17,1,6.5,1,68.3,8.4,9.7,1,3.05,6.4,0,5,11.0,4,1,10,68,,3,1
109032,20,0,6.02,1,99.7,6.7,4.6,0,4.0,6.6,0,0,12.5,9,10,5,98,,0,0
109033,28,0,2.8,1,96.7,6.5,5.2,1,2.48,7.5,0,5,12.4,2,5,10,59,,1,1
109034,27,0,7.0,0,85.3,4.6,6.4,1,4.0,4.4,0,3,13.1,1,3,10,96,,2,0
109035,22,2,5.0,1,50.2,4.0,9.0,0,3.92,7.3,0,3,9.5,7,3,10,92,,0,1
109036,19,1,3.0,0,77.2,6.7,8.4,1,3.32,3.6,0,1,7.0,9,10,5,83,,2,0
109037,16,1,5.36,1,66.1,5.6,8.9,1,3.33,5.1,0,1,9.4,8,6,9,79,,2,0
109038,18,2,5.8,0,92.5,10.1,6.4,1,4.0,5.8,0,1,11.9,3,2,10,100,,3,1
109039,26,1,0.1,1,61.6,5.9,9.9,1,3.0,2.0,0,0,4.7,7,3,10,74,,2,0
109040,23,1,3.6,1,72.1,4.0,6.9,0,4.0,6.2,0,5,10.1,3,3,10,100,,1,1
109041,28,0,5.9,1,86.1,6.9,8.2,1,3.11,4.9,0,1,13.9,5,5,10,74,,2,1
109042,21,1,2.8,0,75.2,8.0,5.0,1,2.6,6.9,0,0,6.5,10,6,9,70,,1,0
109043,18,0,3.8,0,66.5,6.2,3.3,1,3.84,3.3,0,4,9.8,3,1,10,96,,2,0
109044,22,1,6.37,0,90.8,8.0,7.6,0,4.0,8.8,0,2,8.7,4,4,10,94,,0,0
109045,17,1,3.7,1,50.2,6.7,9.7,1,2.08,4.9,0,4,10.1,9,1,10,49,,1,1
109046,20,0,4.6,0,98.9,7.3,9.5,0,4.0,2.5,0,3,12.3,1,9,6,99,,2,0
109047,19,1,5.8,1,50.3,6.9,8.5,0,4.0,4.1,0,4,12.6,6,6,9,93,,2,1
109048,27,1,1.5,1,93.4,6.1,6.2,0,2.47,7.0,0,0,7.4,9,2,10,68,,0,1
109049,18,2,3.5,1,82.7,7.6,5.7,1,2.89,8.0,0,1,10.2,2,7,8,74,,2,1
109050,27,0,6.8,0,51.5,7.8,7.7,1,4.0,2.9,0,2,13.7,9,2,10,100,,3,0
109051,26,2,2.9,1,93.9,4.8,7.3,1,2.73,4.3,0,0,7.2,8,4,10,71,,1,0
109052,20,1,2.3,0,54.4,8.0,6.0,1,3.79,5.9,0,5,7.9,3,8,7,90,,2,0
109053,27,2,1.0,1,46.6,7.0,4.7,0,3.3,4.1,0,3,11.1,1,3,10,96,,1,1
109054,26,1,3.6,1,73.9,6.7,7.1,1,4.0,2.3,0,3,9.3,3,8,7,100,,2,1
109055,23,0,6.2,0,62.8,6.8,10.0,0,3.91,5.7,0,3,7.2,6,3,10,98,,2,0
109056,19,0,4.2,0,84.3,9.0,6.6,1,2.87,4.2,0,4,10.9,5,3,10,70,,1,0
109057,26,1,3.3,1,59.2,7.7,9.2,1,3.01,4.8,0,4,10.8,2,6,9,75,,0,1
109058,24,1,3.7,0,60.9,6.0,3.6,0,2.8,2.9,0,4,11.9,4,5,10,66,,2,0
109059,17,0,4.0,1,83.9,7.9,7.0,0,4.0,2.6,0,2,10.7,8,6,9,96,,3,1
109060,28,1,0.8,1,40.1,5.6,5.8,1,3.31,6.7,0,3,4.5,10,6,9,90,,1,1
109061,27,2,4.5,0,77.8,6.8,7.2,0,4.0,5.4,0,4,7.2,10,4,10,99,,0,1
109062,22,0,1.4,0,85.3,5.9,9.2,0,2.88,4.1,0,2,7.4,5,3,10,72,,3,0
109063,27,1,2.7,1,82.0,7.3,6.9,1,3.77,6.4,0,4,8.2,3,6,9,90,,1,1
109064,27,0,3.2,1,92.2,5.7,6.2,0,3.25,4.8,0,0,8.9,7,5,10,79,,1,1
109065,18,0,6.4,1,47.4,8.0,6.3,1,4.0,2.6,0,0,14.3,5,7,8,100,,0,1
109066,22,0,1.9,1,77.1,7.4,5.3,0,3.47,6.1,0,2,11.6,1,5,10,88,,0,1
109067,16,1,3.1,1,57.9,5.2,6.6,0,3.27,5.4,0,4,7.9,9,7,8,85,,2,1
109068,22,1,3.3,0,44.0,7.1,9.4,0,3.17,4.8,0,1,8.2,1,7,8,77,,2,1
109069,23,1,3.8,1,98.3,7.2,7.6,0,3.09,5.0,0,4,8.3,1,2,10,70,,1,1
109070,25,2,6.27,1,97.1,9.8,8.5,0,4.0,5.9,0,2,12.4,5,3,10,97,,2,0
109071,23,2,5.9,0,40.1,7.6,10.0,0,3.11,4.3,0,4,11.9,1,1,10,81,,1,1
109072,19,1,0.0,1,85.9,5.2,7.0,0,2.71,4.8,0,2,3.7,9,1,10,64,,2,1
109073,16,2,5.8,0,90.3,6.3,3.3,0,3.82,1.0,0,5,10.6,2,1,10,89,,3,0
109074,18,0,6.0,1,49.9,7.4,9.7,1,4.0,3.6,0,3,11.9,8,9,6,100,,2,0
109075,19,1,5.51,0,88.5,6.7,5.9,0,2.64,7.2,0,5,11.9,10,1,10,64,,0,0
109076,19,0,2.5,1,86.1,5.8,6.8,0,3.76,1.8,0,5,5.7,8,10,5,90,,0,1
109077,27,2,6.7,0,91.6,5.4,3.9,0,3.25,3.8,0,5,9.6,1,4,10,86,,2,1
109078,27,2,8.2,1,46.1,7.8,6.8,1,4.0,7.4,0,4,11.9,5,9,6,100,,3,0
109079,28,1,5.28,0,65.2,4.9,8.0,1,3.47,1.0,0,0,11.1,9,3,10,86,,1,1
109080,16,0,2.2,1,42.6,5.8,7.7,1,4.0,5.5,0,2,8.6,3,6,9,100,,3,1
109081,19,2,0.8,0,53.7,8.2,5.7,0,2.42,7.9,0,0,6.7,8,5,10,59,,1,1
109082,26,2,4.0,1,48.2,8.7,6.2,0,3.46,6.4,0,5,11.6,9,2,10,89,,0,1
109083,21,0,1.08,0,67.9,9.4,7.2,0,2.99,4.6,0,0,5.1,6,7,8,64,,3,1
109084,27,0,3.8,1,72.6,5.7,6.8,0,3.32,6.0,0,1,8.7,9,2,10,81,,1,1
109085,16,1,2.7,0,93.2,7.7,7.6,1,3.43,3.8,0,2,12.6,7,2,10,84,,2,1
109086,20,2,2.8,0,94.5,7.4,5.5,1,4.0,3.0,0,5,9.6,10,7,8,99,,1,1
109087,17,0,5.27,1,51.4,5.9,5.4,0,3.98,4.2,0,2,12.0,10,5,10,99,,1,1
109088,17,1,2.3,0,56.9,9.3,3.8,1,4.0,5.2,0,1,11.2,8,5,10,99,,2,0
109089,27,0,2.3,0,79.0,7.0,7.9,0,4.0,3.4,0,4,10.1,2,10,5,93,,3,0
109090,20,1,4.7,0,44.6,4.0,5.5,0,4.0,4.2,0,4,9.1,3,10,5,100,,2,0
109091,28,1,1.3,0,42.0,7.8,6.0,1,4.0,1.4,0,2,8.0,5,6,9,100,,1,0
109092,24,2,2.9,1,40.5,9.6,7.1,1,3.71,6.7,0,0,12.8,9,8,7,100,,2,1
109093,24,2,3.2,0,74.7,4.6,8.0,1,2.56,7.1,0,5,7.9,3,2,10,69,,1,1
109094,23,2,4.9,1,53.0,7.0,4.7,0,4.0,7.3,0,4,10.9,4,9,6,99,,2,0
109095,16,1,4.0,0,68.5,9.0,5.9,0,4.0,4.7,0,4,8.8,5,8,7,100,,2,1
109096,20,1,2.1,1,80.2,8.1,5.8,1,4.0,5.6,0,4,6.2,3,5,10,88,,1,0
109097,23,0,4.3,0,85.5,6.9,7.8,1,4.0,5.8,0,0,10.4,10,10,5,100,,2,0
109098,25,1,6.81,0,54.1,7.5,7.1,1,3.93,3.6,0,2,12.1,4,4,10,100,,1,1
109099,27,1,1.8,1,92.1,7.8,4.9,0,3.48,6.6,0,3,5.0,1,10,5,85,,2,0
109100,17,2,4.0,0,50.2,6.4,9.0,0,4.0,7.1,0,4,9.3,10,2,10,97,,3,1
109101,25,2,4.99,1,69.9,7.5,10.0,1,4.0,1.0,0,5,8.9,7,6,9,96,,1,0
109102,27,1,3.2,1,71.9,9.1,6.1,0,3.73,3.8,0,3,6.5,3,7,8,100,,1,1
109103,28,2,5.6,0,76.8,7.6,9.2,1,4.0,4.0,0,3,13.1,1,9,6,93,,2,0
109104,18,2,0.0,0,88.8,6.8,7.3,0,2.43,2.8,0,5,4.2,5,3,10,61,,2,0
109105,28,2,5.1,0,99.8,7.5,9.6,1,4.0,5.9,0,3,10.0,4,4,10,100,,1,0
109106,17,0,4.2,1,62.1,6.7,8.0,1,3.88,5.0,0,5,6.0,4,8,7,95,,1,1
109107,26,2,2.3,1,82.3,5.1,5.4,0,3.19,1.6,0,3,8.1,5,6,9,84,,2,1
109108,18,2,1.2,0,69.2,5.8,7.2,0,2.77,4.5,0,4,6.6,4,3,10,78,,1,0
109109,28,0,4.0,1,41.5,7.2,7.5,1,4.0,5.9,0,3,7.5,6,10,5,99,,2,0
109110,16,2,0.2,0,57.2,7.5,9.2,1,2.53,8.8,1,3,5.4,8,3,10,65,,1,1
109111,18,0,3.3,0,84.2,6.2,7.0,0,3.26,7.4,0,1,9.8,9,5,10,85,,2,1
109112,28,2,5.6,1,54.8,5.5,6.0,0,3.89,3.5,0,3,12.5,1,6,9,100,,2,1
109113,23,2,3.1,0,53.3,6.7,5.2,0,3.35,3.1,0,4,6.6,5,7,8,78,,2,0
109114,25,1,2.1,1,54.1,8.5,7.3,0,3.02,3.9,0,4,3.2,6,9,6,78,,0,0
109115,17,0,6.8,0,54.2,7.7,4.0,0,4.0,7.9,0,3,12.6,2,2,10,96,,2,0
109116,17,2,4.7,1,44.3,10.7,10.0,1,4.0,7.5,0,3,10.3,3,10,5,96,,1,1
109117,22,1,4.6,0,84.7,5.5,8.0,0,4.0,7.3,0,2,12.0,6,2,10,98,,1,0
109118,22,0,1.0,0,71.0,8.0,7.1,1,3.22,2.3,0,0,9.6,3,5,10,83,,0,1
109119,22,2,5.8,0,83.3,5.1,7.5,1,3.61,6.5,0,3,7.9,5,10,5,90,,0,0
109120,21,0,4.4,0,90.5,6.3,4.8,1,4.0,4.6,0,4,11.1,7,3,10,100,,3,0
109121,23,1,4.61,0,52.4,7.5,6.1,1,3.63,5.6,0,4,13.4,10,10,5,92,,2,0
109122,23,0,3.31,1,90.9,5.3,8.4,0,2.5,5.3,0,2,6.6,7,2,10,62,,3,0
109123,23,1,3.0,1,62.6,8.7,9.8,0,4.0,3.5,0,0,5.7,7,5,10,100,,1,1
109124,17,2,3.8,0,89.4,4.7,9.3,1,4.0,3.9,0,1,9.1,9,8,7,100,,2,0
109125,21,1,4.7,0,57.3,9.8,2.3,1,3.09,7.6,0,3,12.8,6,10,5,74,,0,1
109126,27,1,4.4,1,40.5,7.6,5.8,0,2.8,6.4,0,3,8.2,6,6,9,60,,0,0
109127,23,2,3.4,0,81.9,8.3,6.9,1,4.0,5.9,0,4,9.2,3,10,5,95,,2,1
109128,25,1,3.3,1,60.9,8.6,9.1,1,3.57,3.9,0,0,8.6,4,2,10,87,,2,0
109129,28,0,5.0,0,77.1,7.5,7.6,1,4.0,3.7,0,0,9.7,2,5,10,94,,0,0
109130,17,2,3.1,0,51.0,6.1,6.2,0,4.0,7.0,0,2,8.0,3,7,8,100,,1,0
109131,18,2,2.9,0,95.3,7.7,7.5,0,3.77,5.8,0,2,5.2,4,9,6,94,,0,1
109132,23,2,3.6,0,73.6,5.8,3.0,0,3.27,7.6,0,2,11.1,6,3,10,83,,1,1
109133,25,0,2.6,0,55.6,6.5,10.0,0,3.33,4.4,0,0,10.3,2,1,10,81,,2,0
109134,24,0,5.3,0,71.6,6.9,5.8,0,2.44,7.3,0,1,9.6,9,2,10,64,,1,1
109135,22,1,5.7,1,46.9,8.9,9.4,0,3.99,9.4,0,0,9.8,2,9,6,100,,2,0
109136,25,2,0.0,0,50.4,4.1,6.6,0,3.35,5.8,0,2,3.1,9,9,6,76,,2,0
109137,23,1,3.0,0,46.1,4.6,9.1,1,2.89,5.1,0,2,7.4,8,3,10,78,,1,1
109138,20,1,3.4,0,81.4,6.5,3.7,1,3.86,5.6,0,3,8.6,4,7,8,100,,1,0
109139,25,2,5.4,1,89.5,5.1,7.2,1,4.0,8.1,0,3,9.2,5,7,8,100,,2,0
109140,28,2,7.6,0,64.9,4.5,6.1,0,4.0,5.3,0,0,13.6,9,10,5,100,,1,1
109141,18,0,5.4,0,53.0,8.6,4.5,1,4.0,7.1,0,0,11.9,6,2,10,92,,2,0
109142,20,2,2.2,1,62.1,7.3,7.9,0,4.0,5.9,0,2,5.7,10,9,6,94,,1,0
109143,28,0,1.7,1,78.4,8.0,7.1,0,2.62,5.0,0,3,3.9,3,3,10,73,,3,1
109144,22,2,5.45,0,62.3,8.1,7.8,0,4.0,7.1,0,0,12.0,4,4,10,100,,1,0
109145,28,1,3.0,0,69.8,6.2,3.7,1,3.65,6.8,0,1,9.9,10,8,7,93,,2,0
109146,26,0,5.95,0,49.9,6.6,6.3,0,4.0,3.4,0,2,10.3,5,9,6,97,,3,1
109147,23,1,2.5,1,48.1,6.2,8.1,1,4.0,2.7,0,4,6.7,4,9,6,100,,3,0
109148,18,0,6.0,0,87.4,7.9,3.9,1,3.93,7.9,0,5,11.8,4,7,8,100,,2,1
109149,26,2,6.4,1,74.4,5.0,5.9,0,4.0,7.2,0,0,12.4,5,1,10,100,,1,0
109150,23,0,5.1,1,93.7,5.4,6.3,0,4.0,4.9,0,3,11.3,8,3,10,92,,2,0
109151,18,2,2.7,0,71.5,7.6,6.8,1,3.4,3.6,0,0,5.8,7,2,10,81,,1,0
109152,16,2,7.4,0,53.0,4.7,5.9,0,3.13,6.9,0,2,8.7,7,2,10,77,,2,1
109153,18,2,1.8,1,82.7,6.0,8.7,0,4.0,3.3,0,2,8.7,6,8,7,100,,2,1
109154,23,0,3.0,1,99.6,9.4,9.0,1,4.0,3.3,0,2,11.9,7,6,9,100,,2,1
109155,24,2,2.37,1,79.9,6.2,7.3,1,2.72,2.3,0,2,6.3,6,1,10,67,,2,1
109156,21,1,1.5,1,98.1,9.2,8.4,1,4.0,4.4,0,3,4.1,3,8,7,100,,2,0
109157,28,1,3.7,1,92.9,8.9,3.1,0,2.98,4.2,0,5,9.4,4,1,10,82,,1,0
109158,16,2,2.0,0,60.6,5.0,7.8,1,4.0,7.1,0,3,6.0,3,7,8,99,,2,0
109159,16,0,5.2,1,55.1,7.1,10.0,0,3.99,1.0,0,2,14.5,5,6,9,100,,2,0
109160,26,1,6.0,1,79.8,6.7,9.7,0,4.0,3.0,0,4,13.6,10,3,10,100,,2,1
109161,19,1,8.0,1,48.5,9.3,6.6,1,3.81,5.3,0,5,11.7,5,7,8,95,,3,0
109162,19,1,0.5,0,78.0,6.0,7.4,1,3.37,1.0,0,1,6.5,1,5,10,88,,2,0
109163,27,0,5.57,0,75.9,5.0,8.2,0,3.94,4.6,0,4,12.4,6,3,10,100,,2,0
109164,20,1,1.5,0,63.6,6.6,10.0,0,2.71,3.2,0,1,4.2,3,3,10,57,,1,1
109165,21,0,2.1,0,55.4,5.2,10.0,0,4.0,2.1,0,4,6.5,7,6,9,90,,2,1
109166,22,0,4.1,1,53.5,7.1,5.3,0,4.0,7.7,0,3,12.2,10,1,10,84,,1,1
109167,22,1,3.7,0,73.7,7.3,3.4,0,4.0,5.4,0,3,10.5,8,7,8,99,,1,1
109168,27,2,5.9,0,61.0,6.4,5.9,1,4.0,4.7,0,5,10.9,2,2,10,100,,2,1
109169,20,2,5.8,0,52.8,7.9,5.7,1,2.79,2.2,0,2,10.6,5,2,10,76,,2,1
109170,22,2,3.9,1,46.4,6.5,4.9,1,2.91,1.9,0,4,11.6,3,3,10,67,,3,0
109171,17,1,2.4,0,42.4,5.4,7.6,0,3.0,6.8,0,3,8.8,5,5,10,74,,2,1
109172,26,0,5.9,0,76.5,10.1,5.7,0,4.0,6.4,0,0,11.3,1,7,8,93,,3,1
109173,21,0,2.9,0,47.5,8.4,7.7,0,4.0,5.5,0,5,8.6,9,10,5,100,,1,0
109174,20,1,2.8,1,77.7,8.6,8.0,1,3.81,5.3,0,5,8.0,7,4,10,92,,2,1
109175,25,1,5.1,0,79.2,6.3,6.7,0,4.0,3.2,0,2,11.7,2,9,6,96,,3,1
109176,24,2,1.5,0,83.1,9.4,5.2,0,3.12,5.7,0,4,3.1,2,8,7,72,,2,1
109177,27,2,2.3,0,71.7,6.2,7.3,0,4.0,3.0,0,0,8.2,8,10,5,100,,2,1
109178,20,1,3.3,0,52.2,6.3,8.5,1,3.97,4.1,0,4,9.3,8,1,10,95,,2,1
109179,26,0,3.9,0,94.3,7.1,7.7,1,4.0,6.1,0,3,6.9,2,10,5,100,,3,0
109180,20,2,4.9,1,88.5,5.6,7.0,1,4.0,5.6,0,5,13.6,2,3,10,100,,3,1
109181,24,1,5.74,0,41.9,8.5,8.2,0,3.99,3.2,0,2,9.3,4,5,10,94,,2,1
109182,27,1,2.9,0,55.9,5.1,7.0,0,4.0,4.2,0,5,7.9,6,1,10,99,,2,1
109183,27,0,8.0,0,49.7,4.8,7.1,1,3.73,4.9,0,4,16.1,7,8,7,93,,3,0
109184,24,0,3.5,0,46.6,5.3,4.7,0,3.34,2.2,0,2,9.2,6,5,10,77,,1,1
109185,18,0,1.84,0,87.4,5.1,5.8,0,4.0,8.0,0,5,5.7,5,8,7,100,,2,1
109186,27,2,1.6,0,42.4,4.1,7.5,0,4.0,3.8,0,3,8.6,4,9,6,98,,3,1
109187,26,0,3.4,1,96.8,6.4,6.3,1,2.9,7.1,0,1,6.7,1,4,10,76,,1,0
109188,23,0,5.2,0,54.1,6.8,5.4,0,3.05,7.2,0,3,11.6,2,2,10,73,,2,1
109189,27,0,4.1,1,72.6,4.4,5.6,1,3.75,8.1,0,3,9.2,2,5,10,89,,2,0
109190,21,0,3.7,1,92.0,8.6,6.2,0,2.77,7.4,0,4,8.1,6,3,10,74,,1,1
109191,27,2,1.2,0,87.5,4.0,9.5,1,4.0,6.4,0,5,9.0,5,5,10,100,,3,1
109192,18,1,1.9,0,77.4,7.7,7.8,1,3.02,6.0,0,4,11.7,2,7,8,69,,2,1
109193,23,0,5.3,1,63.4,5.6,3.7,1,3.09,4.5,0,1,12.3,5,7,8,74,,2,1
109194,24,1,5.8,0,65.8,8.2,4.5,1,3.15,7.8,0,0,9.3,2,1,10,71,,2,0
109195,19,1,4.01,1,97.9,4.6,9.0,0,3.04,6.4,0,2,9.2,9,7,8,84,,2,0
109196,20,1,6.9,1,51.1,5.8,5.5,1,3.86,7.0,0,5,13.4,6,2,10,100,,1,1
109197,20,1,7.8,1,90.7,7.2,8.5,1,4.0,5.4,0,2,14.7,3,3,10,100,,2,0
109198,28,2,6.4,1,96.8,6.6,6.5,1,3.52,1.7,0,2,15.1,9,1,10,95,,1,1
109199,27,1,4.9,0,65.5,5.3,7.3,1,3.86,4.2,0,5,8.0,8,1,10,100,,2,1
109200,27,2,4.2,0,75.7,6.2,6.0,1,4.0,3.8,0,3,9.6,8,6,9,99,,1,0
109201,22,0,3.8,1,56.1,5.9,4.0,1,2.67,4.5,0,2,8.5,9,3,10,72,,3,0
109202,27,0,3.6,0,83.0,8.4,8.2,1,3.88,6.2,0,4,11.0,1,2,10,100,,2,0
109203,17,0,7.4,1,53.3,9.3,5.9,1,4.0,5.5,0,0,14.6,10,5,10,100,,0,0
109204,21,2,3.8,1,94.9,7.4,2.4,1,2.96,6.2,0,2,7.4,6,4,10,76,,2,0
109205,17,2,3.3,0,82.4,5.2,9.8,1,4.0,4.1,0,2,10.0,6,2,10,94,,0,1
109206,20,0,4.5,1,75.7,8.3,3.9,1,2.98,5.1,0,1,11.6,10,2,10,79,,2,1
109207,19,1,1.2,0,56.4,6.7,3.9,0,4.0,6.9,0,3,5.6,8,7,8,100,,2,0
109208,25,2,8.8,1,69.2,6.3,6.3,0,3.54,6.4,0,4,14.7,10,1,10,96,,1,1
109209,26,1,7.77,0,84.3,5.0,5.9,0,3.09,8.5,0,1,13.7,4,5,10,79,,1,1
109210,24,2,4.6,0,62.0,7.0,6.2,0,3.27,2.5,0,4,7.2,1,10,5,88,,1,1
109211,25,1,6.16,0,55.7,7.2,10.0,0,4.0,4.1,0,2,13.6,5,7,8,91,,3,1
109212,16,0,7.94,1,83.4,7.0,9.9,0,3.28,4.5,0,0,13.0,1,4,10,83,,2,0
109213,27,1,5.0,1,98.1,5.4,8.2,1,3.17,4.9,0,2,6.9,3,2,10,82,,1,1
109214,18,0,1.6,0,51.2,5.3,7.3,0,3.88,4.9,0,0,8.9,4,6,9,85,,1,0
109215,28,0,3.6,0,98.6,9.1,6.4,0,3.44,2.1,0,1,10.8,1,3,10,92,,2,1
109216,20,1,3.0,1,94.5,6.5,6.8,1,3.41,6.3,0,3,9.5,2,10,5,80,,2,0
109217,21,1,2.7,0,48.1,8.6,3.7,0,3.23,6.0,0,3,6.7,1,4,10,87,,1,1
109218,27,1,3.4,1,48.9,5.1,5.5,0,4.0,2.2,0,2,6.7,2,5,10,97,,0,0
109219,24,2,5.13,0,64.9,5.3,6.7,0,2.86,6.5,0,3,12.1,6,7,8,77,,2,1
109220,20,0,4.1,0,71.9,4.6,3.6,0,3.24,7.9,0,3,11.2,5,5,10,77,,3,1
109221,19,0,2.7,1,51.0,9.2,8.1,0,3.13,3.8,0,4,6.8,2,3,10,75,,1,0
109222,16,0,2.5,0,88.9,4.0,9.0,0,2.86,3.5,0,5,6.5,10,9,6,62,,0,0
109223,23,2,3.9,1,88.6,8.1,8.1,0,3.7,3.9,0,3,8.8,7,10,5,86,,1,0
109224,19,0,2.8,1,76.2,7.5,4.7,1,3.09,5.9,0,5,5.2,10,4,10,67,,2,0
109225,26,2,4.2,0,89.1,9.1,8.7,1,4.0,3.6,0,2,6.5,4,8,7,100,,1,1
109226,23,1,3.2,1,72.4,4.0,6.6,1,2.99,4.4,0,5,6.2,2,5,10,75,,0,1
109227,22,0,5.5,0,93.4,8.2,8.6,0,3.65,5.2,0,1,11.5,4,8,7,86,,2,0
109228,17,1,3.99,0,86.4,9.6,3.9,1,2.76,4.4,0,5,11.2,6,2,10,68,,1,0
109229,21,2,4.25,1,86.8,6.9,4.5,1,4.0,4.2,0,2,10.3,3,9,6,98,,0,0
109230,24,0,3.5,0,59.4,7.1,4.9,1,4.0,7.7,0,2,9.7,4,4,10,100,,2,0
109231,22,1,3.1,1,69.9,4.6,8.1,0,3.1,3.8,0,1,9.3,1,9,6,72,,2,1
109232,20,0,5.5,0,85.0,7.2,5.6,1,3.9,6.2,0,1,8.2,3,4,10,100,,3,0
109233,21,1,7.0,1,53.0,8.0,7.8,1,4.0,4.6,0,1,11.7,3,10,5,95,,1,1
109234,25,1,3.11,1,60.9,6.1,5.2,1,3.39,3.0,0,4,5.8,6,8,7,86,,1,0
109235,25,2,6.3,1,46.2,4.0,5.9,1,4.0,4.0,0,0,11.5,10,2,10,100,,1,1
109236,16,2,1.9,1,51.8,8.9,6.5,0,4.0,4.1,0,5,6.5,7,5,10,100,,2,1
109237,20,2,3.7,0,77.8,7.3,7.0,0,2.83,9.1,0,4,7.9,2,8,7,70,,1,1
109238,17,1,4.7,0,92.4,8.2,3.5,1,3.9,1.2,0,4,9.5,1,6,9,98,,1,1
109239,23,0,1.8,1,67.4,7.1,7.8,1,3.35,3.5,0,1,6.9,10,3,10,88,,1,1
109240,18,0,1.5,0,91.8,7.5,8.2,0,4.0,8.0,0,1,9.2,4,1,10,100,,3,1
109241,26,2,1.3,1,97.6,6.2,8.4,0,3.97,6.3,0,0,11.6,10,7,8,97,,3,1
109242,21,0,6.2,1,45.5,5.7,7.9,0,4.0,5.1,0,4,10.2,4,6,9,100,,2,0
109243,26,1,3.4,1,50.7,9.5,8.2,1,3.23,3.2,0,1,7.8,6,7,8,76,,1,0
109244,17,0,4.7,0,82.8,4.0,6.0,0,4.0,2.2,0,4,6.9,8,9,6,100,,2,1
109245,27,1,2.9,0,79.7,5.4,7.1,0,3.35,3.3,0,4,10.4,2,8,7,81,,2,0
109246,25,0,2.8,1,49.1,8.3,5.0,0,2.38,7.8,0,5,7.4,7,4,10,59,,2,1
109247,20,2,3.3,1,91.7,5.0,9.5,0,3.24,5.5,0,0,8.1,9,2,10,80,,3,0
109248,17,0,3.7,0,86.5,6.2,7.0,0,4.0,2.2,0,4,11.5,6,2,10,96,,1,1
109249,17,1,3.0,1,68.1,8.8,5.6,1,4.0,1.6,0,4,12.9,7,7,8,98,,3,0
109250,21,1,0.0,0,90.9,10.3,8.6,0,3.66,7.8,0,5,4.5,9,10,5,90,,3,1
109251,24,1,5.7,0,53.9,7.1,2.7,0,4.0,4.3,0,2,8.1,6,4,10,100,,2,1
109252,16,2,5.7,0,57.1,6.7,6.8,0,4.0,6.3,0,1,12.8,5,7,8,100,,2,1
109253,17,0,5.0,1,75.8,6.4,7.9,1,4.0,4.7,0,2,10.8,6,8,7,99,,2,1
109254,16,0,1.2,0,78.3,5.4,5.5,1,4.0,1.0,0,2,9.6,8,7,8,98,,2,0
109255,20,1,4.1,1,89.9,4.4,3.8,0,4.0,1.1,0,1,8.3,4,1,10,100,,2,1
109256,28,1,2.9,1,59.9,8.0,6.8,1,4.0,3.6,0,3,8.4,6,7,8,100,,1,1
109257,28,1,3.13,0,77.7,9.2,6.8,0,4.0,6.3,0,4,9.5,2,8,7,93,,1,1
109258,22,2,4.9,1,57.0,7.0,5.6,0,4.0,7.8,0,0,12.0,8,4,10,100,,2,0
109259,21,1,3.6,1,90.1,8.2,7.1,0,3.95,4.8,0,5,5.6,8,4,10,91,,3,1
109260,20,1,4.36,1,71.8,5.1,7.6,0,3.26,5.1,0,5,7.9,10,5,10,83,,1,1
109261,17,0,5.2,1,88.6,6.7,6.0,0,3.9,1.0,0,4,9.9,2,6,9,88,,1,0
109262,20,1,4.4,1,65.4,6.2,7.1,1,4.0,3.1,0,1,10.8,7,8,7,100,,3,0
109263,16,1,0.0,1,53.2,7.1,3.0,1,3.3,3.3,0,3,5.5,3,8,7,72,,1,1
109264,23,0,2.9,1,44.8,9.0,7.5,1,3.08,5.0,0,5,10.2,3,4,10,83,,3,1
109265,21,2,5.7,1,57.8,7.8,4.9,1,4.0,5.0,0,1,9.7,7,9,6,100,,2,1
109266,19,0,6.98,0,46.1,10.2,9.0,0,3.53,4.1,0,1,9.8,9,7,8,91,,3,0
109267,27,0,6.4,0,83.2,5.7,8.2,1,4.0,2.8,0,2,10.2,5,5,10,92,,3,1
109268,18,0,4.3,1,42.1,7.7,6.3,0,4.0,7.2,0,0,9.3,6,8,7,100,,2,1
109269,23,0,2.03,0,64.7,5.0,6.1,0,4.0,4.4,0,4,7.6,5,1,10,100,,0,0
109270,25,0,8.0,1,90.2,7.5,6.9,0,2.9,5.3,0,4,13.3,3,1,10,70,,2,0
109271,23,1,5.8,1,67.8,8.1,3.3,1,4.0,7.1,0,0,9.9,6,10,5,97,,1,1
109272,27,0,5.57,0,62.9,7.1,6.5,1,3.91,5.6,0,3,10.7,6,1,10,100,,3,1
109273,22,0,5.3,1,66.8,6.8,7.7,0,3.51,6.8,0,4,10.5,6,3,10,88,,2,1
109274,16,1,2.6,1,61.6,5.0,3.9,0,3.77,1.3,0,3,7.2,3,2,10,96,,1,1
109275,19,0,2.5,0,78.2,8.3,7.5,1,3.27,2.4,0,3,3.8,1,10,5,84,,1,1
109276,19,0,3.0,1,83.6,7.2,5.8,0,3.22,4.2,0,4,10.4,8,1,10,82,,0,1
109277,23,2,5.0,0,71.7,7.1,7.2,1,3.98,2.0,0,0,12.4,9,1,10,97,,2,1
109278,28,0,2.1,1,89.8,6.7,8.8,1,3.97,6.1,0,3,7.5,8,4,10,100,,2,0
109279,18,0,2.3,1,86.0,6.2,5.3,0,3.71,3.7,0,4,10.8,5,4,10,98,,1,1
109280,25,2,5.6,0,57.2,5.6,4.5,0,3.34,7.6,0,4,9.9,9,8,7,83,,2,1
109281,21,2,2.9,0,56.6,7.1,7.4,1,2.91,4.6,0,3,9.0,1,8,7,75,,0,0
109282,20,0,3.3,0,68.9,4.0,5.9,1,2.16,7.6,0,5,9.4,2,1,10,50,,1,1
109283,22,2,4.0,1,96.3,6.7,7.2,1,4.0,4.8,0,4,7.2,5,9,6,97,,1,1
109284,21,0,5.36,0,50.2,8.6,8.1,0,4.0,3.9,0,4,9.8,7,4,10,100,,3,1
109285,23,1,4.4,1,69.2,9.5,7.5,1,2.97,4.1,0,4,10.5,7,1,10,65,,1,1
109286,18,1,1.8,1,89.1,7.3,7.5,1,3.02,5.5,0,1,5.7,5,3,10,71,,2,1
109287,24,1,3.4,1,74.9,5.4,10.0,1,4.0,4.8,0,0,7.1,5,5,10,100,,2,0
109288,19,2,5.68,0,48.1,7.9,4.8,0,4.0,5.6,0,5,12.6,10,9,6,100,,2,1
109289,19,0,6.8,0,67.0,7.3,4.0,1,4.0,4.2,0,0,11.9,3,5,10,94,,1,1
109290,16,2,4.2,0,88.6,8.7,8.2,1,4.0,4.8,0,1,12.4,3,7,8,100,,1,1
109291,17,0,1.1,1,68.4,6.2,6.5,0,3.99,4.1,0,2,6.9,4,3,10,100,,0,0
109292,19,0,6.8,1,66.3,5.7,9.4,1,3.17,4.1,0,2,11.9,8,2,10,84,,1,1
109293,25,1,7.4,0,82.3,4.3,5.7,1,4.0,6.3,0,3,12.2,3,6,9,100,,2,1
109294,22,0,6.2,0,98.8,9.3,5.1,0,4.0,2.5,0,5,9.8,2,7,8,98,,1,1
109295,19,0,6.7,1,82.9,9.1,9.3,0,4.0,6.3,0,3,13.1,7,6,9,100,,2,1
109296,20,1,2.7,0,44.8,6.5,3.2,1,3.85,6.3,0,1,8.3,2,5,10,96,,0,1
109297,18,1,2.8,1,81.1,7.6,6.7,0,3.62,7.4,0,2,11.6,9,10,5,81,,2,1
109298,26,2,5.1,0,87.8,7.6,6.4,1,3.03,7.0,0,0,12.5,8,6,9,87,,3,1
109299,25,0,5.5,1,86.4,6.2,9.8,1,4.0,5.7,0,3,13.7,8,2,10,100,,0,1
109300,21,0,3.0,0,40.2,6.8,6.6,1,4.0,3.5,0,5,10.1,4,9,6,100,,1,1
109301,24,0,4.1,0,95.3,7.1,7.9,0,4.0,3.7,0,4,11.8,2,8,7,100,,1,0
109302,18,0,5.0,1,94.3,5.4,10.0,0,2.6,5.0,0,4,12.6,6,5,10,71,,1,0
109303,19,0,6.8,1,85.3,6.2,5.8,0,4.0,5.2,0,4,12.0,10,7,8,97,,0,1
109304,19,2,4.7,1,99.8,5.7,3.2,1,3.77,8.7,0,5,10.3,2,6,9,92,,1,1
109305,26,0,6.15,0,62.7,10.8,6.4,1,3.88,6.4,0,0,10.2,1,3,10,100,,3,1
109306,18,1,5.4,0,62.2,6.3,5.4,0,3.69,4.4,0,1,11.7,2,4,10,90,,2,0
109307,23,1,3.2,0,93.9,7.2,7.8,0,3.37,4.5,0,0,7.7,5,3,10,85,,3,0
109308,18,1,4.14,1,82.2,11.9,7.5,0,3.5,7.3,0,0,11.0,4,2,10,92,,2,1
109309,26,0,5.7,1,56.2,5.5,5.4,0,3.97,7.7,0,1,11.1,3,2,10,96,,3,0
109310,18,2,2.8,0,81.1,7.4,4.8,1,3.15,5.5,0,3,8.2,8,8,7,75,,3,1
109311,16,2,5.3,0,82.8,9.7,7.3,0,4.0,2.3,0,3,6.4,5,1,10,100,,3,1
109312,20,2,0.6,1,83.1,7.2,4.7,1,3.06,4.4,0,4,5.4,3,2,10,84,,0,1
109313,23,2,2.7,0,84.3,7.9,7.2,0,2.99,5.7,0,0,10.6,4,5,10,71,,2,1
109314,25,2,2.1,0,46.9,9.2,9.0,1,3.82,5.6,0,3,7.7,5,9,6,96,,2,1
109315,26,2,6.1,1,63.0,8.3,6.7,0,4.0,2.6,0,0,14.9,4,9,6,100,,2,0
109316,28,1,2.3,1,72.4,4.0,8.6,0,4.0,5.0,0,1,9.5,9,8,7,100,,2,0
109317,28,0,4.7,0,49.0,8.1,6.7,1,4.0,6.7,0,3,9.6,4,1,10,100,,2,0
109318,28,1,3.4,0,65.8,8.9,7.2,1,4.0,6.6,0,4,9.5,6,9,6,96,,3,0
109319,23,1,1.2,1,85.3,8.5,8.2,1,4.0,3.2,0,1,8.7,3,10,5,100,,3,0
109320,27,0,5.8,1,68.6,9.2,5.6,1,3.9,5.2,0,2,12.9,4,5,10,100,,3,1
109321,19,2,5.9,1,90.5,5.8,6.6,0,4.0,6.4,0,1,12.7,9,6,9,93,,2,1
109322,26,2,4.8,0,76.9,8.4,9.4,0,4.0,4.4,0,2,14.3,5,5,10,99,,2,1
109323,20,2,4.7,1,95.2,6.6,8.6,1,3.76,3.0,0,4,11.7,4,3,10,98,,2,1
109324,21,1,4.1,0,76.4,9.6,10.0,1,3.62,6.8,0,0,6.5,1,9,6,90,,1,0
109325,27,0,0.4,0,90.4,9.7,6.0,0,3.1,4.0,0,0,5.7,10,10,5,75,,3,1
109326,16,2,4.38,1,92.0,10.0,8.1,0,3.45,2.2,0,0,10.4,8,10,5,85,,3,0
109327,22,0,4.7,0,95.9,11.1,7.0,1,4.0,5.2,0,3,11.4,7,3,10,100,,2,1
109328,24,0,0.2,1,76.9,7.2,8.2,1,2.95,5.0,0,1,4.8,8,7,8,74,,3,1
109329,16,2,2.3,0,60.8,5.7,6.1,0,3.02,4.1,0,5,7.2,4,7,8,75,,1,0
109330,22,1,4.4,1,96.7,6.8,7.3,0,3.47,2.6,0,5,11.8,4,10,5,92,,2,0
109331,17,0,2.0,0,86.1,5.1,7.1,1,3.88,5.0,0,5,5.2,8,4,10,100,,3,1
109332,27,2,1.5,0,61.3,7.3,7.3,0,3.51,6.8,0,2,4.0,9,7,8,87,,1,1
109333,16,0,1.3,1,95.4,5.5,4.7,0,2.72,7.4,0,2,7.8,3,1,10,88,,0,1
109334,16,0,2.2,1,99.3,7.3,8.0,1,3.87,4.7,0,4,8.9,5,9,6,91,,1,1
109335,18,2,4.1,1,42.5,9.5,9.8,1,3.49,7.0,0,1,7.4,3,3,10,86,,1,0
109336,16,1,3.8,0,88.7,5.9,3.9,0,3.19,5.7,0,0,8.1,3,10,5,80,,1,1
109337,16,0,3.8,1,80.6,6.9,6.4,0,4.0,2.2,0,0,8.6,8,10,5,99,,1,1
109338,26,2,6.06,1,56.4,7.3,2.9,0,3.32,7.1,0,4,12.9,3,3,10,86,,3,0
109339,24,1,2.0,1,63.8,8.7,4.7,0,2.89,5.4,0,3,5.4,4,1,10,74,,3,0
109340,17,2,4.0,1,75.7,7.4,8.1,0,3.4,3.1,0,5,10.8,10,8,7,83,,2,0
109341,18,0,1.27,1,81.1,6.4,9.5,0,3.28,3.9,0,1,4.6,2,2,10,86,,2,0
109342,24,0,5.1,1,98.7,7.2,8.0,1,3.04,2.1,0,4,14.4,2,8,7,75,,1,0
109343,22,1,9.1,1,50.1,7.8,8.2,0,4.0,5.8,0,2,14.0,10,10,5,100,,2,1
109344,22,2,4.7,1,80.9,5.2,8.6,0,4.0,1.6,0,3,11.0,4,6,9,100,,2,1
109345,28,0,4.0,0,71.7,9.9,3.7,0,4.0,4.9,0,3,7.8,8,2,10,100,,2,1
109346,22,2,3.6,0,42.7,7.2,10.0,1,2.69,5.4,0,5,6.9,8,2,10,60,,2,1
109347,16,2,6.99,1,46.2,8.7,1.5,1,3.99,5.2,0,5,13.8,9,9,6,100,,1,1
109348,21,2,4.6,0,70.1,7.9,8.1,0,4.0,6.3,0,4,11.3,2,6,9,100,,3,1
109349,25,2,3.7,1,49.8,6.6,9.1,0,4.0,4.5,0,5,5.9,6,7,8,100,,2,1
109350,21,2,4.1,0,67.0,8.2,9.8,0,3.42,5.8,0,5,10.5,9,1,10,88,,2,1
109351,26,2,3.5,0,67.1,4.7,5.0,1,3.98,8.8,0,1,12.4,8,5,10,100,,0,1
109352,27,2,4.01,1,57.7,9.1,3.7,1,3.92,3.1,0,3,8.7,7,6,9,100,,2,0
109353,24,0,3.6,0,74.5,6.7,2.9,1,4.0,2.0,0,4,11.0,6,6,9,100,,1,0
109354,23,1,5.19,0,98.8,6.4,10.0,0,2.96,6.5,0,1,6.4,5,3,10,73,,3,1
109355,19,2,1.3,0,98.3,5.5,6.7,0,4.0,6.7,0,3,8.5,1,5,10,100,,3,1
109356,20,2,7.3,0,42.6,7.5,5.9,1,2.57,5.5,0,3,15.1,5,3,10,67,,0,1
109357,25,2,7.14,0,57.3,8.4,6.5,0,3.95,3.0,0,1,12.6,9,6,9,94,,2,1
109358,27,1,4.2,0,90.7,8.1,7.2,1,3.19,4.7,0,1,13.4,1,7,8,87,,1,1
109359,28,0,5.6,0,82.1,8.8,6.5,1,3.84,2.9,0,0,12.7,10,10,5,92,,3,0
109360,24,2,4.2,1,44.2,5.8,3.4,1,2.71,7.9,0,4,10.3,7,4,10,76,,1,1
109361,26,0,6.41,1,48.4,6.2,6.3,0,3.45,8.6,1,0,14.6,6,2,10,92,,1,1
109362,18,0,2.3,1,57.3,4.8,4.8,1,3.66,4.3,0,0,11.5,6,9,6,93,,1,0
109363,17,0,4.5,0,46.4,8.5,7.3,0,2.79,6.5,0,3,7.9,4,2,10,71,,2,1
109364,28,0,6.8,0,52.3,4.7,10.0,0,4.0,5.0,0,0,14.2,3,6,9,96,,1,1
109365,19,2,5.0,0,91.8,7.3,7.2,0,3.05,3.5,0,1,12.8,1,7,8,59,,2,0
109366,25,0,4.21,0,98.5,6.0,8.9,1,4.0,4.7,0,5,10.1,8,5,10,100,,2,1
109367,24,0,0.8,1,95.6,5.5,9.2,0,2.57,3.5,0,1,5.9,9,3,10,52,,2,0
109368,26,1,4.4,0,98.2,8.3,7.4,1,3.63,4.2,0,1,10.7,8,8,7,91,,2,1
109369,26,0,4.79,0,60.3,6.2,7.7,0,3.61,6.8,0,3,10.9,5,4,10,90,,1,1
109370,23,1,5.7,1,54.6,6.1,6.0,1,4.0,1.4,0,5,13.6,9,9,6,98,,3,1
109371,24,2,1.6,0,44.0,6.8,4.7,0,4.0,2.7,0,4,7.0,5,5,10,100,,1,0
109372,22,1,4.0,0,50.6,7.3,9.2,0,4.0,2.0,0,2,7.2,1,5,10,95,,3,0
109373,28,0,5.1,1,68.6,7.1,5.8,0,4.0,4.9,0,4,11.6,10,8,7,96,,2,1
109374,26,1,5.0,1,74.1,9.9,6.1,0,4.0,5.3,0,2,13.1,2,10,5,99,,2,1
109375,18,2,4.73,0,46.9,7.5,2.6,0,3.23,2.2,0,1,10.9,10,8,7,81,,1,0
109376,27,1,0.8,1,60.4,9.3,7.6,1,2.65,5.2,0,2,6.2,2,8,7,61,,1,1
109377,23,1,3.7,1,99.6,6.1,6.2,1,3.12,6.5,0,3,9.6,5,5,10,83,,2,1
109378,17,2,4.9,1,71.4,6.6,5.6,1,3.41,7.3,0,3,12.1,5,6,9,84,,1,1
109379,16,0,4.4,0,88.8,4.2,7.8,1,2.61,6.9,0,0,7.9,2,6,9,71,,2,1
109380,24,0,6.8,0,42.0,8.7,5.2,0,4.0,5.2,0,1,12.4,7,2,10,100,,2,0
109381,20,0,4.02,0,63.1,9.1,5.4,1,3.84,2.7,0,2,9.5,5,2,10,100,,1,1
109382,22,1,5.6,1,71.2,9.2,9.4,0,3.3,6.4,0,0,10.4,3,3,10,82,,1,1
109383,22,2,5.5,0,76.1,10.1,7.9,0,4.0,4.8,0,0,11.1,5,8,7,96,,3,0
109384,28,0,1.7,1,66.4,8.5,7.3,1,3.3,7.1,0,1,9.5,10,9,6,91,,2,1
109385,26,1,2.9,0,87.9,4.7,8.6,0,3.27,3.7,0,1,9.4,7,10,5,83,,3,1
109386,19,0,6.87,1,98.5,5.1,9.4,0,4.0,4.7,0,0,14.0,4,10,5,100,,0,1
109387,16,0,3.2,0,64.4,6.0,6.6,0,2.67,5.8,0,0,7.2,5,5,10,77,,0,0
109388,18,0,6.53,0,61.2,6.7,5.7,1,4.0,1.5,0,2,13.4,10,8,7,93,,2,1
109389,17,0,1.1,0,48.7,5.3,8.3,1,4.0,3.3,0,5,4.4,10,8,7,100,,3,1
109390,20,2,7.1,0,90.9,6.3,7.4,0,3.43,4.6,0,0,15.9,2,7,8,77,,2,0
109391,20,2,6.59,0,93.7,7.1,10.0,0,3.96,6.2,0,5,8.9,10,8,7,100,,2,1
109392,26,2,7.6,1,71.1,7.0,6.1,0,4.0,5.5,0,5,14.0,7,6,9,100,,1,0
109393,18,0,7.9,0,62.6,4.1,10.0,1,3.85,4.7,0,5,13.6,6,9,6,100,,3,0
109394,24,2,2.0,1,66.9,4.2,5.0,1,2.96,8.8,1,3,7.7,3,2,10,64,,2,1
109395,27,0,5.9,0,92.5,6.7,5.7,0,4.0,3.1,0,0,8.6,9,1,10,89,,1,1
109396,28,1,8.5,0,72.3,6.8,7.6,1,4.0,5.8,0,0,15.9,4,9,6,99,,2,1
109397,27,0,4.3,0,71.4,8.8,3.0,0,4.0,7.9,0,5,11.2,3,4,10,94,,0,0
109398,24,2,1.2,1,55.1,8.1,6.7,0,3.54,2.5,0,4,7.6,6,4,10,85,,2,0
109399,22,0,5.6,0,90.7,4.9,8.4,1,4.0,6.1,0,3,10.8,2,5,10,99,,2,1
109400,20,2,3.82,1,75.4,9.2,7.3,1,3.85,4.0,0,1,5.6,5,5,10,84,,1,1
109401,17,0,3.1,0,98.5,5.1,7.5,1,2.55,5.0,0,0,9.4,1,2,10,60,,1,1
109402,23,2,2.6,1,65.4,5.6,7.7,0,4.0,5.5,0,0,10.3,1,8,7,100,,2,1
109403,22,0,2.4,0,92.8,7.7,5.5,1,3.23,7.3,0,2,5.8,9,3,10,75,,2,1
109404,19,1,3.0,1,95.6,8.2,10.0,1,3.86,4.6,0,3,7.4,1,8,7,91,,2,0
109405,27,1,2.81,1,43.5,7.8,4.9,1,3.23,2.8,0,2,10.6,6,4,10,77,,2,1
109406,20,0,4.5,0,74.2,7.4,8.2,1,4.0,9.8,1,5,12.5,2,1,10,99,,0,1
109407,24,2,2.1,0,52.6,10.3,5.2,0,2.84,5.2,0,3,4.3,10,5,10,81,,2,0
109408,16,2,3.0,1,84.3,6.5,8.3,1,3.57,4.0,0,1,10.9,8,8,7,83,,3,1
109409,18,2,2.9,0,86.3,6.2,3.9,1,3.84,7.2,0,5,8.0,9,9,6,100,,2,1
109410,27,1,1.4,1,80.2,5.0,5.0,0,4.0,6.9,0,5,4.3,8,7,8,100,,1,1
109411,26,0,4.9,1,88.5,6.9,6.3,1,4.0,5.2,0,2,10.3,5,9,6,100,,2,0
109412,21,1,1.6,1,80.3,5.9,2.4,1,3.09,7.2,0,5,8.1,7,8,7,77,,1,1
109413,18,1,4.73,1,66.2,4.3,9.9,0,3.67,6.2,0,1,8.7,5,9,6,99,,1,1
109414,24,2,4.64,0,75.7,5.0,5.6,1,3.98,6.1,0,3,11.6,9,7,8,100,,2,1
109415,23,2,3.0,0,71.6,9.8,8.5,1,4.0,3.3,0,2,8.2,4,1,10,100,,1,0
109416,22,2,0.2,0,41.3,7.3,7.2,1,2.9,2.0,0,4,5.1,7,8,7,71,,3,0
109417,26,1,5.9,1,54.2,6.6,4.5,0,3.03,5.1,0,4,9.6,6,2,10,68,,1,0
109418,24,0,2.2,1,68.0,7.8,5.7,1,4.0,2.6,0,2,7.4,7,1,10,94,,2,1
109419,25,2,4.4,0,54.7,7.2,10.0,0,4.0,4.8,0,4,13.1,9,8,7,100,,1,0
109420,16,1,4.3,0,90.8,4.3,10.0,1,2.93,6.9,0,3,10.0,9,4,10,75,,2,1
109421,19,0,7.76,1,98.4,7.3,8.6,1,3.61,6.6,0,5,9.1,5,9,6,93,,1,1
109422,16,0,5.6,1,45.7,5.5,7.0,1,3.11,9.1,1,5,14.3,2,2,10,71,,0,0
109423,21,1,3.9,1,62.5,5.6,7.4,1,3.25,4.1,0,0,10.3,8,6,9,88,,3,0
109424,18,2,6.0,0,52.6,6.3,7.1,0,4.0,3.2,0,0,12.2,1,9,6,96,,3,1
109425,28,0,0.3,0,97.0,7.2,6.2,0,3.05,7.6,0,1,3.0,6,5,10,87,,3,1
109426,18,0,4.2,0,45.8,5.9,10.0,0,3.77,8.0,0,3,6.3,8,3,10,92,,0,0
109427,18,2,4.0,1,90.0,6.6,3.1,1,3.51,7.6,0,1,7.3,1,1,10,88,,2,1
109428,19,1,8.33,0,99.3,8.0,7.2,0,4.0,1.0,0,3,13.6,5,5,10,100,,3,0
109429,26,0,4.3,1,63.6,9.3,8.0,0,4.0,5.9,0,5,8.9,7,5,10,96,,1,0
109430,23,2,6.3,0,49.8,4.5,7.8,0,3.9,3.1,0,4,11.0,10,2,10,96,,2,1
109431,26,2,5.2,0,76.2,7.1,4.4,1,4.0,8.9,0,4,11.4,8,4,10,100,,2,1
109432,23,1,6.4,1,75.1,8.5,6.0,1,4.0,3.9,0,3,13.6,2,10,5,100,,2,1
109433,22,2,5.1,0,52.4,8.8,6.1,1,4.0,4.4,0,0,10.3,8,2,10,98,,3,1
109434,22,2,5.7,1,49.6,7.7,5.6,0,2.87,6.5,0,5,10.8,8,3,10,76,,2,0
109435,28,2,4.5,0,70.7,6.7,7.2,0,2.73,2.1,0,3,9.2,7,5,10,64,,1,1
109436,21,0,6.98,0,90.0,7.2,8.2,1,3.98,3.9,0,2,12.1,1,6,9,100,,1,1
109437,26,2,9.5,0,89.4,7.8,9.7,0,4.0,5.4,0,3,17.3,10,9,6,100,,2,1
109438,20,1,4.4,0,81.0,4.0,9.1,1,4.0,3.0,0,3,14.0,5,2,10,100,,0,1
109439,23,1,2.6,0,87.9,7.3,5.1,1,3.44,2.8,0,2,10.2,8,1,10,95,,0,1
109440,16,0,2.0,1,43.6,7.4,4.0,0,3.93,5.3,0,3,6.8,2,10,5,98,,2,1
109441,26,0,6.2,0,81.3,6.6,4.4,1,4.0,5.6,0,3,16.5,8,8,7,100,,2,1
109442,17,2,2.0,1,99.8,6.0,6.4,1,2.49,9.2,1,0,7.0,3,3,10,61,,1,1
109443,28,1,5.9,1,71.6,6.3,7.2,1,3.5,5.4,0,5,16.3,7,2,10,89,,3,0
109444,24,0,2.4,0,77.9,6.2,7.6,0,2.63,6.5,0,2,8.0,1,3,10,53,,2,0
109445,19,1,1.9,0,42.0,6.7,6.9,1,2.73,5.5,0,5,5.3,8,7,8,67,,2,1
109446,23,2,6.0,0,55.6,6.5,8.3,1,3.97,4.8,0,0,9.8,5,5,10,100,,2,1
109447,20,0,2.9,0,76.4,8.1,9.3,0,3.61,5.0,0,0,11.1,6,8,7,88,,2,1
109448,28,2,7.6,0,50.2,6.4,4.8,0,4.0,4.3,0,3,14.8,3,3,10,100,,2,1
109449,16,1,6.1,0,52.2,5.0,5.7,1,4.0,4.7,0,2,10.1,9,6,9,99,,3,0
109450,19,0,2.4,1,59.7,7.6,10.0,0,3.22,3.1,0,4,10.0,6,5,10,87,,0,0
109451,28,1,2.8,1,85.3,6.1,6.2,0,4.0,5.4,0,0,7.9,6,8,7,100,,3,1
109452,25,1,3.2,0,89.9,6.1,7.7,0,3.7,7.1,0,2,12.6,1,3,10,90,,2,0
109453,26,0,5.3,0,46.5,5.8,7.7,0,4.0,3.0,0,3,9.9,3,9,6,100,,2,0
109454,16,2,3.9,1,51.0,7.3,6.0,1,4.0,1.9,0,0,9.4,6,4,10,95,,1,1
109455,25,1,4.7,1,81.4,5.5,6.7,0,3.8,7.0,0,0,9.9,2,9,6,90,,2,0
109456,21,1,4.9,1,56.7,6.7,5.3,1,2.82,3.8,0,4,11.5,8,1,10,71,,2,0
109457,22,1,6.0,1,53.2,6.4,9.1,1,3.72,3.8,0,1,13.0,5,7,8,100,,1,1
109458,24,0,4.2,1,75.0,7.8,7.3,1,3.83,7.1,0,4,10.1,9,7,8,92,,2,0
109459,24,0,1.2,1,61.2,8.1,3.7,0,4.0,6.5,0,1,5.9,3,3,10,100,,2,1
109460,17,0,0.0,1,58.5,6.0,8.2,1,3.86,3.9,0,5,5.5,5,5,10,89,,2,1
109461,20,0,7.2,0,46.4,8.2,10.0,1,4.0,5.7,0,4,9.8,7,10,5,100,,2,0
109462,17,1,4.0,1,45.5,5.8,5.1,1,4.0,1.0,0,0,9.2,2,10,5,100,,2,0
109463,26,2,8.6,1,63.4,9.0,6.3,1,3.72,9.3,0,4,16.2,8,8,7,90,,2,1
109464,21,1,3.7,0,63.7,9.0,8.7,0,3.3,5.0,0,3,11.3,4,8,7,90,,2,1
109465,25,0,3.3,0,96.2,8.9,5.8,1,3.17,8.0,0,0,7.2,8,7,8,82,,3,1
109466,21,1,4.84,1,59.0,7.3,3.2,1,3.4,3.4,0,0,10.4,5,7,8,83,,1,1
109467,24,2,2.4,1,68.2,6.8,5.7,1,3.67,3.3,0,5,8.7,5,3,10,94,,0,1
109468,22,2,5.2,0,89.8,7.5,8.3,0,4.0,3.7,0,0,12.6,1,6,9,100,,2,1
109469,27,0,4.2,0,46.3,6.9,9.0,0,3.71,2.7,0,0,10.7,4,5,10,93,,2,0
109470,17,1,3.4,1,47.8,5.1,6.6,0,4.0,5.6,0,1,6.8,1,7,8,100,,3,1
109471,26,2,5.7,1,65.0,4.0,5.4,1,3.08,2.0,0,1,15.4,1,8,7,72,,1,1
109472,27,1,7.1,1,86.5,10.1,4.2,0,4.0,3.4,0,4,14.2,2,6,9,99,,2,0
109473,17,2,4.1,1,56.1,6.7,6.2,0,2.85,5.6,0,2,10.3,1,5,10,71,,1,1
109474,24,2,6.7,0,62.1,10.1,7.4,0,4.0,5.3,0,2,10.5,1,6,9,97,,2,1
109475,20,0,6.8,0,83.5,6.8,6.9,1,3.69,2.1,0,3,12.3,7,10,5,95,,2,0
109476,23,1,1.6,0,94.5,8.1,1.0,0,3.0,1.9,0,4,4.9,9,7,8,81,,3,1
109477,16,1,4.5,0,86.4,7.5,3.1,1,4.0,2.2,0,3,9.9,7,6,9,100,,3,1
109478,25,1,2.9,1,79.1,6.0,7.8,0,3.27,6.4,0,3,9.2,2,2,10,84,,2,1
109479,18,2,5.3,1,86.0,8.5,4.8,1,3.3,2.9,0,0,9.2,8,2,10,86,,2,1
109480,17,0,5.29,0,50.5,9.7,7.7,1,3.6,5.2,0,2,13.8,9,6,9,93,,2,1
109481,22,2,2.3,1,92.7,5.9,8.7,0,3.73,4.5,0,5,4.9,7,3,10,90,,2,0
109482,26,0,4.2,0,60.2,6.0,5.4,0,2.97,4.5,0,2,8.1,7,1,10,69,,3,0
109483,22,2,4.7,0,62.9,9.9,4.7,0,4.0,2.8,0,3,9.4,8,3,10,100,,1,1
109484,26,1,6.3,1,84.3,5.3,6.4,1,4.0,4.9,0,3,12.3,3,10,5,98,,2,0
109485,28,0,2.1,1,53.6,6.1,8.5,1,2.73,4.6,0,4,6.3,7,1,10,64,,2,1
109486,20,1,5.5,0,52.1,8.5,7.2,1,4.0,2.0,0,0,9.5,9,4,10,95,,2,1
109487,28,0,5.2,0,89.7,7.1,4.4,1,4.0,8.1,0,2,14.1,1,5,10,100,,2,1
109488,24,0,1.4,1,72.2,8.4,10.0,1,2.72,6.8,0,0,6.9,4,1,10,66,,1,0
109489,25,0,5.1,0,52.3,7.5,4.6,0,4.0,3.0,0,1,11.3,2,7,8,92,,1,1
109490,28,2,3.9,0,94.4,6.8,4.6,0,4.0,6.6,0,2,9.8,9,7,8,99,,3,0
109491,16,2,7.4,1,56.4,9.3,4.3,1,4.0,3.9,0,2,11.4,1,2,10,100,,1,0
109492,21,1,2.0,0,80.9,7.8,8.3,0,4.0,3.2,0,3,5.5,3,3,10,100,,0,0
109493,18,2,6.7,1,49.5,7.5,5.8,1,4.0,4.2,0,1,10.1,4,3,10,100,,1,0
109494,26,2,7.2,0,74.5,7.9,9.2,0,4.0,1.5,0,1,14.8,5,6,9,100,,3,0
109495,20,1,0.0,1,79.6,5.6,8.1,1,3.0,5.1,0,2,7.1,8,3,10,77,,1,1
109496,18,2,5.2,0,48.8,5.8,6.8,1,3.9,4.0,0,0,11.3,6,7,8,100,,2,1
109497,21,2,6.4,1,65.7,5.5,9.9,1,4.0,5.7,0,0,14.1,1,10,5,99,,2,1
109498,23,1,4.7,1,49.9,8.7,6.8,1,3.17,4.7,0,3,8.7,9,3,10,71,,2,1
109499,18,2,3.4,1,61.4,9.2,1.1,0,3.86,3.7,0,3,6.7,4,6,9,93,,1,1
109500,23,0,2.88,1,68.6,9.4,3.7,0,3.68,3.6,0,0,5.0,10,8,7,91,,2,1
109501,18,1,6.4,0,50.3,6.2,5.4,1,3.17,5.2,0,2,13.4,6,2,10,77,,3,0
109502,22,2,6.2,1,48.4,8.0,3.3,1,3.57,6.9,0,4,13.6,9,10,5,100,,2,0
109503,16,2,0.3,0,84.2,6.3,4.8,0,4.0,3.5,0,2,7.5,2,4,10,100,,0,0
109504,16,1,3.0,1,58.2,6.3,4.6,0,4.0,6.3,0,0,6.7,9,9,6,95,,1,0
109505,21,2,4.3,0,90.8,5.3,2.6,0,4.0,5.8,0,4,8.7,6,8,7,93,,1,1
109506,24,0,2.9,0,64.8,6.6,7.2,1,4.0,2.3,0,2,12.1,10,3,10,96,,1,1
109507,19,0,6.8,0,68.8,8.1,4.8,1,3.12,7.4,0,3,12.2,8,2,10,69,,2,1
109508,16,1,5.9,0,50.9,6.1,6.0,0,4.0,6.3,0,2,8.7,8,5,10,100,,1,1
109509,25,2,4.1,1,48.4,8.7,7.6,1,4.0,4.2,0,1,11.3,1,8,7,94,,3,1
109510,18,0,5.01,0,64.3,4.9,8.6,0,2.61,3.1,0,5,11.0,6,3,10,67,,2,0
109511,17,2,6.3,0,61.3,7.8,8.7,1,3.93,5.2,0,0,14.2,9,10,5,91,,2,1
109512,19,0,4.1,0,54.2,7.7,5.9,0,3.16,4.1,0,0,7.2,9,8,7,71,,2,1
109513,16,1,6.2,1,60.0,8.8,7.8,0,4.0,5.7,0,2,13.4,1,9,6,99,,1,1
109514,24,0,7.31,0,64.9,6.4,7.8,0,4.0,6.9,0,3,15.3,2,9,6,100,,2,0
109515,27,2,1.2,0,53.6,6.8,5.1,1,2.42,5.3,0,1,6.2,7,2,10,62,,1,0
109516,26,1,9.1,0,44.7,5.8,6.6,0,4.0,5.4,0,4,15.1,2,8,7,100,,2,0
109517,24,1,3.9,1,67.6,9.5,6.5,1,4.0,1.9,0,4,9.1,10,8,7,100,,2,0
109518,21,1,3.3,0,77.7,6.4,7.4,1,3.34,4.6,0,4,10.4,4,1,10,85,,1,1
109519,20,0,0.7,1,55.1,8.2,9.2,0,3.08,2.5,0,0,5.5,5,10,5,68,,0,1
109520,27,2,4.6,1,40.6,8.8,9.4,0,3.96,1.5,0,5,5.5,4,6,9,92,,1,1
109521,24,1,1.9,1,63.0,7.7,8.4,1,3.83,1.9,0,3,7.1,5,5,10,100,,2,1
109522,25,2,2.4,1,80.4,6.5,6.1,0,3.64,5.7,0,4,6.0,9,7,8,88,,1,1
109523,17,1,7.31,1,63.3,6.8,10.0,1,4.0,5.1,0,2,13.1,9,5,10,99,,3,1
109524,26,2,3.7,1,47.3,8.9,6.7,1,3.61,3.4,0,4,11.4,1,2,10,88,,2,1
109525,20,0,3.1,1,45.3,5.3,5.2,0,3.87,1.4,0,3,9.3,6,1,10,89,,0,0
109526,23,1,5.9,1,81.1,4.1,4.1,1,3.57,2.3,0,5,8.5,7,10,5,90,,3,1
109527,16,1,3.1,0,59.8,8.4,7.8,0,3.31,3.8,0,0,9.3,7,8,7,79,,3,1
109528,17,0,4.88,0,97.9,7.2,8.0,1,3.36,8.4,0,5,13.7,5,5,10,83,,0,0
109529,21,0,4.1,1,59.4,4.2,5.8,1,4.0,6.1,0,5,10.6,4,3,10,95,,1,1
109530,26,1,5.7,0,72.0,8.2,6.6,0,3.09,8.9,0,4,8.9,8,9,6,76,,2,0
109531,19,1,0.8,1,69.1,9.1,6.4,0,4.0,3.7,0,0,5.7,6,10,5,100,,3,1
109532,21,0,4.3,1,92.2,6.6,10.0,0,4.0,4.4,0,5,7.3,8,8,7,100,,3,0
109533,25,2,1.7,0,43.0,6.0,8.4,0,3.15,8.7,0,0,7.0,1,8,7,76,,0,0
109534,24,0,7.0,0,60.2,6.9,5.6,0,3.21,5.2,0,0,13.3,5,5,10,77,,2,0
109535,23,1,5.4,1,70.0,5.6,6.6,0,4.0,5.3,0,0,9.7,4,2,10,96,,2,1
109536,20,1,5.9,0,90.9,7.1,4.9,0,3.51,3.5,0,1,11.0,7,7,8,88,,2,0
109537,28,2,4.71,0,79.0,7.0,10.0,1,2.72,3.2,0,1,14.7,10,4,10,71,,2,1
109538,19,1,6.6,1,88.5,9.7,5.1,0,3.87,7.9,0,2,15.8,6,4,10,90,,1,1
109539,23,2,7.4,1,53.5,6.4,4.8,1,3.64,3.7,0,3,12.3,2,7,8,91,,2,0
109540,17,2,2.5,0,87.5,8.7,7.0,1,4.0,6.4,0,5,9.5,1,7,8,100,,2,0
109541,25,1,3.5,1,67.2,7.7,7.3,1,3.0,2.3,0,4,9.2,2,5,10,66,,2,0
109542,17,1,5.6,0,67.4,5.5,6.7,1,4.0,1.9,0,5,14.0,9,1,10,100,,2,1
109543,17,0,6.5,0,44.1,8.0,9.9,1,3.38,4.6,0,0,8.2,4,1,10,80,,1,1
109544,25,0,5.38,1,81.0,8.0,8.6,1,3.7,2.7,0,5,9.6,5,1,10,92,,2,1
109545,17,2,0.8,1,73.6,4.6,7.1,0,2.25,7.1,0,3,6.0,8,4,10,50,,1,1
109546,21,0,2.1,1,97.9,6.4,8.8,1,4.0,5.4,0,3,9.3,8,6,9,91,,0,1
109547,22,0,7.9,1,72.9,7.3,2.3,1,4.0,3.2,0,0,15.4,4,4,10,97,,2,1
109548,20,1,3.06,0,92.7,9.5,6.4,0,2.47,4.7,0,4,10.3,2,2,10,48,,2,0
109549,28,1,3.7,1,47.2,7.2,5.2,0,2.93,5.1,0,5,10.2,10,4,10,69,,2,0
109550,24,2,6.6,1,50.2,5.9,7.5,0,3.95,2.9,0,3,15.9,2,1,10,92,,3,1
109551,28,2,2.3,0,86.3,6.3,5.3,1,2.75,2.9,0,0,7.6,2,2,10,63,,1,1
109552,25,1,4.5,1,86.7,7.3,3.8,1,4.0,3.4,0,0,10.4,1,4,10,99,,1,1
109553,24,0,6.5,1,95.3,7.2,4.3,0,3.71,4.7,0,2,10.4,3,6,9,87,,2,1
109554,27,0,5.1,1,96.1,7.6,5.3,1,2.92,3.4,0,2,10.4,10,5,10,81,,2,1
109555,18,2,5.1,0,46.7,5.7,6.9,0,3.0,6.8,0,2,9.0,3,2,10,69,,2,0
109556,18,0,6.72,0,86.7,6.9,4.6,1,3.11,4.6,0,4,14.8,3,9,6,70,,2,0
109557,24,0,4.7,0,55.9,6.5,8.6,0,3.77,4.9,0,2,10.6,8,5,10,92,,1,0
109558,17,0,1.5,0,60.8,7.9,9.1,1,4.0,5.0,0,3,6.1,2,9,6,100,,2,0
109559,26,1,2.7,1,59.4,9.5,8.0,1,3.52,3.7,0,5,9.1,7,7,8,95,,2,1
109560,27,0,6.89,1,60.1,6.6,6.8,1,4.0,8.2,0,2,9.4,9,5,10,98,,1,1
109561,25,1,6.81,1,73.3,7.3,8.3,1,4.0,7.2,0,1,15.4,2,5,10,100,,2,1
109562,20,1,0.65,0,89.2,6.0,5.9,1,3.79,6.3,0,3,6.0,7,4,10,85,,0,0
109563,25,2,6.6,1,44.2,6.3,5.1,0,2.88,4.9,0,4,13.5,5,4,10,68,,2,0
109564,23,1,2.7,0,59.6,7.7,7.4,0,3.27,5.6,0,3,5.9,10,2,10,73,,1,1
109565,16,1,6.0,0,49.3,7.6,5.5,0,4.0,5.5,0,4,9.5,10,9,6,99,,0,1
109566,17,2,4.99,1,78.4,7.0,4.0,0,4.0,3.9,0,4,10.9,9,6,9,100,,1,1
109567,28,0,5.3,0,52.1,9.3,7.4,1,4.0,5.2,0,2,12.6,4,7,8,94,,2,1
109568,28,2,7.2,1,90.5,5.4,5.9,1,4.0,6.9,0,4,11.1,7,5,10,99,,3,1
109569,22,0,4.8,1,70.6,8.2,8.5,0,3.87,5.8,0,3,8.1,3,4,10,98,,2,1
109570,19,2,0.0,0,88.5,9.5,9.2,0,3.3,1.2,0,5,3.4,2,3,10,80,,3,0
109571,28,0,4.17,0,77.2,8.2,7.8,0,3.07,3.7,0,3,7.6,7,1,10,77,,3,1
109572,18,0,0.3,0,42.6,6.5,7.0,1,3.76,2.4,0,5,4.8,8,8,7,96,,1,1
109573,22,0,7.3,1,82.0,7.6,2.6,0,4.0,7.1,0,0,13.7,10,4,10,100,,1,1
109574,28,2,5.66,0,44.0,6.5,3.3,0,3.87,3.3,0,1,8.2,6,10,5,96,,1,1
109575,17,2,6.99,1,98.9,6.4,7.0,1,3.78,4.3,0,5,10.5,9,7,8,94,,1,1
109576,16,0,7.17,0,54.2,5.8,7.7,0,4.0,2.5,0,1,11.6,2,2,10,100,,2,1
109577,23,1,2.4,0,78.4,4.0,5.8,1,4.0,6.9,0,1,10.2,6,10,5,100,,1,1
109578,25,0,5.6,0,91.5,7.6,5.3,0,4.0,3.9,0,5,7.8,5,1,10,100,,2,0
109579,24,2,3.0,1,43.3,4.8,3.3,0,3.57,5.4,0,0,7.5,10,1,10,96,,2,1
109580,28,0,2.1,1,40.8,8.5,8.2,0,4.0,3.9,0,2,9.7,4,3,10,100,,2,1
109581,27,0,6.3,1,94.3,6.4,9.0,1,2.82,3.0,0,5,10.5,7,1,10,67,,2,1
109582,26,0,2.9,0,67.9,4.6,7.9,0,4.0,5.3,0,3,8.9,4,9,6,100,,3,1
109583,24,1,3.5,1,84.0,9.0,9.6,0,4.0,4.6,0,4,8.8,4,10,5,100,,2,1
109584,18,0,4.7,0,47.2,8.5,4.9,0,3.31,4.4,0,1,9.5,10,8,7,81,,3,0
109585,21,2,5.2,1,44.7,7.4,5.3,0,4.0,5.2,0,2,11.0,4,6,9,93,,2,1
109586,26,2,2.5,0,73.0,7.6,8.2,0,3.22,4.5,0,3,5.3,7,2,10,85,,2,0
109587,26,2,4.9,0,98.7,8.3,3.8,0,4.0,4.1,0,5,10.3,1,10,5,100,,1,1
109588,17,0,3.2,1,48.4,6.3,4.6,1,2.77,3.8,0,0,10.4,3,5,10,78,,0,0
109589,26,0,3.5,0,84.9,7.1,10.0,1,2.75,5.3,0,0,9.5,1,3,10,68,,0,1
109590,24,0,1.1,1,84.6,7.1,7.4,0,4.0,3.5,0,5,3.3,1,6,9,100,,1,0
109591,26,2,1.4,0,85.5,7.4,7.8,0,4.0,1.0,0,0,11.0,2,9,6,100,,1,1
109592,20,1,5.5,1,40.2,7.0,6.3,1,3.5,2.5,0,1,12.5,5,3,10,89,,2,1
109593,16,2,7.4,0,91.2,5.5,7.1,0,4.0,3.1,0,1,10.4,4,1,10,94,,1,1
109594,24,0,4.4,1,73.9,5.5,9.0,1,4.0,4.6,0,0,10.3,6,9,6,100,,1,0
109595,27,0,6.8,1,99.8,7.9,10.0,0,4.0,1.5,0,2,12.0,4,6,9,92,,0,1
109596,25,0,4.9,0,91.0,7.8,5.6,1,2.77,9.3,1,1,12.0,8,2,10,66,,2,1
109597,27,0,6.34,0,71.9,4.4,9.0,1,3.93,6.1,0,1,12.9,8,6,9,100,,2,0
109598,20,0,5.2,0,55.1,7.2,4.4,0,3.35,6.1,0,5,8.0,3,9,6,80,,3,1
109599,25,2,1.7,1,80.7,9.0,8.6,1,4.0,3.1,0,4,8.4,2,6,9,96,,2,1
109600,26,2,5.01,0,67.0,7.2,9.1,0,3.78,4.7,0,2,13.1,7,4,10,97,,0,1
109601,28,1,5.4,0,99.9,8.3,4.0,0,3.82,4.1,0,5,9.3,3,9,6,92,,0,1
109602,20,1,5.5,0,84.8,4.6,7.8,1,3.57,4.3,0,2,8.0,3,6,9,96,,1,1
109603,28,0,4.4,1,89.2,4.9,5.1,1,3.73,2.5,0,0,8.2,8,1,10,93,,1,1
109604,20,0,4.0,0,93.8,5.9,6.0,1,4.0,8.4,0,5,10.2,1,5,10,100,,2,1
109605,16,0,2.5,0,56.7,4.7,6.0,1,3.83,6.4,0,0,4.9,2,8,7,88,,1,0
109606,28,0,4.0,1,80.2,7.0,7.2,1,4.0,8.3,0,2,6.9,3,7,8,94,,1,1
109607,18,0,1.8,1,51.6,7.7,7.5,1,4.0,6.1,0,1,9.6,3,2,10,100,,2,0
109608,23,1,5.7,1,79.1,7.9,7.0,0,3.85,4.5,0,3,8.8,1,1,10,92,,1,1
109609,24,2,4.65,0,92.7,6.9,10.0,1,4.0,2.0,0,5,10.2,8,10,5,100,,3,1
109610,26,0,7.1,0,80.1,7.1,7.3,0,3.16,6.5,0,3,10.5,6,3,10,80,,3,1
109611,27,1,5.2,0,42.9,6.6,8.3,0,4.0,6.6,0,1,10.1,8,8,7,92,,2,0
109612,20,0,4.8,1,67.2,8.0,10.0,1,4.0,4.6,0,0,13.5,1,3,10,100,,1,1
109613,20,1,2.4,0,82.6,8.1,5.8,0,4.0,6.0,0,0,7.9,6,3,10,98,,0,1
109614,22,2,5.9,0,52.9,6.9,3.6,1,3.47,5.2,0,5,8.2,8,1,10,81,,1,0
109615,21,2,0.8,0,76.7,8.9,7.8,0,2.87,4.2,0,5,7.1,4,8,7,66,,1,0
109616,23,1,4.5,1,69.8,5.6,7.9,0,4.0,6.2,0,3,9.8,10,6,9,99,,1,1
109617,28,0,6.4,1,91.3,8.3,6.8,0,4.0,4.6,0,1,9.5,6,7,8,100,,1,1
109618,25,0,2.0,0,71.7,8.2,7.2,0,3.43,7.0,0,3,8.0,1,5,10,87,,2,0
109619,16,1,3.1,1,89.9,8.2,6.3,1,2.8,5.4,0,4,9.4,1,1,10,76,,1,1
109620,16,2,5.1,1,90.6,8.3,7.8,1,3.57,5.0,0,1,10.7,8,7,8,89,,2,1
109621,22,1,2.7,0,98.8,8.9,7.3,0,3.43,5.5,0,1,6.3,3,2,10,83,,2,1
109622,28,0,2.5,1,53.5,7.3,4.6,0,4.0,7.3,0,2,6.3,10,1,10,100,,3,1
109623,27,0,3.4,0,94.6,6.7,9.7,1,3.43,8.3,0,0,7.8,2,8,7,83,,2,0
109624,18,0,8.56,0,74.5,9.3,8.1,1,3.87,10.0,0,5,13.8,1,5,10,100,,1,0
109625,18,1,5.6,0,43.0,7.6,7.7,0,3.44,4.0,0,4,11.4,5,1,10,89,,2,0
109626,28,0,4.5,0,51.7,5.6,4.5,0,3.24,7.3,0,4,12.1,2,3,10,84,,2,1
109627,27,1,4.0,1,47.5,9.1,5.2,1,3.96,5.6,0,5,11.4,1,8,7,98,,3,0
109628,16,2,3.2,0,53.2,6.0,5.6,1,3.66,5.0,0,0,6.9,1,10,5,100,,2,1
109629,28,1,4.9,0,64.8,8.4,8.7,1,4.0,4.2,0,1,13.6,2,4,10,99,,1,1
109630,21,1,4.32,1,82.7,5.6,6.5,1,3.68,3.5,0,3,11.4,9,7,8,100,,1,0
109631,16,1,3.51,1,78.7,6.8,10.0,1,4.0,6.1,0,4,10.1,1,8,7,97,,2,1
109632,16,1,5.8,0,51.9,6.1,3.3,1,3.12,3.3,0,4,11.1,5,3,10,81,,3,1
109633,20,1,2.7,1,84.4,5.9,7.6,1,3.05,5.0,0,3,11.5,7,1,10,79,,3,1
109634,22,0,4.2,0,83.8,7.8,8.8,1,3.53,3.1,0,0,7.9,2,3,10,82,,1,0
109635,28,1,2.9,0,54.4,7.6,6.8,1,4.0,3.1,0,1,10.7,9,1,10,98,,3,0
109636,20,2,4.1,1,47.6,8.3,7.5,1,3.04,6.1,0,4,10.6,4,1,10,70,,2,1
109637,25,2,2.0,1,85.3,8.0,6.8,0,3.98,7.1,0,3,6.0,7,6,9,99,,2,1
109638,25,1,3.7,0,49.3,8.6,8.8,0,3.46,5.4,0,0,10.7,10,8,7,95,,1,1
109639,27,2,7.4,0,55.0,8.7,5.1,1,4.0,5.7,0,4,14.1,6,3,10,100,,2,0
109640,26,2,5.9,0,70.0,7.1,5.6,0,3.59,3.5,0,3,12.1,7,9,6,93,,2,1
109641,26,1,5.7,1,48.0,7.7,6.1,0,3.55,3.2,0,2,7.6,7,4,10,91,,1,0
109642,16,0,5.0,0,56.5,4.8,7.8,0,4.0,5.6,0,5,6.8,10,3,10,99,,2,1
109643,26,1,2.3,0,43.3,6.2,5.9,0,2.93,1.9,0,0,10.0,10,5,10,74,,1,1
109644,27,0,6.8,0,66.9,6.4,7.8,1,4.0,5.2,0,3,9.9,3,6,9,90,,2,1
109645,21,1,3.9,1,46.0,10.7,5.2,0,2.43,4.1,0,2,12.2,2,4,10,62,,1,0
109646,21,1,1.8,0,77.1,6.5,5.9,1,2.39,6.6,0,5,5.9,2,1,10,60,,1,0
109647,22,0,2.4,0,54.5,7.3,1.6,1,3.57,4.4,0,3,10.2,9,1,10,75,,1,1
109648,25,1,2.4,0,94.6,6.0,7.7,1,3.14,5.9,0,4,5.6,10,7,8,80,,2,1
109649,25,1,1.0,0,64.0,7.7,9.4,1,3.81,2.0,0,2,6.9,10,9,6,89,,3,1
109650,18,1,0.2,1,95.2,4.7,5.8,0,2.76,5.8,0,1,7.3,1,2,10,70,,2,1
109651,19,0,7.48,0,97.3,5.1,8.8,1,3.86,3.3,0,4,10.7,3,6,9,100,,1,1
109652,20,0,5.0,1,81.8,7.3,6.0,0,3.85,8.0,0,3,12.3,3,9,6,90,,1,0
109653,24,1,7.59,0,60.0,5.3,10.0,1,4.0,6.5,0,5,10.7,6,4,10,100,,2,0
109654,16,1,2.7,1,60.1,8.7,8.0,0,2.48,6.9,0,1,12.5,7,2,10,64,,2,1
109655,27,1,4.0,0,60.7,5.9,4.1,1,3.64,9.6,1,5,7.4,3,1,10,87,,0,1
109656,19,0,1.9,0,87.0,8.2,9.0,0,4.0,4.0,0,0,9.0,8,10,5,99,,2,0
109657,18,1,3.5,0,66.7,9.1,9.1,1,4.0,2.4,0,2,8.0,6,10,5,100,,1,1
109658,24,0,1.5,0,71.7,4.5,7.2,1,4.0,3.9,0,4,9.1,6,4,10,99,,2,1
109659,27,1,2.8,1,96.9,6.3,7.6,0,3.2,3.6,0,0,12.2,3,3,10,77,,1,1
109660,21,2,5.46,1,61.3,8.1,9.9,1,3.48,3.0,0,3,8.6,10,7,8,86,,2,1
109661,22,0,3.6,1,75.5,7.8,6.4,0,4.0,3.1,0,4,7.1,1,6,9,95,,3,1
109662,21,1,6.0,0,60.1,5.6,5.7,0,3.1,4.6,0,3,11.2,5,4,10,74,,1,1
109663,28,2,4.6,1,75.5,8.0,7.9,1,4.0,2.1,0,3,12.4,5,2,10,95,,2,1
109664,24,2,5.8,0,83.7,6.0,7.6,1,3.93,3.9,0,3,9.4,2,10,5,95,,0,0
109665,26,2,3.6,1,87.2,6.9,3.6,1,3.07,8.3,0,3,8.4,9,10,5,83,,3,0
109666,25,1,2.79,0,97.3,5.9,6.9,0,4.0,2.8,0,1,7.4,4,7,8,94,,1,1
109667,26,0,4.4,1,59.0,6.4,4.4,0,4.0,3.6,0,4,9.0,8,10,5,100,,2,0
109668,17,1,3.0,0,73.4,9.2,6.5,0,4.0,3.4,0,3,6.2,5,2,10,100,,0,0
109669,19,0,5.1,1,49.8,4.5,9.8,0,3.86,1.2,0,2,9.5,9,4,10,100,,1,1
109670,25,1,2.9,0,62.4,5.6,6.6,1,4.0,8.5,0,2,9.6,1,8,7,100,,2,1
109671,22,1,2.9,1,45.8,6.8,3.7,1,4.0,1.0,0,2,5.5,2,2,10,100,,2,0
109672,25,1,3.7,0,87.9,8.1,9.4,1,3.17,2.8,0,4,13.3,9,2,10,73,,2,0
109673,17,1,3.0,0,84.9,5.9,7.0,0,3.08,7.5,0,1,9.0,3,3,10,75,,1,0
109674,20,0,1.6,0,89.5,8.3,6.5,1,3.49,4.2,0,0,9.7,9,1,10,91,,2,1
109675,18,0,3.8,0,72.4,7.9,7.8,1,3.23,5.3,0,3,13.6,5,5,10,78,,2,1
109676,17,0,5.4,1,80.3,8.8,4.1,1,3.71,5.5,0,0,12.3,7,5,10,90,,2,0
109677,19,1,2.3,1,40.6,8.7,4.6,1,3.34,2.2,0,3,10.0,3,10,5,84,,2,1
109678,16,1,5.94,0,43.1,9.2,6.8,0,3.21,2.5,0,5,13.7,8,4,10,82,,1,0
109679,22,2,3.4,1,79.5,9.6,5.5,0,3.67,6.3,0,4,11.1,7,7,8,88,,3,1
109680,28,2,1.7,1,91.2,5.5,7.3,0,4.0,3.2,0,1,11.7,1,6,9,91,,3,1
109681,20,2,5.0,0,63.7,7.7,7.0,0,4.0,3.8,0,5,11.9,6,9,6,100,,1,1
109682,17,0,7.11,1,84.4,10.8,10.0,1,3.27,6.2,0,5,14.7,6,2,10,87,,2,0
109683,25,2,4.0,0,90.3,6.0,6.9,0,4.0,4.3,0,3,12.4,7,3,10,100,,2,1
109684,19,2,8.16,0,91.6,5.0,3.9,0,3.07,6.0,0,4,13.6,3,6,9,87,,2,0
109685,27,0,3.3,1,82.3,8.2,4.4,1,3.84,7.9,0,0,7.2,1,6,9,98,,0,1
109686,17,1,5.2,1,88.3,6.7,5.0,1,4.0,4.4,0,1,8.4,1,2,10,100,,2,0
109687,27,1,2.92,1,84.4,8.4,7.3,1,3.36,2.9,0,4,7.7,8,3,10,78,,3,0
109688,22,0,6.5,1,51.6,4.5,10.0,0,4.0,5.7,0,3,11.1,5,6,9,98,,1,0
109689,18,2,1.8,0,61.6,6.8,4.7,1,4.0,2.4,0,1,9.2,3,1,10,100,,3,0
109690,24,0,4.1,0,94.2,5.3,3.2,0,3.41,3.9,0,0,10.0,2,8,7,87,,3,1
109691,23,2,0.0,0,52.2,8.5,5.6,0,3.39,4.8,0,2,5.8,8,3,10,88,,2,1
109692,22,0,3.7,0,75.8,8.5,6.8,1,4.0,3.0,0,4,7.0,8,5,10,100,,1,1
109693,28,0,4.7,0,99.2,7.4,8.3,1,2.74,6.3,0,1,8.8,2,1,10,72,,1,1
109694,23,1,5.3,1,85.8,5.4,4.0,1,3.83,4.4,0,5,11.6,5,6,9,96,,2,1
109695,20,0,2.5,1,52.1,7.5,6.6,1,4.0,2.6,0,2,9.8,5,10,5,100,,2,1
109696,25,2,5.6,1,64.2,8.0,4.3,1,4.0,7.1,0,4,13.8,6,9,6,97,,2,1
109697,21,2,0.7,1,44.6,4.3,3.8,0,3.11,7.3,0,5,7.2,2,2,10,78,,3,0
109698,21,2,5.1,0,41.7,6.5,6.5,0,2.64,6.4,0,5,9.3,5,1,10,59,,3,0
109699,22,0,7.2,0,93.8,8.6,4.7,0,3.27,5.9,0,4,10.0,4,3,10,90,,2,0
109700,27,1,3.5,0,46.2,5.0,2.7,0,3.76,4.8,0,2,10.8,7,6,9,98,,3,1
109701,20,2,1.7,0,95.1,9.9,2.9,1,4.0,7.5,0,1,8.3,4,7,8,98,,2,1
109702,24,2,4.9,0,64.9,6.4,7.7,0,2.68,1.7,0,2,13.0,3,3,10,71,,0,1
109703,19,0,2.42,0,79.9,8.6,6.8,0,4.0,1.9,0,0,8.4,9,2,10,100,,0,0
109704,19,0,3.3,0,85.5,5.2,5.6,1,3.36,8.4,0,4,10.6,5,9,6,82,,1,1
109705,19,1,2.3,0,91.7,5.5,7.4,1,2.88,7.6,0,1,8.6,4,5,10,73,,2,1
109706,16,0,8.6,1,51.5,6.6,3.8,1,4.0,2.7,0,0,13.5,5,6,9,100,,1,1
109707,23,2,5.0,1,98.4,7.1,6.1,0,2.61,5.0,0,3,9.8,8,1,10,57,,1,0
109708,20,0,0.0,1,71.4,4.7,4.4,1,2.48,4.1,0,5,5.8,8,5,10,64,,3,1
109709,16,1,6.4,0,69.7,4.0,7.9,1,2.71,4.3,0,2,11.3,4,3,10,71,,3,1
109710,22,1,4.81,0,80.7,4.4,7.4,1,4.0,5.4,0,4,9.6,1,4,10,96,,0,1
109711,19,1,4.4,0,71.5,9.2,6.7,0,3.65,7.8,0,0,14.4,3,9,6,91,,0,1
109712,23,1,1.9,0,71.9,7.1,9.1,1,4.0,6.1,0,4,10.6,8,7,8,92,,2,0
109713,19,2,7.58,1,72.6,9.7,4.8,1,4.0,1.0,0,3,11.9,10,5,10,100,,1,1
109714,25,0,0.3,0,74.2,7.6,10.0,1,3.03,3.8,0,0,7.2,7,6,9,64,,2,0
109715,17,2,3.5,0,42.4,7.0,7.6,0,4.0,6.5,0,5,10.2,6,7,8,100,,2,0
109716,23,1,3.6,0,46.6,5.6,7.0,0,2.96,3.4,0,0,10.5,9,4,10,78,,0,1
109717,22,2,7.0,1,98.1,5.5,3.2,1,3.34,3.5,0,4,14.7,10,5,10,90,,2,1
109718,19,1,0.1,1,41.7,8.8,6.8,0,3.76,3.7,0,5,7.6,5,4,10,94,,1,1
109719,20,0,4.7,1,68.2,8.0,7.0,1,3.33,4.6,0,3,11.3,9,10,5,85,,3,0
109720,22,0,3.7,1,77.7,8.0,8.2,0,4.0,2.3,0,2,7.3,10,1,10,97,,2,1
109721,18,1,3.8,0,62.9,8.0,4.3,0,3.8,3.5,0,1,10.2,4,7,8,96,,3,1
109722,27,2,7.2,1,68.4,9.4,6.8,1,3.89,5.3,0,5,9.3,8,8,7,94,,0,0
109723,16,1,2.1,1,64.1,8.1,7.6,0,2.87,5.5,0,2,6.1,9,4,10,69,,1,1
109724,27,1,3.1,0,56.3,7.3,1.0,1,3.47,9.1,1,3,8.3,2,3,10,86,,1,0
109725,27,2,4.0,0,57.9,8.0,9.4,0,3.55,4.0,0,2,6.0,7,8,7,78,,3,0
109726,26,2,1.5,0,53.3,7.5,7.3,0,3.02,6.8,0,4,5.1,3,7,8,78,,2,0
109727,16,0,4.5,1,43.8,5.2,4.5,1,4.0,4.1,0,4,12.4,2,2,10,100,,3,1
109728,17,2,6.2,1,93.5,6.0,4.0,1,4.0,3.1,0,3,9.8,2,5,10,100,,1,1
109729,20,1,6.3,1,77.8,7.9,7.4,1,3.61,6.3,0,1,12.5,6,5,10,97,,1,0
109730,24,1,5.2,1,77.6,8.5,6.7,0,2.74,7.2,0,1,7.0,1,8,7,74,,1,0
109731,19,0,6.1,0,93.3,7.4,9.6,0,4.0,5.5,0,4,8.5,3,9,6,100,,2,1
109732,16,0,4.84,0,79.2,7.2,8.4,1,3.2,5.5,0,5,10.7,5,4,10,90,,3,1
109733,24,1,3.3,1,77.8,8.5,6.8,0,4.0,6.5,0,5,9.4,9,1,10,100,,2,1
109734,26,0,2.9,1,66.6,7.1,6.2,1,3.65,6.3,0,3,5.8,1,9,6,96,,1,0
109735,18,1,3.6,0,90.8,7.1,9.3,0,2.8,3.7,0,1,8.9,5,8,7,69,,2,0
109736,23,2,1.7,1,54.2,6.5,9.0,0,4.0,2.3,0,2,7.0,1,8,7,100,,1,1
109737,26,2,6.4,1,96.9,8.3,8.2,1,3.88,4.2,0,2,13.0,2,6,9,93,,2,1
109738,22,2,2.9,1,84.2,8.3,6.0,0,4.0,5.0,0,5,6.2,3,9,6,100,,1,1
109739,23,0,5.6,0,68.0,10.3,4.2,1,2.89,6.6,0,0,12.7,7,5,10,76,,3,1
109740,18,1,9.1,1,48.9,7.1,5.0,1,3.81,7.9,0,5,15.7,8,2,10,94,,3,1
109741,26,2,6.7,0,72.1,4.7,6.4,0,4.0,6.1,0,4,11.1,2,10,5,96,,2,1
109742,17,1,2.8,0,55.8,5.7,4.5,1,3.66,2.3,0,5,7.0,5,4,10,90,,0,1
109743,24,2,3.4,0,88.1,5.7,6.3,0,3.86,6.3,0,0,10.8,10,8,7,95,,1,1
109744,22,0,1.5,0,94.1,9.3,5.6,0,3.05,2.7,0,2,4.9,2,9,6,77,,1,1
109745,26,1,7.1,0,97.8,5.3,5.9,0,2.61,3.6,0,4,11.9,7,2,10,62,,2,0
109746,20,2,0.7,0,90.0,8.4,6.5,0,3.15,3.1,0,4,5.3,9,4,10,87,,1,0
109747,17,0,4.1,1,73.0,10.0,5.6,1,3.03,6.3,0,5,11.4,2,7,8,87,,3,0
109748,22,0,4.4,0,51.6,4.7,4.0,0,3.85,7.6,0,0,11.5,5,7,8,100,,3,0
109749,21,0,3.4,1,87.7,6.7,5.5,1,4.0,5.5,0,1,9.9,2,8,7,100,,1,0
109750,20,0,0.5,0,68.3,8.9,8.1,1,3.84,6.0,0,4,3.5,8,3,10,92,,2,1
109751,28,2,4.0,1,69.5,6.4,9.1,0,2.68,3.5,0,5,11.1,7,6,9,58,,2,1
109752,28,2,5.2,1,74.1,7.8,8.1,1,3.73,3.8,0,4,10.0,1,2,10,99,,1,0
109753,25,0,3.8,1,99.0,5.8,3.7,1,4.0,2.9,0,4,4.6,3,4,10,100,,1,1
109754,23,1,3.6,1,84.5,5.8,7.8,0,4.0,3.7,0,2,10.8,8,10,5,99,,1,1
109755,18,2,2.94,0,64.3,4.9,6.2,1,4.0,8.4,0,1,7.7,8,9,6,100,,2,1
109756,24,2,5.2,0,62.3,8.1,6.5,0,4.0,7.0,0,4,13.8,8,7,8,100,,1,0
109757,17,2,5.7,0,78.6,7.4,6.3,0,3.37,3.8,0,0,9.2,3,7,8,87,,2,1
109758,25,0,1.3,0,63.6,6.6,6.5,0,4.0,4.4,0,3,3.3,4,6,9,100,,3,1
109759,21,0,3.5,0,93.5,7.1,4.2,0,4.0,3.5,0,5,9.1,9,9,6,100,,2,0
109760,24,1,5.9,0,98.4,6.6,5.2,1,4.0,1.7,0,4,11.7,6,3,10,100,,3,0
109761,16,2,4.2,0,73.7,4.6,10.0,1,3.99,2.1,0,3,8.6,7,10,5,98,,2,1
109762,24,2,5.2,1,66.5,7.2,7.2,0,4.0,2.2,0,3,14.3,4,2,10,98,,1,1
109763,19,0,4.7,0,87.9,7.6,6.1,1,3.03,5.6,0,5,11.6,2,5,10,79,,3,0
109764,18,1,7.5,1,76.1,6.2,6.8,1,4.0,1.0,0,0,12.4,5,7,8,98,,1,1
109765,27,0,4.2,0,44.9,7.6,5.7,1,4.0,7.5,0,4,9.1,9,7,8,95,,3,1
109766,17,1,4.8,0,58.9,5.0,7.1,0,2.84,8.9,0,2,9.8,6,5,10,74,,2,1
109767,23,0,0.5,0,91.5,9.6,8.1,1,4.0,5.8,0,1,4.9,1,3,10,100,,3,1
109768,21,0,3.9,0,50.6,7.6,6.7,0,4.0,6.2,0,5,8.6,5,4,10,100,,1,1
109769,16,2,4.4,1,81.1,5.8,7.5,1,3.62,5.8,0,2,9.1,8,2,10,88,,0,0
109770,27,1,5.2,1,53.3,7.0,6.9,1,4.0,2.1,0,4,10.5,4,1,10,100,,1,1
109771,27,2,3.9,0,92.7,9.9,8.8,1,3.56,5.8,0,4,6.8,9,5,10,84,,0,1
109772,26,2,1.5,1,57.4,5.9,10.0,0,2.78,6.7,0,2,7.3,2,7,8,73,,2,1
109773,27,0,3.6,0,51.3,7.3,6.2,0,3.04,4.4,0,4,11.6,10,3,10,81,,1,0
109774,27,2,2.6,1,42.8,5.7,9.3,1,3.94,4.8,0,5,4.5,7,9,6,96,,2,1
109775,21,2,3.6,0,90.8,5.6,6.7,0,4.0,3.3,0,0,6.2,8,4,10,94,,2,1
109776,19,0,3.2,1,80.6,7.3,7.0,1,2.93,6.2,0,4,6.7,10,9,6,72,,2,1
109777,19,1,6.9,0,65.7,7.6,5.7,1,4.0,7.5,0,2,14.6,3,10,5,100,,3,0
109778,18,1,2.7,1,76.7,8.8,9.0,1,3.39,5.4,0,3,10.7,2,4,10,75,,1,0
109779,20,2,4.6,0,78.0,6.8,5.7,0,3.54,6.3,0,3,12.6,4,1,10,85,,0,0
109780,17,1,3.0,1,88.9,7.9,9.3,1,2.91,6.0,0,5,7.8,7,7,8,72,,0,0
109781,16,1,4.1,1,69.9,4.0,6.0,1,4.0,6.7,0,4,10.8,4,4,10,100,,1,1
109782,21,2,3.8,1,57.4,5.5,4.1,0,3.58,5.8,0,2,12.1,8,8,7,87,,1,1
109783,27,2,3.1,0,51.5,6.1,8.9,0,4.0,6.0,0,0,9.7,8,9,6,99,,3,0
109784,28,2,5.26,1,68.2,6.5,8.5,0,3.3,4.2,0,4,9.8,7,4,10,78,,1,1
109785,25,0,3.58,0,88.5,8.5,6.7,1,3.03,3.3,0,2,9.7,3,3,10,90,,2,1
109786,19,1,3.3,0,76.8,11.0,7.5,0,4.0,7.0,0,0,10.7,6,5,10,100,,3,1
109787,17,2,1.3,0,40.8,7.1,5.8,0,4.0,3.4,0,2,4.1,10,5,10,97,,3,1
109788,21,2,4.9,0,57.8,6.2,2.4,0,3.95,6.9,0,5,8.7,7,3,10,97,,3,1
109789,24,0,6.0,0,51.5,9.1,6.9,1,3.07,4.9,0,5,11.6,9,2,10,79,,3,0
109790,21,1,0.0,0,45.9,9.9,8.5,0,3.45,9.8,0,2,3.7,8,10,5,82,,2,1
109791,23,1,4.7,0,47.9,7.6,3.8,1,3.51,7.7,0,0,14.0,7,10,5,91,,1,1
109792,20,1,4.2,1,91.6,6.5,8.8,0,3.15,5.7,0,0,5.6,9,3,10,75,,2,0
109793,26,0,3.8,0,55.2,6.4,7.0,0,4.0,1.7,0,2,6.9,4,6,9,99,,1,1
109794,19,2,0.9,0,76.2,6.0,4.1,0,4.0,4.7,0,2,6.0,5,10,5,100,,0,0
109795,27,0,5.6,0,82.2,7.7,9.9,1,4.0,5.3,0,3,8.4,10,3,10,100,,3,1
109796,24,2,1.8,0,54.4,9.7,4.3,0,4.0,6.5,0,2,6.5,4,9,6,99,,2,0
109797,23,2,2.3,1,62.0,5.7,4.3,0,2.38,7.1,0,1,9.1,10,3,10,65,,2,0
109798,28,0,3.4,0,60.1,11.4,7.9,0,2.94,4.5,0,2,5.2,6,5,10,71,,2,1
109799,19,2,5.1,1,99.8,6.6,6.5,1,2.43,3.9,0,2,10.9,5,1,10,49,,2,1
109800,24,1,1.8,0,80.3,5.6,7.2,1,2.4,5.5,0,3,5.1,9,2,10,56,,2,0
109801,19,0,6.9,1,47.8,7.0,5.1,1,4.0,4.3,0,5,15.7,7,7,8,97,,3,0
109802,19,0,2.1,1,91.5,6.2,6.6,0,3.24,5.6,0,0,6.4,4,1,10,81,,3,1
109803,17,0,5.3,0,88.7,6.8,3.5,0,4.0,4.3,0,1,9.2,4,10,5,96,,1,1
109804,17,0,5.0,1,95.0,7.4,6.3,0,3.63,5.1,0,1,10.1,5,9,6,93,,1,1
109805,27,0,0.0,0,67.2,7.2,6.8,0,4.0,4.5,0,4,7.2,7,10,5,98,,2,0
109806,20,2,5.1,1,87.8,4.0,4.8,1,4.0,4.4,0,1,7.9,4,4,10,100,,2,1
109807,18,2,8.1,1,78.5,7.2,6.3,0,4.0,3.0,0,3,14.2,5,6,9,100,,2,0
109808,18,1,4.05,0,66.4,6.7,5.3,1,3.94,4.3,0,4,11.7,5,5,10,100,,2,1
109809,22,0,2.8,0,59.3,5.5,5.5,1,3.83,7.3,0,2,7.4,2,8,7,97,,2,1
109810,18,0,3.13,1,49.5,7.6,2.2,0,3.9,6.7,0,2,6.6,10,3,10,100,,3,0
109811,28,2,6.2,1,79.9,8.8,5.6,0,4.0,4.1,0,4,14.4,1,6,9,98,,2,1
109812,25,0,7.8,1,50.7,7.5,9.1,1,4.0,1.5,0,1,15.0,4,9,6,100,,1,1
109813,16,2,4.95,0,81.1,7.8,8.1,0,4.0,5.8,0,0,10.9,10,8,7,95,,3,0
109814,21,0,2.5,0,63.5,5.7,10.0,1,3.34,2.3,0,2,7.0,10,10,5,88,,1,1
109815,16,0,7.25,1,51.2,9.6,8.7,1,4.0,4.3,0,5,13.6,10,1,10,100,,3,0
109816,18,1,5.3,1,69.4,8.1,7.7,1,4.0,1.5,0,5,13.2,5,7,8,100,,3,0
109817,20,1,7.9,0,90.7,6.1,8.5,1,3.86,3.2,0,1,11.0,3,6,9,98,,0,1
109818,24,0,2.0,0,74.1,9.1,10.0,1,3.08,5.5,0,0,6.3,3,2,10,81,,2,1
109819,26,0,7.2,0,58.3,9.1,7.5,0,4.0,2.5,0,3,16.2,1,1,10,100,,2,1
109820,19,2,3.83,0,92.6,5.7,7.4,0,3.82,6.0,0,5,10.4,9,8,7,95,,3,0
109821,27,2,9.0,0,44.8,7.9,1.1,0,4.0,9.1,0,4,16.5,3,10,5,100,,2,0
109822,20,1,4.2,0,98.4,6.3,7.3,1,4.0,2.0,0,4,11.1,10,6,9,97,,0,0
109823,22,0,5.5,0,89.7,5.5,6.3,0,4.0,3.7,0,4,14.8,2,10,5,100,,1,0
109824,23,2,1.55,1,63.4,4.0,7.8,1,2.85,4.7,0,1,5.6,3,4,10,67,,2,1
109825,16,2,6.0,1,59.8,4.6,9.1,0,3.27,5.6,0,2,9.9,10,3,10,82,,2,1
109826,20,1,3.16,1,73.2,6.9,6.3,0,3.87,6.1,0,3,7.9,10,4,10,93,,1,0
109827,20,1,6.1,0,65.2,8.3,7.7,1,4.0,6.7,0,2,9.0,7,7,8,100,,2,0
109828,28,1,6.7,0,53.0,6.0,7.4,0,4.0,3.4,0,0,14.3,4,7,8,100,,2,1
109829,20,2,5.8,0,57.8,6.4,5.4,0,3.07,6.2,0,4,11.2,4,1,10,71,,3,0
109830,16,1,5.83,0,72.3,6.0,7.9,0,4.0,8.1,0,5,11.5,5,5,10,100,,1,0
109831,24,1,6.6,1,82.1,6.1,5.5,0,3.04,6.5,0,4,15.9,3,1,10,78,,2,0
109832,26,1,4.33,1,67.9,6.5,9.8,1,3.89,7.1,0,1,11.3,2,7,8,93,,1,1
109833,28,0,2.8,1,42.6,6.0,6.8,0,4.0,4.5,0,4,7.8,10,10,5,100,,2,1
109834,22,2,3.7,1,56.6,7.8,8.0,0,4.0,3.4,0,4,7.9,4,1,10,100,,3,0
109835,25,0,8.1,1,90.5,6.5,3.2,0,3.75,8.4,0,0,13.3,2,8,7,92,,2,1
109836,20,0,5.2,0,73.9,6.9,5.5,1,4.0,2.2,0,1,10.5,10,10,5,95,,2,0
109837,19,2,1.1,0,52.3,6.6,7.8,1,4.0,1.0,0,3,9.8,2,3,10,97,,2,0
109838,16,0,7.1,1,46.1,7.7,5.6,0,4.0,6.9,0,4,15.2,8,6,9,99,,1,1
109839,17,2,7.66,1,92.8,11.4,8.5,1,4.0,4.1,0,2,13.7,4,8,7,94,,1,0
109840,22,0,3.02,1,90.5,9.7,9.4,0,3.59,5.6,0,4,9.4,1,4,10,83,,1,1
109841,18,2,1.7,0,88.2,5.3,8.8,0,2.9,7.7,0,2,9.3,2,7,8,76,,2,0
109842,22,0,4.0,0,84.3,5.1,6.8,0,3.15,9.0,1,3,10.2,1,1,10,83,,2,1
109843,27,0,4.2,1,42.1,5.9,7.7,1,3.2,7.1,0,3,12.3,8,8,7,83,,2,0
109844,19,0,2.7,1,97.6,9.0,5.6,1,4.0,6.9,0,0,12.1,7,5,10,84,,3,1
109845,24,0,2.4,1,69.6,9.8,7.3,1,3.31,8.4,0,3,8.5,6,5,10,78,,1,1
109846,20,0,7.3,0,44.2,8.2,8.4,1,4.0,3.0,0,4,10.6,10,5,10,93,,0,1
109847,17,1,3.2,1,55.3,5.6,5.9,1,3.91,5.0,0,5,8.2,5,2,10,100,,0,1
109848,25,1,2.4,0,81.8,10.1,5.4,0,3.93,5.7,0,2,6.6,3,8,7,99,,0,0
109849,19,0,2.9,0,89.0,4.1,5.4,1,3.56,5.2,0,3,9.1,7,5,10,91,,3,0
109850,28,0,4.4,1,83.6,5.4,4.0,1,2.62,7.2,0,3,12.2,3,7,8,65,,3,0
109851,18,0,5.5,1,86.0,7.5,8.5,1,3.62,4.7,0,2,11.5,9,7,8,91,,0,0
109852,28,1,7.2,1,81.6,6.9,7.2,1,3.47,4.1,0,2,12.9,9,4,10,85,,1,0
109853,19,0,3.9,0,73.5,7.4,10.0,0,3.58,3.5,0,4,10.7,3,8,7,86,,2,1
109854,23,1,4.0,1,47.0,7.4,8.6,0,4.0,5.1,0,5,9.3,10,7,8,100,,1,1
109855,28,0,5.3,0,54.9,6.3,6.1,0,3.99,5.7,0,0,13.5,4,8,7,96,,2,1
109856,22,1,5.2,1,89.7,9.8,5.0,0,3.29,7.1,0,3,11.4,2,9,6,77,,3,1
109857,19,2,5.4,1,87.0,7.3,6.0,0,4.0,4.2,0,3,12.7,2,9,6,96,,3,1
109858,24,1,2.3,1,65.1,8.4,10.0,0,4.0,5.1,0,2,7.9,1,1,10,92,,2,1
109859,19,2,5.03,0,98.5,8.5,6.3,0,3.06,2.9,0,0,6.5,4,4,10,69,,0,1
109860,27,1,5.5,0,54.2,8.7,5.3,0,3.39,3.4,0,3,7.8,5,5,10,74,,1,0
109861,16,1,4.6,0,52.7,8.5,8.8,1,4.0,9.7,0,4,9.8,1,10,5,95,,3,0
109862,26,2,2.7,1,91.8,9.0,8.3,1,3.91,7.7,0,0,5.8,9,3,10,100,,1,1
109863,24,1,3.6,0,42.7,9.0,9.1,1,3.17,4.0,0,4,10.7,4,8,7,77,,2,0
109864,21,0,2.7,1,94.7,7.3,8.2,1,3.74,7.4,0,2,9.6,3,9,6,93,,1,1
109865,26,0,1.7,0,43.1,7.6,7.1,1,4.0,7.7,0,2,4.5,10,8,7,86,,1,0
109866,20,0,2.16,1,45.6,7.6,8.4,1,3.61,6.9,0,5,7.7,7,9,6,86,,1,1
109867,21,1,4.7,1,52.6,5.1,5.9,0,4.0,1.0,0,4,11.4,5,5,10,83,,1,1
109868,23,0,5.2,0,63.0,6.8,9.8,1,4.0,5.5,0,4,10.5,5,4,10,96,,3,1
109869,23,1,6.8,1,44.3,4.7,8.6,1,3.4,6.1,0,5,9.2,3,1,10,78,,1,1
109870,23,2,5.99,1,94.6,5.8,6.8,0,3.44,1.9,0,3,10.5,8,8,7,85,,2,1
109871,28,1,5.6,1,47.2,4.0,9.3,1,4.0,5.2,0,2,9.8,6,4,10,92,,3,0
109872,17,0,0.0,0,52.4,6.6,6.7,0,4.0,4.7,0,5,7.1,9,3,10,100,,3,1
109873,20,2,3.8,1,63.8,6.4,8.2,0,3.98,5.2,0,4,10.7,9,1,10,98,,2,0
109874,19,1,7.1,0,68.1,9.7,9.9,0,3.65,4.6,0,5,10.2,9,7,8,88,,1,0
109875,17,0,2.5,0,48.0,6.7,10.0,1,3.87,3.5,0,2,7.7,5,9,6,90,,1,1
109876,26,1,4.0,0,95.9,9.2,6.1,1,4.0,3.3,0,4,11.4,10,10,5,100,,2,0
109877,24,2,4.0,0,97.3,9.0,6.9,0,4.0,5.6,0,1,10.9,10,5,10,100,,3,0
109878,24,1,2.1,1,58.2,4.8,9.1,0,3.11,1.1,0,5,7.1,7,10,5,74,,0,1
109879,25,2,5.0,0,60.8,9.0,10.0,1,4.0,3.3,0,0,12.5,3,1,10,100,,2,0
109880,22,2,1.4,1,97.6,4.6,6.9,1,3.59,5.8,0,0,5.8,1,2,10,91,,1,0
109881,16,2,5.9,1,61.7,8.2,4.7,0,4.0,5.0,0,4,13.9,3,5,10,96,,1,0
109882,21,0,6.5,1,72.4,4.7,10.0,1,3.07,4.8,0,2,15.2,9,6,9,80,,2,0
109883,17,0,6.6,1,50.3,9.4,7.7,1,3.57,4.8,0,5,12.2,2,6,9,91,,1,0
109884,17,0,3.2,0,72.4,6.9,10.0,1,3.0,4.9,0,0,11.9,8,4,10,86,,2,0
109885,20,1,5.67,1,54.7,6.5,6.8,1,4.0,3.3,0,4,10.8,1,2,10,100,,2,1
109886,24,2,5.2,0,72.3,6.8,6.9,0,2.9,7.0,0,1,10.3,6,6,9,78,,1,1
109887,27,0,5.8,1,54.5,9.9,6.9,1,3.93,6.7,0,3,10.7,5,5,10,100,,2,0
109888,16,0,8.65,1,44.9,7.3,10.0,0,3.68,1.6,0,0,13.7,4,5,10,88,,0,0
109889,24,1,5.7,1,94.2,7.1,10.0,0,2.51,6.4,0,2,7.3,4,1,10,64,,2,1
109890,25,1,4.6,0,96.0,7.7,5.7,0,3.03,4.9,0,3,12.7,9,2,10,76,,2,0
109891,17,0,3.9,0,70.0,7.0,8.9,1,4.0,5.5,0,0,11.0,9,6,9,100,,3,0
109892,27,2,4.9,1,44.8,8.1,9.7,1,3.18,8.2,0,3,13.1,9,5,10,75,,1,1
109893,26,0,6.4,0,94.0,8.6,7.4,0,3.86,2.2,0,0,9.8,8,10,5,88,,2,0
109894,17,1,3.8,0,41.9,6.4,5.2,0,4.0,7.3,0,4,10.0,8,1,10,98,,1,0
109895,23,0,4.64,0,94.0,9.6,6.2,1,3.97,6.8,0,3,8.3,9,4,10,89,,1,0
109896,23,0,5.8,1,93.6,9.1,7.1,0,4.0,3.0,0,3,10.8,4,4,10,100,,1,1
109897,27,2,6.47,1,49.3,7.2,4.7,1,3.23,1.0,0,2,12.3,4,5,10,75,,1,0
109898,20,2,4.8,0,45.2,7.7,10.0,1,3.78,2.0,0,1,9.4,5,7,8,99,,2,1
109899,19,2,4.1,1,86.0,8.0,6.9,0,4.0,6.1,0,4,7.9,2,7,8,94,,0,1
109900,23,1,8.6,1,75.6,6.6,5.8,0,4.0,8.4,0,5,12.6,2,10,5,100,,3,1
109901,24,1,5.2,1,54.7,7.4,7.8,1,4.0,3.4,0,4,9.9,4,2,10,95,,3,1
109902,19,0,4.4,0,53.3,5.6,10.0,0,4.0,8.3,1,5,7.5,1,1,10,100,,0,0
109903,16,2,4.8,1,60.6,4.6,8.7,0,4.0,3.1,0,4,11.0,8,6,9,100,,2,1
109904,24,0,5.2,0,55.7,8.6,5.5,0,3.08,3.3,0,4,9.6,10,7,8,78,,0,1
109905,27,2,4.3,1,53.3,5.9,8.4,0,4.0,1.0,0,3,12.3,10,5,10,100,,3,1
109906,25,1,6.6,0,47.9,8.6,7.5,1,4.0,6.9,0,3,11.8,7,10,5,100,,2,1
109907,28,0,6.1,1,80.2,4.0,4.6,1,4.0,1.0,0,2,12.8,1,9,6,94,,1,0
109908,24,1,3.4,1,86.6,8.4,8.2,1,3.12,4.7,0,2,9.8,10,3,10,83,,2,0
109909,24,2,5.48,0,57.9,5.1,6.7,0,4.0,3.9,0,2,13.4,7,6,9,93,,2,0
109910,19,0,5.2,1,85.6,8.3,5.5,1,2.94,5.1,0,4,9.3,9,3,10,81,,2,1
109911,25,2,7.1,0,60.9,7.1,10.0,0,4.0,6.3,0,4,8.5,3,9,6,100,,2,1
109912,22,1,5.6,0,93.3,6.0,10.0,0,4.0,5.8,0,0,13.0,1,2,10,100,,2,0
109913,16,1,4.18,1,98.0,6.8,4.5,1,4.0,5.1,0,2,8.4,5,1,10,98,,0,0
109914,17,0,1.2,0,45.7,10.9,5.0,0,3.24,5.7,0,5,7.6,1,1,10,78,,1,1
109915,23,2,1.1,1,83.3,7.0,5.7,0,3.6,3.0,0,4,7.8,2,7,8,90,,2,1
109916,17,2,3.8,0,76.0,6.3,9.1,1,4.0,5.8,0,1,10.7,2,10,5,98,,2,1
109917,16,0,8.7,1,79.9,7.6,8.6,0,3.31,7.6,0,4,16.9,1,3,10,85,,1,0
109918,18,1,0.0,0,63.1,5.6,10.0,0,3.11,4.6,0,4,5.6,3,1,10,82,,0,1
109919,20,1,4.6,1,55.3,6.4,6.6,1,3.88,3.3,0,2,11.0,1,5,10,100,,0,0
109920,18,1,4.8,1,78.9,7.9,7.5,0,3.41,2.9,0,3,6.2,2,2,10,73,,2,1
109921,25,0,4.1,1,70.1,8.6,7.9,1,2.71,3.6,0,5,10.3,3,1,10,68,,1,0
109922,23,0,7.1,1,52.5,8.4,7.0,1,4.0,1.7,0,4,10.4,5,7,8,100,,2,1
109923,17,1,4.27,1,97.4,7.0,9.3,0,4.0,4.0,0,3,10.6,6,3,10,98,,2,1
109924,20,0,5.1,1,92.6,8.6,7.0,0,3.45,2.3,0,1,13.6,5,7,8,90,,1,1
109925,18,0,10.2,1,91.0,8.6,7.6,1,4.0,2.9,0,1,18.0,1,1,10,96,,3,1
109926,27,0,7.0,0,60.5,7.0,9.3,0,4.0,4.1,0,0,10.7,9,5,10,100,,2,0
109927,26,0,5.3,0,87.9,9.6,6.9,0,3.74,6.7,0,2,11.6,6,4,10,95,,2,1
109928,17,1,3.3,0,82.1,9.2,1.7,0,4.0,5.6,0,0,10.1,5,10,5,97,,1,0
109929,25,0,3.9,1,73.0,7.4,9.3,1,4.0,4.8,0,2,12.8,8,9,6,100,,2,0
109930,28,0,4.6,1,45.6,6.7,8.0,0,4.0,3.7,0,4,9.1,4,6,9,98,,1,0
109931,18,0,8.6,0,98.3,7.9,4.2,0,3.75,6.1,0,1,10.5,4,8,7,98,,2,0
109932,25,0,3.1,1,50.6,5.3,7.7,1,3.86,3.2,0,2,11.9,2,8,7,93,,0,0
109933,19,1,4.83,1,59.1,5.9,7.7,1,4.0,3.0,0,1,12.4,2,5,10,100,,1,1
109934,25,0,5.4,1,91.9,8.8,8.5,1,3.63,3.1,0,4,11.7,9,1,10,97,,0,0
109935,20,2,6.6,0,65.9,6.7,6.8,0,4.0,3.9,0,1,13.3,9,5,10,95,,2,1
109936,25,0,4.5,0,57.3,5.4,5.0,1,4.0,2.7,0,1,7.3,1,1,10,100,,2,0
109937,16,0,1.7,0,50.9,7.4,8.1,1,3.8,3.0,0,1,7.9,9,6,9,100,,1,1
109938,20,2,2.2,0,91.8,8.0,9.1,1,4.0,2.8,0,4,10.7,4,8,7,100,,0,0
109939,18,1,1.1,0,93.9,9.4,8.5,0,2.58,6.5,0,4,7.8,3,9,6,72,,2,0
109940,16,2,5.0,0,73.7,8.0,8.8,0,2.83,5.8,0,1,12.6,10,4,10,77,,1,1
109941,27,2,4.9,0,91.8,6.0,4.9,1,2.34,9.1,1,4,7.8,3,1,10,55,,2,0
109942,18,1,4.7,0,45.9,5.7,10.0,1,2.77,4.0,0,2,13.2,3,7,8,64,,0,0
109943,23,2,3.6,0,81.6,7.7,8.3,1,4.0,2.6,0,4,7.7,3,8,7,100,,1,1
109944,28,1,2.7,1,79.2,5.8,9.2,1,4.0,6.2,0,0,7.5,7,2,10,100,,2,1
109945,25,1,4.3,0,41.4,7.7,7.3,1,3.15,5.0,0,1,9.0,3,7,8,72,,3,1
109946,25,2,2.5,0,61.0,7.1,8.2,0,3.28,4.9,0,2,8.3,8,8,7,83,,2,0
109947,22,0,3.2,0,58.9,7.8,7.8,1,4.0,6.5,0,2,6.0,2,3,10,96,,2,1
109948,22,1,2.7,1,79.2,6.2,6.8,1,3.4,6.5,0,4,11.6,4,2,10,84,,2,1
109949,18,2,7.1,0,74.7,10.1,9.9,0,3.1,6.8,0,0,11.3,7,1,10,78,,2,1
109950,19,0,5.0,1,99.2,7.7,6.6,0,4.0,2.2,0,2,11.6,7,3,10,100,,3,0
109951,17,0,6.6,1,67.5,9.0,9.4,0,4.0,3.4,0,5,11.0,4,9,6,100,,2,0
109952,28,0,7.4,1,66.1,8.2,10.0,0,4.0,1.0,0,4,13.6,5,4,10,99,,3,0
109953,21,2,4.3,0,59.8,7.5,5.3,1,2.92,6.7,0,3,6.4,7,7,8,72,,1,0
109954,23,1,4.6,1,79.3,10.0,9.1,1,3.22,3.9,0,4,9.7,6,3,10,83,,1,0
109955,16,1,2.1,0,57.5,7.5,7.9,1,3.02,1.4,0,3,12.1,9,1,10,76,,1,1
109956,22,0,2.9,1,62.5,7.4,7.3,1,2.98,5.3,0,4,7.5,4,6,9,73,,2,1
109957,22,1,7.2,1,43.4,10.4,6.9,0,3.52,7.3,0,4,10.1,2,4,10,89,,2,1
109958,19,1,4.3,0,87.5,7.4,6.1,1,4.0,10.0,0,1,7.6,3,9,6,100,,1,1
109959,18,2,2.7,1,86.2,7.6,7.1,1,3.02,3.9,0,5,6.5,9,3,10,72,,2,1
109960,26,2,7.67,1,41.8,5.0,6.1,1,4.0,7.2,0,3,12.0,7,2,10,99,,2,0
109961,17,2,3.3,0,96.7,7.0,5.6,1,3.01,4.7,0,4,5.5,6,6,9,74,,2,0
109962,22,1,4.1,0,82.4,5.7,5.4,1,3.58,4.6,0,3,10.7,6,9,6,80,,1,1
109963,23,2,6.0,0,79.2,6.3,10.0,0,3.75,1.0,0,3,12.4,5,1,10,90,,3,1
109964,28,2,5.4,1,83.6,6.9,10.0,0,3.71,1.1,0,0,10.1,3,9,6,100,,0,1
109965,22,1,3.2,0,43.6,6.9,9.2,0,4.0,2.9,0,5,9.1,4,1,10,87,,3,1
109966,25,2,1.7,1,92.1,4.8,7.1,1,3.18,2.4,0,3,10.7,8,3,10,85,,1,1
109967,16,0,2.8,1,64.2,7.1,5.7,0,3.91,6.6,0,2,6.0,6,7,8,100,,1,1
109968,17,0,5.04,1,62.9,6.5,3.0,1,2.68,7.1,0,1,11.0,2,4,10,63,,2,1
109969,26,0,4.5,0,53.0,11.3,8.1,0,4.0,8.9,0,1,8.6,2,9,6,100,,2,1
109970,18,0,2.1,1,99.9,8.5,7.6,0,2.88,7.1,0,2,9.9,7,5,10,74,,1,0
109971,26,0,6.3,1,81.9,6.6,5.2,1,3.34,5.2,0,5,13.1,1,3,10,77,,1,1
109972,20,0,2.1,0,92.6,6.0,8.9,0,4.0,7.0,0,0,11.7,9,9,6,95,,3,1
109973,26,2,2.7,1,54.4,4.8,10.0,0,4.0,4.1,0,3,10.2,8,9,6,96,,3,1
109974,22,1,6.2,1,96.9,5.7,5.9,0,3.7,8.1,0,0,14.9,8,10,5,93,,1,1
109975,16,1,2.5,1,61.4,7.8,9.6,1,3.32,10.0,0,2,9.3,8,10,5,84,,2,0
109976,28,1,3.1,0,71.0,7.3,5.5,0,4.0,10.0,0,3,9.6,3,4,10,97,,1,1
109977,19,1,6.9,0,62.8,6.1,7.3,0,4.0,9.5,0,4,11.2,3,8,7,100,,2,1
109978,26,0,3.3,1,78.2,8.2,5.7,1,3.32,7.2,0,3,11.6,10,5,10,76,,1,0
109979,21,2,2.8,0,92.0,10.2,5.8,0,2.82,4.0,0,4,7.8,1,6,9,68,,1,1
109980,22,2,6.0,0,72.1,6.0,2.7,1,3.86,1.8,0,4,10.4,2,8,7,90,,2,1
109981,22,1,2.7,1,53.8,5.3,6.7,1,3.39,4.3,0,1,8.2,2,7,8,83,,1,0
109982,26,1,8.4,0,87.0,7.3,10.0,0,4.0,5.0,0,1,12.9,9,1,10,99,,2,0
109983,20,1,2.7,1,44.3,4.9,5.6,1,2.39,10.0,0,3,6.6,1,6,9,61,,3,1
109984,22,2,7.2,0,85.7,7.3,3.4,1,3.72,5.5,0,4,12.8,9,3,10,80,,2,1
109985,18,0,5.3,0,87.1,5.5,2.4,1,4.0,5.2,0,1,13.2,2,9,6,100,,1,1
109986,18,0,3.2,1,91.4,6.5,8.4,1,4.0,4.7,0,3,7.2,4,9,6,100,,1,1
109987,24,2,3.4,0,57.0,6.3,3.8,0,3.25,6.9,0,1,5.1,6,5,10,78,,2,1
109988,25,1,3.9,0,41.2,8.3,7.4,0,3.12,5.2,0,5,7.3,5,1,10,79,,3,0
109989,22,2,6.0,0,40.0,6.9,6.6,1,4.0,6.7,0,2,12.3,5,9,6,100,,3,1
109990,28,1,5.3,0,88.9,9.2,7.7,1,3.74,2.5,0,4,12.8,2,5,10,100,,2,1
109991,26,2,4.5,0,84.1,7.6,6.5,1,3.46,1.6,0,4,8.7,6,6,9,96,,2,0
109992,23,1,3.8,1,70.5,9.3,6.2,0,3.73,5.8,0,2,8.0,6,6,9,92,,2,1
109993,21,0,2.1,1,54.5,9.5,10.0,1,2.92,5.6,0,3,9.5,5,1,10,79,,1,0
109994,20,0,2.8,0,95.1,5.6,9.1,0,2.87,4.3,0,2,9.6,10,4,10,79,,3,0
109995,28,0,5.67,0,50.9,8.8,8.3,1,3.44,1.0,0,1,8.8,6,4,10,83,,0,1
109996,25,0,5.78,0,46.7,7.4,8.6,1,3.33,3.2,0,2,13.6,10,1,10,88,,2,0
109997,16,2,3.6,0,87.7,4.0,7.0,1,2.69,5.7,0,1,11.6,3,8,7,70,,2,0
109998,21,1,2.5,1,55.0,5.1,10.0,1,4.0,2.6,0,3,6.5,1,8,7,99,,1,0
109999,23,2,1.0,0,44.5,9.8,6.0,1,2.84,6.3,0,5,6.3,3,1,10,70,,0,1
